route_id,year,month,weekend,is_cbd_segment,weight_distance,weight_travel_time,bus_trip_count,road_distance,avg_speed_mph,year_month
M1,2023,1,0,False,21019.169,3513.1425749,14527,1323.4950000000001,5.98301052458661,2023-01
M1,2023,1,0,True,12777.439,2157.2475132,9471,896.519,5.923028730739529,2023-01
M1,2023,1,1,False,6446.675000000001,799.0455639,4460,417.80100000000004,8.06796920132429,2023-01
M1,2023,1,1,True,4357.861,598.1297242,3156,282.73600000000005,7.285812464559673,2023-01
M1,2023,2,0,False,19769.731000000003,3306.6422761,13669,1288.374,5.978793395007729,2023-02
M1,2023,2,0,True,12058.630000000001,2076.9978051,8930,876.774,5.805798143065164,2023-02
M1,2023,2,1,False,5859.893000000001,724.6447382,4049,417.80100000000004,8.086573587156423,2023-02
M1,2023,2,1,True,3917.2450000000003,553.9377951,2840,282.73600000000005,7.071633375897084,2023-02
M1,2023,3,0,False,22577.27,3852.0405754,15599,1260.553,5.861119465922436,2023-03
M1,2023,3,0,True,13618.593,2369.9844714,10106,865.11,5.746279422647529,2023-03
M1,2023,3,1,False,5505.55,700.2952899,3815,417.80100000000004,7.861755004501282,2023-03
M1,2023,3,1,True,3516.9240000000004,488.9261243,2548,282.73600000000005,7.193160326696006,2023-03
M1,2023,4,0,False,19769.5,3444.0845036,13680,1258.4540000000002,5.74013209586917,2023-04
M1,2023,4,0,True,11954.317000000001,2110.2858752,8849,866.141,5.6647855821273705,2023-04
M1,2023,4,1,False,7183.191000000001,937.8977852,4968,417.80100000000004,7.658820730095057,2023-04
M1,2023,4,1,True,4664.763,671.5038932,3367,282.73600000000005,6.946740066942027,2023-04
M1,2023,5,0,False,22234.098,3932.7661294,15360,1286.3300000000002,5.653552046684284,2023-05
M1,2023,5,0,True,13422.11,2326.4706093,9930,885.022,5.769301338407414,2023-05
M1,2023,5,1,False,5424.979,726.7083484,3749,417.80100000000004,7.46513922943671,2023-05
M1,2023,5,1,True,3383.5480000000002,493.60195120000003,2443,282.73600000000005,6.854810828389611,2023-05
M1,2023,6,0,False,21448.089,3713.4241789,14834,1278.1090000000002,5.775825213254633,2023-06
M1,2023,6,0,True,12911.237000000001,2264.6399846,9574,856.862,5.701231581089695,2023-06
M1,2023,6,1,False,5214.633000000001,692.4658372,3589,417.80100000000004,7.5305274569002245,2023-06
M1,2023,6,1,True,3158.1530000000002,450.9566789,2307,282.73600000000005,7.003229240785506,2023-06
M1,2023,7,0,False,18476.372000000003,3059.5639556,11897,1197.237,6.0388905962178745,2023-07
M1,2023,7,0,True,13828.999,2450.6116851,11032,976.464,5.6430804945891255,2023-07
M1,2023,7,1,False,6459.887000000001,832.52723,4189,401.68100000000004,7.75937022504357,2023-07
M1,2023,7,1,True,5104.469,722.7908444,3952,349.59200000000004,7.062166101781906,2023-07
M1,2023,8,0,False,21094.725000000002,3496.0203426,13574,1156.6490000000001,6.033925129941263,2023-08
M1,2023,8,0,True,15262.925000000001,2726.562821,12120,941.087,5.597862951275093,2023-08
M1,2023,8,1,False,4794.023,649.149464,3080,384.75500000000005,7.385083506746915,2023-08
M1,2023,8,1,True,3577.2850000000003,519.4444544,2800,315.78200000000004,6.886751739667817,2023-08
M1,2023,9,0,False,18001.575,3079.9936399,11583,1213.1360000000002,5.844679276865152,2023-09
M1,2023,9,0,True,12952.630000000001,2485.8063968,10376,972.5350000000001,5.210635074667936,2023-09
M1,2023,9,1,False,5614.744000000001,731.0310976,3614,384.75500000000005,7.680581603755841,2023-09
M1,2023,9,1,True,4165.3820000000005,626.7305728,3271,315.78200000000004,6.6462084040205935,2023-09
M1,2023,10,0,False,19528.548000000003,3296.1206059,12587,1194.8500000000001,5.924706749214283,2023-10
M1,2023,10,0,True,14404.436000000002,2692.6905937,11564,945.096,5.349458282990845,2023-10
M1,2023,10,1,False,5215.452,669.4747565,3357,384.75500000000005,7.790363937344365,2023-10
M1,2023,10,1,True,4019.0620000000004,617.6544564,3134,315.78200000000004,6.506974827681338,2023-10
M1,2023,11,0,False,19044.123000000003,3192.2725552,12256,1227.844,5.965694554801842,2023-11
M1,2023,11,0,True,14032.258000000002,2569.5703349,11241,974.4760000000001,5.460935553860251,2023-11
M1,2023,11,1,False,4432.089000000001,553.1116766,2842,384.75500000000005,8.01300928457022,2023-11
M1,2023,11,1,True,3719.155,549.7080617,2905,315.78200000000004,6.76569120798106,2023-11
M1,2023,12,0,False,18313.686,3025.9442277,11794,1230.432,6.052221925425279,2023-12
M1,2023,12,0,True,13437.106000000002,2492.163957,10777,986.9490000000001,5.391742370022568,2023-12
M1,2023,12,1,False,5719.9130000000005,728.7727914,3684,384.75500000000005,7.848691756194454,2023-12
M1,2023,12,1,True,4482.492,732.7288722,3497,315.78200000000004,6.117531559171991,2023-12
M1,2024,1,0,False,21073.644,3504.8858607,13570,1244.4830000000002,6.012647725935117,2024-01
M1,2024,1,0,True,15752.78,2696.1217536,12620,963.2560000000001,5.842755424144359,2024-01
M1,2024,1,1,False,5505.362000000001,684.7497338,3542,384.75500000000005,8.03996223473961,2024-01
M1,2024,1,1,True,4456.273,615.831967,3480,315.78200000000004,7.236183307775578,2024-01
M1,2024,2,0,False,19062.675000000003,3206.2544930999998,12275,1197.0490000000002,5.945465352492672,2024-02
M1,2024,2,0,True,14215.809000000001,2484.2997492,11393,963.2560000000001,5.722259966647668,2024-02
M1,2024,2,1,False,5470.917,688.5572493,3515,384.75500000000005,7.945478760933583,2024-02
M1,2024,2,1,True,4509.5,642.0116907,3517,315.78200000000004,7.024015396173221,2024-02
M1,2024,3,0,False,19371.138000000003,3272.3814815,12462,1153.101,5.919584287318673,2024-03
M1,2024,3,0,True,14389.221000000001,2575.4375659,11546,935.0960000000001,5.587097583152482,2024-03
M1,2024,3,1,False,6314.133000000001,812.1524994,4073,526.975,7.774565743089801,2024-03
M1,2024,3,1,True,4985.627,712.7966696,3887,439.362,6.994458886568289,2024-03
M1,2024,4,0,False,20620.758,3495.7495128,13261,1151.395,5.898808803232397,2024-04
M1,2024,4,0,True,15135.71,2784.5508825,12216,939.81,5.435601875736238,2024-04
M1,2024,4,1,False,4938.321,646.1414024000001,3172,385.25800000000004,7.642786829101666,2024-04
M1,2024,4,1,True,3827.524,584.4613998,3017,313.527,6.548805449444157,2024-04
M1,2024,5,0,False,20638.56,3583.811158,13272,1211.31,5.758830220149675,2024-05
M1,2024,5,0,True,15232.687,2775.5955863,12289,964.726,5.488078693879857,2024-05
M1,2024,5,1,False,4940.231,659.6069345,3164,385.25800000000004,7.48965897962372,2024-05
M1,2024,5,1,True,3822.3909999999996,559.6111259,3016,313.527,6.830441395982973,2024-05
M1,2024,6,0,False,18182.708,3050.2395035,11690,1185.702,5.961075508705541,2024-06
M1,2024,6,0,True,13416.643,2459.0611529,10833,938.3499999999999,5.456002175536625,2024-06
M1,2024,6,1,False,5999.182,793.4238994,3877,385.25800000000004,7.561130947198186,2024-06
M1,2024,6,1,True,4347.968,621.7147308,3438,313.527,6.993509699223617,2024-06
M1,2024,7,0,False,20832.467,3411.9961527,13386,1227.128,6.105653719308779,2024-07
M1,2024,7,0,True,15462.289999999999,2761.8908648,12470,966.1859999999999,5.598443514573733,2024-07
M1,2024,7,1,False,5256.423,693.0030854,3372,385.25800000000004,7.584992203845676,2024-07
M1,2024,7,1,True,4205.829,608.6877999,3306,313.527,6.90966535010389,2024-07
M1,2024,8,0,False,20030.653000000002,3311.6464463,12878,1393.088,6.048548154160486,2024-08
M1,2024,8,0,True,14781.223,2650.0028045,11936,1006.545,5.577814096988817,2024-08
M1,2024,8,1,False,5093.5560000000005,671.3908418,3278,488.158,7.5865735468541216,2024-08
M1,2024,8,1,True,3401.6719999999996,489.4027917,2680,344.66999999999996,6.950659166009002,2024-08
M1,2024,9,0,False,18599.441000000003,3172.9881401,11976,1228.91,5.8618060259796065,2024-09
M1,2024,9,0,True,13582.645999999999,2620.0114173,10947,970.8309999999999,5.184193439125284,2024-09
M1,2024,9,1,False,5542.525000000001,749.5397251,3571,384.64300000000003,7.39457138080379,2024-09
M1,2024,9,1,True,3913.1199999999994,602.3247429,3119,314.14199999999994,6.496694758311911,2024-09
M1,2024,10,0,False,21016.24,3614.1028105,13545,1178.271,5.81506423639688,2024-10
M1,2024,10,0,True,15439.358999999999,2899.3303429000002,12458,941.386,5.325146559380009,2024-10
M1,2024,10,1,False,5044.093000000001,668.0516831,3244,384.64300000000003,7.550453247260146,2024-10
M1,2024,10,1,True,3575.8009999999995,568.2619588,2802,314.14199999999994,6.292522215548312,2024-10
M1,2024,11,0,False,18893.259000000002,3167.090892,12181,1209.992,5.965493143163004,2024-11
M1,2024,11,0,True,13725.97,2508.974482,11059,965.8319999999999,5.470749144111861,2024-11
M1,2024,11,1,False,5477.836,711.4291839,3525,384.64300000000003,7.699762849157979,2024-11
M1,2024,11,1,True,4509.486999999999,707.0510893000001,3541,314.14199999999994,6.3778799979850325,2024-11
M1,2024,12,0,False,19392.15,3170.118653,12485,1248.406,6.117168510916302,2024-12
M1,2024,12,0,True,14271.918999999998,2713.5358636,11487,986.295,5.259528422471519,2024-12
M1,2024,12,1,False,5716.982000000001,725.3286392,3675,384.64300000000003,7.881919575525842,2024-12
M1,2024,12,1,True,4361.364,728.3036296,3426,314.14199999999994,5.988387017095266,2024-12
M1,2025,1,0,False,21017.737,3482.1016934,13540,1218.491,6.035934286421665,2025-01
M1,2025,1,0,True,15585.576000000001,2667.317538,12547,963.382,5.843164819321187,2025-01
M1,2025,1,1,False,5343.0380000000005,676.0808539,3440,384.64300000000003,7.902957122921715,2025-01
M1,2025,1,1,True,4303.486,595.4652659,3373,314.142,7.227098281703487,2025-01
M1,2025,2,0,False,13433.351,2251.3505962,8660,1209.0720000000001,5.9667965632158,2025-02
M1,2025,2,0,True,10005.368,1746.8380745,8054,1039.542,5.727702038360855,2025-02
M1,2025,2,1,False,3483.0620000000004,451.0722434,2239,384.64300000000003,7.721738703641104,2025-02
M1,2025,2,1,True,2784.676,397.4816744,2183,314.142,7.005797196068167,2025-02
M1,2025,3,0,False,18971.561,3172.2481235,12236,1204.925,5.980478279570492,2025-03
M1,2025,3,0,True,13669.286,2399.9930876,11068,958.913,5.695552237473036,2025-03
M1,2025,3,1,False,6357.585,820.2714033,4108,384.64300000000003,7.750587152524229,2025-03
M1,2025,3,1,True,5058.295,720.4658402,3988,331.19,7.020867219181171,2025-03
M1,2025,4,0,False,19397.506,3269.5167225,12497,1212.285,5.932835842836097,2025-04
M1,2025,4,0,True,14103.791000000001,2494.3483456,11380,954.675,5.654298857206098,2025-04
M1,2025,4,1,False,5147.108,679.5330796,3313,384.64300000000003,7.574477467719145,2025-04
M1,2025,4,1,True,3975.677,593.2163962,3118,314.142,6.701900057832556,2025-04
M1,2025,5,0,False,18716.934,3246.167844,12055,1257.2820000000002,5.765855279046995,2025-05
M1,2025,5,0,True,13645.336,2419.2238963,10998,975.211,5.6403774867094345,2025-05
M1,2025,5,1,False,5233.6630000000005,703.514473,3375,384.64300000000003,7.439311060200464,2025-05
M1,2025,5,1,True,3976.554,591.0400033,3141,314.142,6.7280623609187105,2025-05
M1,2025,6,0,False,19228.371,3247.7817008,12387,1169.395,5.92046287940585,2025-06
M1,2025,6,0,True,14178.478000000001,2539.7103322,11425,940.075,5.582714619158174,2025-06
M1,2025,6,1,False,5349.534000000001,711.0547537,3467,384.64300000000003,7.5233784348722805,2025-06
M1,2025,6,1,True,3886.299,562.9475101,3064,314.142,6.903483771177266,2025-06
M1,2025,7,0,False,21234.195,3482.1578033,13685,1211.903,6.0979990567563025,2025-07
M1,2025,7,0,True,15776.286,2809.6103418,12697,969.371,5.615115293849891,2025-07
M1,2025,7,1,False,5132.701,675.669201,3295,384.64300000000003,7.596470273328323,2025-07
M1,2025,7,1,True,3955.198,570.2152705,3104,314.142,6.936324235111834,2025-07
M1,2025,8,0,False,19616.772,3199.2898181,12640,1152.577,6.131602047747598,2025-08
M1,2025,8,0,True,14535.364,2559.8525405,11704,937.155,5.678203634792533,2025-08
M1,2025,8,1,False,6239.4890000000005,833.8600102,4007,384.64300000000003,7.482657668765611,2025-08
M1,2025,8,1,True,4028.607,601.1036257,3152,314.142,6.7020174687993075,2025-08
M1,2025,9,0,False,19624.708000000002,3311.0042279,12643,1245.049,5.9271165631965825,2025-09
M1,2025,9,0,True,14011.739,2640.4155963,11311,967.9110000000001,5.30664150735762,2025-09
M1,2025,9,1,False,4829.964,660.65944,3124,384.64300000000003,7.310822653196327,2025-09
M1,2025,9,1,True,3285.172,496.8575068,2626,314.142,6.61189969969072,2025-09
M10,2023,1,0,False,16675.888,2749.1028331,14887,1095.584,6.065938239638562,2023-01
M10,2023,1,0,True,555.3340000000002,98.8458429,1643,35.49000000000001,5.61818265399202,2023-01
M10,2023,1,1,False,6718.525000000001,979.3258332,5990,407.789,6.860357168407227,2023-01
M10,2023,1,1,True,224.77000000000007,37.419437099999996,665,13.858000000000004,6.006771277700489,2023-01
M10,2023,2,0,False,14852.855,2472.1000778,13251,1093.954,6.008193249691584,2023-02
M10,2023,2,0,True,496.8600000000001,89.5561173,1470,35.49000000000001,5.548029715665221,2023-02
M10,2023,2,1,False,5919.619000000001,869.4972264,5284,407.789,6.808094172432429,2023-02
M10,2023,2,1,True,198.06800000000004,32.5644453,586,13.858000000000004,6.082339133226385,2023-02
M10,2023,3,0,False,17327.558,2941.6200776,15454,1093.954,5.890481280008517,2023-03
M10,2023,3,0,True,573.9240000000001,104.50889240000001,1698,35.49000000000001,5.4916283851076395,2023-03
M10,2023,3,1,False,5944.92,884.2769499,5306,407.789,6.722916390246621,2023-03
M10,2023,3,1,True,197.73000000000005,33.5619466,585,13.858000000000004,5.891493790768383,2023-03
M10,2023,4,0,False,14966.216,2565.4706839,13361,1093.954,5.833711565648657,2023-04
M10,2023,4,0,True,500.5780000000001,94.0941701,1481,35.49000000000001,5.3199682771844765,2023-04
M10,2023,4,1,False,7599.086,1142.5597807,6780,407.789,6.650930768230218,2023-04
M10,2023,4,1,True,254.51400000000007,43.1244554,753,13.858000000000004,5.901848443980583,2023-04
M10,2023,5,0,False,17129.553,2983.9833841,15294,1094.413,5.740498788054227,2023-05
M10,2023,5,0,True,572.9100000000001,112.455834,1695,35.49000000000001,5.094533379210901,2023-05
M10,2023,5,1,False,5849.546,919.6147447,5217,407.789,6.360865823120594,2023-05
M10,2023,5,1,True,192.66000000000005,34.1274931,570,13.858000000000004,5.645301851954665,2023-05
M10,2023,6,0,False,16386.328,2809.449751,14643,1094.413,5.832575576113232,2023-06
M10,2023,6,0,True,542.1520000000002,104.7433345,1604,35.49000000000001,5.176004779569054,2023-06
M10,2023,6,1,False,5660.418000000001,888.3647272000001,5053,407.789,6.371727542403487,2023-06
M10,2023,6,1,True,187.59000000000003,32.6438866,555,13.858000000000004,5.74655837702855,2023-06
M10,2023,7,0,False,15857.588,2662.9575968,14210,1092.263,5.9548781471607395,2023-07
M10,2023,7,0,True,530.9980000000002,97.0933446,1571,35.49000000000001,5.468943336822699,2023-07
M10,2023,7,1,False,7432.653,1119.7625374,6581,541.373,6.637704648753505,2023-07
M10,2023,7,1,True,250.12000000000006,40.6638864,740,13.858000000000004,6.1509123240123955,2023-07
M10,2023,8,0,False,17474.582,2933.2478658,15670,1088.965,5.957417442877459,2023-08
M10,2023,8,0,True,584.7400000000001,106.6969317,1730,35.49000000000001,5.4803825253767835,2023-08
M10,2023,8,1,False,5530.177,860.7500477,4964,406.189,6.424834961992881,2023-08
M10,2023,8,1,True,190.97000000000006,29.9502754,565,13.858000000000004,6.3762351914800774,2023-08
M10,2023,9,0,False,15621.422,2690.5333764,14010,1088.965,5.806068840112977,2023-09
M10,2023,9,0,True,523.2240000000002,102.8797231,1548,35.49000000000001,5.085783517238103,2023-09
M10,2023,9,1,False,6262.309,959.9383394,5618,406.189,6.523657554832318,2023-09
M10,2023,9,1,True,210.91200000000003,37.5016703,624,13.858000000000004,5.62406949644587,2023-09
M10,2023,10,0,False,16515.763,2847.1870235,14804,1091.054,5.800729935786741,2023-10
M10,2023,10,0,True,553.9820000000001,104.5705593,1639,35.49000000000001,5.2976861146041525,2023-10
M10,2023,10,1,False,6187.487,945.525843,5552,406.189,6.543963917864062,2023-10
M10,2023,10,1,True,207.87000000000003,36.8138919,615,13.858000000000004,5.646509762256351,2023-10
M10,2023,11,0,False,16281.969000000001,2778.8903843,14557,1088.965,5.859162020923476,2023-11
M10,2023,11,0,True,527.2800000000001,96.40000479999999,1560,35.49000000000001,5.4697092712177975,2023-11
M10,2023,11,1,False,5368.578,809.795564,4769,406.189,6.629547306337184,2023-11
M10,2023,11,1,True,173.05600000000004,31.1880602,512,13.858000000000004,5.548790110389746,2023-11
M10,2023,12,0,False,15277.337,2570.9456472,13701,1088.965,5.942302598516015,2023-12
M10,2023,12,0,True,511.3940000000001,94.5205654,1513,35.49000000000001,5.410399290734672,2023-12
M10,2023,12,1,False,6791.588,1035.0583256,6076,406.189,6.561551008309671,2023-12
M10,2023,12,1,True,225.10800000000006,40.1997224,666,13.858000000000004,5.599740161389773,2023-12
M10,2024,1,0,False,16998.998,2849.3095034,15237,1088.965,5.966006142791993,2024-01
M10,2024,1,0,True,570.2060000000001,106.0688968,1687,35.49000000000001,5.375807774027872,2024-01
M10,2024,1,1,False,6045.155,881.3844878,5416,406.189,6.858703645998069,2024-01
M10,2024,1,1,True,195.02600000000004,32.0950048,577,13.858000000000004,6.076521914089262,2024-01
M10,2024,2,0,False,15357.550000000001,2596.0389357,13761,1088.965,5.915762583067333,2024-02
M10,2024,2,0,True,509.02800000000013,113.7250153,1506,35.49000000000001,4.475954552806291,2024-02
M10,2024,2,1,False,5872.735,870.2877854,5265,406.189,6.748037946207397,2024-02
M10,2024,2,1,True,196.71600000000004,43.6958326,582,13.858000000000004,4.501939619752205,2024-02
M10,2024,3,0,False,15879.441,2693.1153502,14236,1088.965,5.8963092683054725,2024-03
M10,2024,3,0,True,529.9840000000002,108.8588946,1568,35.49000000000001,4.868541077395803,2024-03
M10,2024,3,1,False,7367.571,1108.602237,6600,406.189,6.645820073336186,2024-03
M10,2024,3,1,True,243.02200000000005,47.7330663,719,13.858000000000004,5.0912714987262415,2024-03
M10,2024,4,0,False,16654.937,2842.676737,14935,1088.965,5.858892354245204,2024-04
M10,2024,4,0,True,556.3480000000002,135.7586197,1646,35.49000000000001,4.098067594009283,2024-04
M10,2024,4,1,False,5855.378,901.6208529,5251,406.189,6.4942796976873245,2024-04
M10,2024,4,1,True,195.70200000000006,46.8197244,579,13.858000000000004,4.179904997475809,2024-04
M10,2024,5,0,False,16811.07,2909.301415,15074,1088.965,5.778387180277778,2024-05
M10,2024,5,0,True,561.4180000000001,135.7783377,1661,35.49000000000001,4.134812736037791,2024-05
M10,2024,5,1,False,5056.455,784.0205537,4540,406.189,6.449390868820024,2024-05
M10,2024,5,1,True,170.01400000000004,40.8655661,503,13.858000000000004,4.160324112089078,2024-05
M10,2024,6,0,False,14968.747000000001,2560.813641,13422,1088.965,5.845308990995022,2024-06
M10,2024,6,0,True,499.56400000000014,114.4238917,1478,35.49000000000001,4.365906390509528,2024-06
M10,2024,6,1,False,6589.401,1016.6436402,5915,406.189,6.481524832736567,2024-06
M10,2024,6,1,True,223.08000000000004,50.2650038,660,13.858000000000004,4.438077850100551,2024-06
M10,2024,7,0,False,17225.341,2901.5186904,15446,1088.965,5.936663808850162,2024-07
M10,2024,7,0,True,573.5860000000001,130.4980569,1697,35.49000000000001,4.395360464558765,2024-07
M10,2024,7,1,False,5983.3910000000005,908.5950306,5365,406.189,6.585322171582654,2024-07
M10,2024,7,1,True,200.43400000000005,49.6272202,593,13.858000000000004,4.038791598486511,2024-07
M10,2024,8,0,False,15957.129,2690.0728318,14157,1369.882,5.931857610458322,2024-08
M10,2024,8,0,True,533.7020000000001,112.8786202,1579,56.78400000000001,4.728105278522887,2024-08
M10,2024,8,1,False,6373.947,992.4816864000001,5577,583.429,6.422231349295757,2024-08
M10,2024,8,1,True,211.92600000000004,49.5936132,627,27.716000000000008,4.273251863004005,2024-08
M10,2024,9,0,False,15669.175,2663.8122907,14045,1088.965,5.882236918383777,2024-09
M10,2024,9,0,True,516.1260000000001,116.7647207,1527,35.49000000000001,4.420222109091211,2024-09
M10,2024,9,1,False,6366.185,982.6997301,5712,406.189,6.478260657863592,2024-09
M10,2024,9,1,True,212.26400000000004,46.771673,628,13.858000000000004,4.5383024892011035,2024-09
M10,2024,10,0,False,17164.374,2910.6589157,15388,1088.965,5.89707502566375,2024-10
M10,2024,10,0,True,570.2060000000001,127.6463969,1687,35.49000000000001,4.467074777259147,2024-10
M10,2024,10,1,False,5688.221,865.948629,5102,406.189,6.568774185333342,2024-10
M10,2024,10,1,True,188.26600000000005,45.0986168,557,13.858000000000004,4.174540448433444,2024-10
M10,2024,11,0,False,14879.795,2505.7394679,13327,1088.965,5.938284961632663,2024-11
M10,2024,11,0,True,483.6780000000001,109.9902764,1431,35.49000000000001,4.397461446873863,2024-11
M10,2024,11,1,False,6059.842,936.60947,5406,406.189,6.469977289467295,2024-11
M10,2024,11,1,True,185.90000000000003,43.623058199999996,550,13.858000000000004,4.26150773629163,2024-11
M10,2024,12,0,False,16048.062,2639.6461303,14381,1088.965,6.079626286185608,2024-12
M10,2024,12,0,True,528.9700000000001,113.3286112,1565,35.49000000000001,4.667576831648319,2024-12
M10,2024,12,1,False,6380.488,931.0689287,5716,406.189,6.852863201985188,2024-12
M10,2024,12,1,True,213.95400000000006,49.7294484,633,13.858000000000004,4.302360208765156,2024-12
M10,2025,1,0,False,17350.51,2869.9233756,15552,1088.965,6.045635276367829,2025-01
M10,2025,1,0,True,578.3180000000001,97.875288,1711,35.49,5.908723354152482,2025-01
M10,2025,1,1,False,5817.296,885.6661289,5211,406.189,6.568271959575895,2025-01
M10,2025,1,1,True,195.026,35.4155613,577,13.858,5.5067883393958805,2025-01
M10,2025,2,0,False,13111.11,2183.1128025,11597,1130.761,6.005695163798116,2025-02
M10,2025,2,0,True,503.62,86.7366702,1490,35.49,5.8063100513166805,2025-02
M10,2025,2,1,False,4676.649,703.8958649,4128,406.189,6.643950097170119,2025-02
M10,2025,2,1,True,182.52,30.309999,540,13.858,6.021775190424783,2025-02
M10,2025,3,0,False,15762.857,2646.2681113,14129,1088.965,5.956636416654083,2025-03
M10,2025,3,0,True,526.2660000000001,89.7672383,1557,35.49,5.862561998857885,2025-03
M10,2025,3,1,False,7383.023999999999,1119.9627932,6617,406.189,6.592204709680527,2025-03
M10,2025,3,1,True,242.68400000000003,41.6216664,718,13.858,5.830713207580752,2025-03
M10,2025,4,0,False,16203.057999999999,2731.0786432,14528,1092.703,5.9328419708247235,2025-04
M10,2025,4,0,True,538.772,89.5591694,1594,35.49,6.0158217590615575,2025-04
M10,2025,4,1,False,5956.376,893.1683708,5343,406.189,6.668816535302237,2025-04
M10,2025,4,1,True,200.096,31.0144508,592,13.858,6.451702185227798,2025-04
M10,2025,5,0,False,15935.187,2676.9048322,14292,1088.965,5.952840313304583,2025-05
M10,2025,5,0,True,526.942,84.8877884,1559,35.49,6.207512410583663,2025-05
M10,2025,5,1,False,6355.855,983.3650085,5703,406.189,6.463373157536955,2025-05
M10,2025,5,1,True,209.89800000000002,32.8147193,621,13.858,6.39645879890248,2025-05
M10,2025,6,0,False,15210.75,2581.0289403,13666,1088.965,5.89328920823027,2025-06
M10,2025,6,0,True,506.66200000000003,84.4294618,1499,35.49,6.001009472264575,2025-06
M10,2025,6,1,False,6299.2789999999995,961.7758488,5660,406.189,6.549633168538761,2025-06
M10,2025,6,1,True,210.574,33.9488872,623,13.858,6.202677535775017,2025-06
M10,2025,7,0,False,17317.277,2838.0472947,15531,1088.965,6.101828194455987,2025-07
M10,2025,7,0,True,573.586,97.7808403,1697,35.49,5.866036722942747,2025-07
M10,2025,7,1,False,5914.497,912.6939381,5303,406.189,6.480263265813401,2025-07
M10,2025,7,1,True,197.73000000000002,32.5183349,585,13.858,6.080569641959128,2025-07
M10,2025,8,0,False,15683.172,2554.7325558,14076,1088.965,6.13887037388495,2025-08
M10,2025,8,0,True,519.844,84.9322367,1538,35.49,6.1206912733996095,2025-08
M10,2025,8,1,False,6964.848,1101.9433542,6243,406.189,6.32051363933894,2025-08
M10,2025,8,1,True,231.192,36.9016632,684,13.858,6.265083466481803,2025-08
M10,2025,9,0,False,16488.051,2727.5506055,14784,1088.965,6.0450027826257315,2025-09
M10,2025,9,0,True,552.9680000000001,94.5177931,1636,35.49,5.850411672381716,2025-09
M10,2025,9,1,False,5926.6939999999995,918.7211408000001,5311,406.189,6.4510260369530394,2025-09
M10,2025,9,1,True,197.73000000000002,31.3486084,585,13.858,6.30745701617811,2025-09
M100,2023,1,0,False,28692.864999999998,4665.751426,23553,1428.3319999999999,6.1496771645631165,2023-01
M100,2023,1,1,False,8622.291,1286.2619823,7091,487.738,6.703370789660009,2023-01
M100,2023,2,0,False,25580.259,4186.5328333,21017,1299.54,6.110129794404735,2023-02
M100,2023,2,1,False,7600.308,1156.4350441,6250,487.738,6.572187550676458,2023-02
M100,2023,3,0,False,30300.559,5057.9539595,24868,1299.54,5.990675131213599,2023-03
M100,2023,3,1,False,7893.865,1211.7756464,6492,487.738,6.514295796793297,2023-03
M100,2023,4,0,False,26492.159,4346.5300676,21670,1304.71,6.095013398728893,2023-04
M100,2023,4,1,False,9834.429,1491.4005981,8051,598.577,6.594089483756926,2023-04
M100,2023,5,0,False,29883.097999999998,4957.1864097,24397,1304.71,6.028237699822241,2023-05
M100,2023,5,1,False,7501.398999999999,1158.8994478,6133,489.618,6.472864418255011,2023-05
M100,2023,6,0,False,28015.081,4616.8331208,22822,1304.71,6.068029808958218,2023-06
M100,2023,6,1,False,7460.267,1152.9853003,6099,489.618,6.470392118666979,2023-06
M100,2023,7,0,False,26465.990999999998,4291.0097546,21599,1304.71,6.16777693679867,2023-07
M100,2023,7,1,False,9379.194,1460.7413969,7667,489.618,6.420844935253166,2023-07
M100,2023,8,0,False,30293.361,4936.4633828,24703,1304.71,6.13665262980587,2023-08
M100,2023,8,1,False,7082.898,1110.269738,5798,489.618,6.379438939548941,2023-08
M100,2023,9,0,False,26872.495,4483.8825503,21929,1304.047,5.9931308856879095,2023-09
M100,2023,9,1,False,8791.505,1365.2644776,7191,489.618,6.439415325193692,2023-09
M100,2023,10,0,False,28656.243,4753.9064195,23402,1304.71,6.027935863957113,2023-10
M100,2023,10,1,False,8319.152,1261.8527733,6795,489.618,6.592807161047588,2023-10
M100,2023,11,0,False,28516.547,4692.297036,23265,1304.71,6.077310703311579,2023-11
M100,2023,11,1,False,7462.460999999999,1142.2300283,6096,489.618,6.53323832775304,2023-11
M100,2023,12,0,False,26714.612999999998,4328.9380749,21816,1304.71,6.171170050894552,2023-12
M100,2023,12,1,False,9250.557999999999,1399.9211336,7562,489.618,6.607913673116363,2023-12
M100,2024,1,0,False,30051.747,4832.3608792,24588,1304.71,6.218854044893907,2024-01
M100,2024,1,1,False,7718.583,1140.915049,6316,489.618,6.765256542777007,2024-01
M100,2024,2,0,False,27220.310999999998,4491.2836664,22231,1304.71,6.06069734664934,2024-02
M100,2024,2,1,False,7679.351,1190.9178241,6282,489.618,6.448262713511267,2024-02
M100,2024,3,0,False,27575.857,4542.9083658,22478,1304.71,6.0700887580293355,2024-03
M100,2024,3,1,False,9627.588,1490.4119921,7874,631.198,6.459682323432373,2024-03
M100,2024,4,0,False,29071.567,4860.0459336,23868,1297.23,5.981747373828977,2024-04
M100,2024,4,1,False,7471.459,1199.3591779,6144,486.898,6.229542523768433,2024-04
M100,2024,5,0,False,29120.203,4983.6272509,23907,1297.23,5.8431743655669965,2024-05
M100,2024,5,1,False,7503.464,1210.0291867,6166,486.898,6.201060340092703,2024-05
M100,2024,6,0,False,25531.707000000002,4317.8783697,20982,1492.654,5.913021353071117,2024-06
M100,2024,6,1,False,9460.93,1516.3872742,7783,670.677,6.239125163452258,2024-06
M100,2024,7,0,False,29963.583,5001.095072,24764,1291.56,5.991404396161017,2024-07
M100,2024,7,1,False,7466.836,1202.6294752000001,6170,484.683,6.20875851954173,2024-07
M100,2024,8,0,False,27689.659,4663.7364359,22855,1291.56,5.9372263807306025,2024-08
M100,2024,8,1,False,8369.97,1351.6139415,6921,484.683,6.1925744793007516,2024-08
M100,2024,9,0,False,26971.711,4493.8553412,22217,1291.56,6.001909040711958,2024-09
M100,2024,9,1,False,8422.567,1297.2730742,6935,484.683,6.492516623914368,2024-09
M100,2024,10,0,False,29809.642,4961.5174982,24555,1291.56,6.0081702847595935,2024-10
M100,2024,10,1,False,7670.184,1187.7053414,6332,484.683,6.457985606900463,2024-10
M100,2024,11,0,False,26478.395,4369.5517167,21827,1291.56,6.05975091193043,2024-11
M100,2024,11,1,False,8354.828,1282.5894647,6895,484.683,6.514031363850481,2024-11
M100,2024,12,0,False,27388.702,4400.3734044,22598,1291.56,6.224176787500266,2024-12
M100,2024,12,1,False,8495.528,1250.6769959,7030,484.683,6.792743472415538,2024-12
M100,2025,1,0,False,29443.569,4694.5453371,24290,1318.378,6.271868069376962,2025-01
M100,2025,1,1,False,7409.986,1116.5908845,6126,484.683,6.636258725431141,2025-01
M100,2025,2,0,False,22217.332,3602.9331333,18403,1318.378,6.16645693328499,2025-02
M100,2025,2,1,False,5838.295,887.5514177,4842,484.683,6.577979465267886,2025-02
M100,2025,3,0,False,27377.194,4485.3161508,22511,1293.21,6.103737859173429,2025-03
M100,2025,3,1,False,9466.352,1457.6745006,7806,485.283,6.494146667245336,2025-03
M100,2025,4,0,False,29338.371,4866.221166,24185,1293.21,6.028984297915899,2025-04
M100,2025,4,1,False,7743.917,1183.9450719,6388,485.283,6.540773878616286,2025-04
M100,2025,5,0,False,28362.137,4782.595941,23390,1293.21,5.930280824449016,2025-05
M100,2025,5,1,False,8600.896,1341.8106263,7094,485.283,6.4099179358242955,2025-05
M100,2025,6,0,False,27715.153000000002,4631.7170177,22879,1293.21,5.983775108472124,2025-06
M100,2025,6,1,False,8627.088,1320.0861409,7128,485.283,6.535246248489723,2025-06
M100,2025,7,0,False,29592.646,4861.8131087,24461,1293.21,6.086751040891569,2025-07
M100,2025,7,1,False,7467.477,1139.6344839,6174,485.283,6.55251934325923,2025-07
M100,2025,8,0,False,27681.283,4458.882262,22857,1293.21,6.208121536625584,2025-08
M100,2025,8,1,False,7635.888,1155.6722577,6414,485.283,6.607312712686224,2025-08
M100,2025,9,0,False,28520.332000000002,4659.9870473,23522,1293.21,6.120259930019484,2025-09
M100,2025,9,1,False,7521.245,1132.856151,6213,485.283,6.639188032267656,2025-09
M101,2023,1,0,False,41051.238,6827.0303512,34915,2166.38,6.01304460185743,2023-01
M101,2023,1,0,True,14580.471000000001,2048.1439513,15573,801.4630000000001,7.11887022918749,2023-01
M101,2023,1,1,False,13258.068,1968.3958579,11181,834.039,6.735468349412441,2023-01
M101,2023,1,1,True,4366.334,547.8391822,4653,308.36400000000003,7.970101704784561,2023-01
M101,2023,2,0,False,38773.344,6457.4156514,33009,2156.692,6.0044677457914215,2023-02
M101,2023,2,0,True,13808.864,1954.8583933,14755,805.263,7.0638692026634375,2023-02
M101,2023,2,1,False,11918.681,1755.0539266,10062,824.459,6.79106255332542,2023-02
M101,2023,2,1,True,3945.117,494.6900214,4202,311.696,7.974927387528663,2023-02
M101,2023,3,0,False,44538.75,7531.7431463,37872,2051.304,5.913471706995192,2023-03
M101,2023,3,0,True,15484.247000000001,2253.384191,16526,777.1510000000001,6.871552157791809,2023-03
M101,2023,3,1,False,11409.653,1723.3597811,9612,829.592,6.6205867893222825,2023-03
M101,2023,3,1,True,3538.5910000000003,451.653348,3766,312.879,7.834749848904033,2023-03
M101,2023,4,0,False,38023.583,6471.3803469,32364,2043.833,5.8756526369547295,2023-04
M101,2023,4,0,True,13532.479000000001,1972.9961173,14441,760.517,6.85884725334325,2023-04
M101,2023,4,1,False,13949.93,2105.6639511,11815,837.9689999999999,6.624955512351603,2023-04
M101,2023,4,1,True,4623.081,605.3080855,4918,309.937,7.637566903110533,2023-04
M101,2023,5,0,False,42635.116,7308.6731175,36326,2174.462,5.8334960826081845,2023-05
M101,2023,5,0,True,15150.444000000001,2228.3630755,16152,808.993,6.798911796095233,2023-05
M101,2023,5,1,False,10908.302,1688.0519608,9213,845.9689999999999,6.462065299714085,2023-05
M101,2023,5,1,True,3662.902,474.0914033,3889,308.068,7.72615148577616,2023-05
M101,2023,6,0,False,41019.97,6994.0670414,34966,2047.103,5.864966657767273,2023-06
M101,2023,6,0,True,14563.625,2143.3163868,15534,764.5690000000001,6.794902091773621,2023-06
M101,2023,6,1,False,10846.464,1715.055036,9177,830.5169999999999,6.324265852888933,2023-06
M101,2023,6,1,True,3587.928,489.717511,3816,311.694,7.3265258427730595,2023-06
M101,2023,7,0,False,39392.245,6630.0006839,33585,2153.351,5.941514470075152,2023-07
M101,2023,7,0,True,14057.749,2054.8547439,15005,805.296,6.841237338907555,2023-07
M101,2023,7,1,False,13733.613,2125.7980894,11647,846.604,6.460450344969624,2023-07
M101,2023,7,1,True,4506.83,591.9941741,4797,313.452,7.612963433046731,2023-07
M101,2023,8,0,False,42594.675,7181.0889726,36253,2047.298,5.931506372156546,2023-08
M101,2023,8,0,True,15386.124,2207.0817175,16425,761.701,6.9712525268108925,2023-08
M101,2023,8,1,False,10211.876,1604.6150474,8695,836.804,6.364065958714877,2023-08
M101,2023,8,1,True,3456.984,459.6114117,3674,308.938,7.521536480596485,2023-08
M101,2023,9,0,False,35197.293,6039.5848418,29954,2182.383,5.827766961132716,2023-09
M101,2023,9,0,True,11991.942000000001,1971.8819974,12772,826.797,6.081470400263212,2023-09
M101,2023,9,1,False,11616.539,1789.5522584999999,9861,833.941,6.491310295535581,2023-09
M101,2023,9,1,True,3667.572,518.8694609,3921,304.164,7.068390561353232,2023-09
M101,2023,10,0,False,41002.964,6958.0528576,34901,2063.852,5.892879062454106,2023-10
M101,2023,10,0,True,14185.797,2265.3364143,15129,779.235,6.262114938183909,2023-10
M101,2023,10,1,False,11931.359,1811.3547489,10088,834.491,6.586980825951228,2023-10
M101,2023,10,1,True,3661.8830000000003,521.2702995,3896,305.059,7.024921626097749,2023-10
M101,2023,11,0,False,41117.198,7003.2534367,34944,2190.583,5.871156651925311,2023-11
M101,2023,11,0,True,14267.042000000001,2201.5961705,15203,821.029,6.480317412961271,2023-11
M101,2023,11,1,False,10769.75,1622.0305701,9055,844.555,6.639671408496347,2023-11
M101,2023,11,1,True,3461.13,463.1444575,3690,309.456,7.473111129695426,2023-11
M101,2023,12,0,False,36118.924,6042.6736766,30740,2195.493,5.977308379214488,2023-12
M101,2023,12,0,True,12548.748,1976.0506398,13393,822.933,6.350418226766741,2023-12
M101,2023,12,1,False,13454.981,2043.4161502,11382,839.879,6.584552538983843,2023-12
M101,2023,12,1,True,4144.8240000000005,555.603326,4415,308.594,7.460041734883351,2023-12
M101,2024,1,0,False,42456.945,7090.224767,36031,2188.883,5.988095779079834,2024-01
M101,2024,1,0,True,14850.739,2170.3030791,15842,817.895,6.84270282017866,2024-01
M101,2024,1,1,False,11246.14,1675.4772427,9453,825.261,6.712200985718586,2024-01
M101,2024,1,1,True,3673.1980000000003,465.1055608,3904,303.302,7.897557693530807,2024-01
M101,2024,2,0,False,37050.955,6171.9964287,31527,2177.212,6.003074601228179,2024-02
M101,2024,2,0,True,13074.291000000001,1938.615055,13940,819.312,6.744139826150272,2024-02
M101,2024,2,1,False,10949.675,1635.2858494,9245,838.341,6.695878279639934,2024-02
M101,2024,2,1,True,3625.635,462.0333341,3865,310.12100000000004,7.8471286212766795,2024-02
M101,2024,3,0,False,41176.052,6921.9675437,34985,2056.0099999999998,5.948605181987052,2024-03
M101,2024,3,0,True,14581.205,2155.4642006,15547,770.36,6.764763244938674,2024-03
M101,2024,3,1,False,14358.466,2176.2478449,12092,869.257,6.597808256834727,2024-03
M101,2024,3,1,True,4564.877,595.950329,4852,308.587,7.659827972005365,2024-03
M101,2024,4,0,False,41804.449,7048.5623181,35955,2024.8319999999999,5.930918549538871,2024-04
M101,2024,4,0,True,14907.492,2222.2664198,15917,766.844,6.708237980458548,2024-04
M101,2024,4,1,False,11311.937,1727.0044496,9636,832.9209999999999,6.550033500272691,2024-04
M101,2024,4,1,True,3703.554,478.4869541,3941,308.48,7.740135793181911,2024-04
M101,2024,5,0,False,41173.892,7007.7920253,35399,2168.676,5.8754443412919874,2024-05
M101,2024,5,0,True,14407.79,2140.5631217,15364,818.666,6.730840989429721,2024-05
M101,2024,5,1,False,10852.091,1658.2605717,9256,829.259,6.544261610752016,2024-05
M101,2024,5,1,True,3617.98,474.0150034,3854,309.826,7.63262760471518,2024-05
M101,2024,6,0,False,31754.97,5360.0692874,27410,2052.056,5.92435811877412,2024-06
M101,2024,6,0,True,10998.647,1663.2711275,11690,787.195,6.612660328284332,2024-06
M101,2024,6,1,False,11850.059,1843.6761368,10154,1154.885,6.427408135014269,2024-06
M101,2024,6,1,True,3898.7760000000003,520.6174985,4135,401.741,7.488753280927226,2024-06
M101,2024,7,0,False,37318.363,6113.3181212,31316,2219.778,6.1044366185665915,2024-07
M101,2024,7,0,True,12868.566,1885.2598252,13724,808.6720000000001,6.825884595845999,2024-07
M101,2024,7,1,False,10721.048999999999,1632.0897651,8969,848.626,6.56890891007034,2024-07
M101,2024,7,1,True,3478.0050000000006,446.3724985,3699,310.60200000000003,7.7917098649391825,2024-07
M101,2024,8,0,False,27606.643,4538.3717834,23037,2610.417,6.082939943566722,2024-08
M101,2024,8,0,True,9275.580000000002,1328.2694629,9880,779.4590000000001,6.983206539845238,2024-08
M101,2024,8,1,False,10947.963,1706.4755574,8992,1203.498,6.415540470254613,2024-08
M101,2024,8,1,True,3422.2970000000005,443.8980597,3642,309.74000000000007,7.709646224434715,2024-08
M101,2024,9,0,False,30980.142,5224.6676142,25944,2251.205,5.929590987912764,2024-09
M101,2024,9,0,True,10030.488000000001,1615.1208657,10682,819.6410000000001,6.210363702813503,2024-09
M101,2024,9,1,False,11015.85,1717.1733475,9167,862.209,6.4151065563868475,2024-09
M101,2024,9,1,True,3257.9460000000004,442.808351,3472,312.98900000000003,7.3574628677226555,2024-09
M101,2024,10,0,False,44075.212999999996,7415.9414863,36762,2110.736,5.943306467752381,2024-10
M101,2024,10,0,True,14960.155000000002,2334.5506167,15924,765.5780000000001,6.408151912828048,2024-10
M101,2024,10,1,False,11145.829,1713.3361461,9266,843.687,6.505336985606014,2024-10
M101,2024,10,1,True,3407.3420000000006,478.4433465,3627,308.38200000000006,7.121725121534323,2024-10
M101,2024,11,0,False,39270.013999999996,6539.6350719,32725,2230.774,6.004924367834891,2024-11
M101,2024,11,0,True,13244.633000000002,2036.4564442,14114,814.013,6.503764437349905,2024-11
M101,2024,11,1,False,12563.886,1905.6869227,10409,863.593,6.592838440744158,2024-11
M101,2024,11,1,True,3857.0430000000006,516.4211273,4110,309.82500000000005,7.468793966981453,2024-11
M101,2024,12,0,False,38724.354999999996,6346.3956083,32276,2231.81,6.101787122970267,2024-12
M101,2024,12,0,True,13119.658000000001,2076.4727918,13981,811.8310000000001,6.318242190222568,2024-12
M101,2024,12,1,False,13060.315999999999,1934.2322253,10826,850.271,6.7521964680194175,2024-12
M101,2024,12,1,True,4059.5740000000005,559.637532,4324,311.80600000000004,7.253934498446042,2024-12
M101,2025,1,0,False,45779.905,7500.9799832,38107,2231.093,6.103189863528978,2025-01
M101,2025,1,0,True,15583.962,2222.8303373,16647,937.567,7.010864364452275,2025-01
M101,2025,1,1,False,11686.211,1734.3978099,9653,849.949,6.7379069169107115,2025-01
M101,2025,1,1,True,3689.5660000000003,458.0952961,3938,350.532,8.054145134017237,2025-01
M101,2025,2,0,False,32937.501,5496.465043,27640,2192.7889999999998,5.992488034095189,2025-02
M101,2025,2,0,True,11136.54,1609.5225284,11966,789.81,6.919157578409699,2025-02
M101,2025,2,1,False,7926.221,1198.7705829,6573,862.337,6.611958212075343,2025-02
M101,2025,2,1,True,2424.044,313.2322136,2593,307.493,7.738808126215022,2025-02
M101,2025,3,0,False,41715.557,6925.9803126,34597,2225.332,6.023054516067496,2025-03
M101,2025,3,0,True,14560.659,2103.7102827,15538,831.847,6.9214183719785645,2025-03
M101,2025,3,1,False,14727.807,2208.7344744,12161,1003.626,6.667984391379045,2025-03
M101,2025,3,1,True,4659.263,584.4228087,4964,373.844,7.972418137416887,2025-03
M101,2025,4,0,False,44900.764,7484.9478249,37165,2110.011,5.998807880881906,2025-04
M101,2025,4,0,True,15623.517,2274.7175048,16706,751.556,6.868332866402972,2025-04
M101,2025,4,1,False,11888.387,1782.0547415,9767,857.183,6.671168243683271,2025-04
M101,2025,4,1,True,3856.114,494.3472409,4117,307.83,7.800415742140334,2025-04
M101,2025,5,0,False,41508.855,6956.2074948,34400,2238.531,5.967167458853013,2025-05
M101,2025,5,0,True,14519.008,2158.7972605,15516,793.979,6.725507886107492,2025-05
M101,2025,5,1,False,12201.548999999999,1865.9850368,10033,859.006,6.5389318560263385,2025-05
M101,2025,5,1,True,4089.517,541.6439169,4359,308.902,7.5501946433841685,2025-05
M101,2025,6,0,False,38746.174,6474.1258946,32105,2135.642,5.984773022767101,2025-06
M101,2025,6,0,True,13457.371,1958.6411424,14379,760.896,6.870769079990913,2025-06
M101,2025,6,1,False,11915.366,1826.8278077,9774,853.266,6.522435201488202,2025-06
M101,2025,6,1,True,3877.896,508.4430778,4125,307.529,7.627001269796813,2025-06
M101,2025,7,0,False,43046.707,7064.649278,35603,2224.646,6.093254640970162,2025-07
M101,2025,7,0,True,14916.472,2166.1302948,15945,789.155,6.886230267776781,2025-07
M101,2025,7,1,False,11054.715,1653.9200776,9074,833.151,6.683947519423958,2025-07
M101,2025,7,1,True,3584.234,454.2377827,3811,288.191,7.890655811798017,2025-07
M101,2025,8,0,False,39000.906,6420.4154184,32264,2119.951,6.074514413542298,2025-08
M101,2025,8,0,True,13603.956,1945.9669977,14546,757.772,6.990846204523995,2025-08
M101,2025,8,1,False,13041.189,2019.7272497,10748,842.215,6.456906001509398,2025-08
M101,2025,8,1,True,4190.233,543.4938984,4452,291.036,7.70980688529474,2025-08
M101,2025,9,0,False,38525.144,6371.4392277,31937,2249.995,6.046537151686376,2025-09
M101,2025,9,0,True,13232.165,2085.6178235,14128,794.97,6.344482124627374,2025-09
M101,2025,9,1,False,10431.14,1590.6650286,8596,841.899,6.557722595549116,2025-09
M101,2025,9,1,True,3303.275,439.3638951,3518,292.108,7.518312353017011,2025-09
M102,2023,1,0,False,18563.893,3264.4422816,16979,1211.408,5.686696654015058,2023-01
M102,2023,1,0,True,9362.863000000001,1594.9200586,9980,673.9200000000001,5.87042776815949,2023-01
M102,2023,1,1,False,6721.489,1032.0977978,6151,486.404,6.512453581751068,2023-01
M102,2023,1,1,True,3477.7760000000003,508.6380596,3711,267.908,6.837427782606302,2023-01
M102,2023,2,0,False,17441.594,3063.224262,15955,1209.607,5.693867803401461,2023-02
M102,2023,2,0,True,8726.77,1503.3400753,9307,673.9200000000001,5.80492075171915,2023-02
M102,2023,2,1,False,5943.835,907.4791788,5449,484.945,6.549830716622939,2023-02
M102,2023,2,1,True,3022.576,439.7849904,3231,267.908,6.872849383174401,2023-02
M102,2023,3,0,False,20995.745,3713.5041884,19224,1190.165,5.65389021657364,2023-03
M102,2023,3,0,True,10515.398000000001,1839.3689202,11216,673.9200000000001,5.716850972374063,2023-03
M102,2023,3,1,False,5934.407999999999,926.4564295,5436,475.246,6.405490653459812,2023-03
M102,2023,3,1,True,2953.21,430.8072426,3153,267.908,6.855061168834677,2023-03
M102,2023,4,0,False,17638.274999999998,3181.5986984,16149,1201.107,5.543840274032719,2023-04
M102,2023,4,0,True,8805.418,1566.0636748,9394,673.9200000000001,5.622643664935609,2023-04
M102,2023,4,1,False,7286.169,1145.8264071,6669,486.962,6.35887683758375,2023-04
M102,2023,4,1,True,3627.2400000000002,556.1625044,3868,267.908,6.521906765205512,2023-04
M102,2023,5,0,False,19487.446,3537.5717473,17842,1211.877,5.508706930078099,2023-05
M102,2023,5,0,True,9650.985,1715.5244529,10287,673.9200000000001,5.625676150337315,2023-05
M102,2023,5,1,False,5557.776,876.9586219,5089,480.77099999999996,6.3375578518843225,2023-05
M102,2023,5,1,True,2710.583,409.0713947,2885,266.646,6.626185636832064,2023-05
M102,2023,6,0,False,18673.861,3370.2311685,17108,1203.1689999999999,5.5408249661138935,2023-06
M102,2023,6,0,True,9229.943000000001,1640.5097464,9848,673.9200000000001,5.626265263132119,2023-06
M102,2023,6,1,False,5119.3949999999995,835.7455888000001,4678,490.78,6.125542352369038,2023-06
M102,2023,6,1,True,2590.829,397.1664154,2761,267.908,6.523283186949951,2023-06
M102,2023,7,0,False,17983.957,3213.9811424,16461,1210.1209999999999,5.595539053651915,2023-07
M102,2023,7,0,True,9009.033000000001,1594.6894735,9613,673.9200000000001,5.649396418367968,2023-07
M102,2023,7,1,False,7468.221,1184.2947292,6848,483.657,6.306049343852809,2023-07
M102,2023,7,1,True,3715.6850000000004,559.134184,3962,267.908,6.645426279284688,2023-07
M102,2023,8,0,False,18533.18,3301.6045869,16963,1206.086,5.613385707523958,2023-08
M102,2023,8,0,True,9284.023000000001,1618.3530768,9905,673.9200000000001,5.7367104453853015,2023-08
M102,2023,8,1,False,5327.157999999999,876.4844379,4890,490.87,6.077869463105957,2023-08
M102,2023,8,1,True,2656.4840000000004,403.309478,2832,267.908,6.586713541108499,2023-08
M102,2023,9,0,False,16306.72,2952.35251,14951,1218.658,5.52329708080828,2023-09
M102,2023,9,0,True,8092.668000000001,1587.4831144,8620,673.9200000000001,5.097797845275777,2023-09
M102,2023,9,1,False,6253.12,991.4883427999999,5746,485.674,6.306801330957615,2023-09
M102,2023,9,1,True,3143.717,504.0122343,3361,267.908,6.2373823214156054,2023-09
M102,2023,10,0,False,18957.115999999998,3410.6634044,17361,1217.857,5.558190226436288,2023-10
M102,2023,10,0,True,9412.404,1783.4808645,10040,673.9200000000001,5.277546951780037,2023-10
M102,2023,10,1,False,6197.61,950.3919688999999,5683,490.438,6.521109397813221,2023-10
M102,2023,10,1,True,3074.179,490.0961118,3276,267.908,6.2726043442975135,2023-10
M102,2023,11,0,False,19034.381,3405.7253206,17422,1209.3229999999999,5.58893604392225,2023-11
M102,2023,11,0,True,9647.783000000001,1769.8425241,10278,674.9000000000001,5.451209849817622,2023-11
M102,2023,11,1,False,5500.126,853.8402764,5041,484.558,6.4416333499631575,2023-11
M102,2023,11,1,True,2893.4300000000003,444.3227739,3082,267.908,6.512000216876572,2023-11
M102,2023,12,0,False,17180.377,3045.4783881,15750,1232.567,5.641273655768223,2023-12
M102,2023,12,0,True,8667.691,1602.4664428,9247,675.88,5.408968804897335,2023-12
M102,2023,12,1,False,7032.469999999999,1106.4719726,6442,480.90999999999997,6.3557597247357505,2023-12
M102,2023,12,1,True,3600.721,556.0639060999999,3835,267.908,6.4753726334333646,2023-12
M102,2024,1,0,False,19837.828999999998,3495.0308891,18153,1223.956,5.676009634669755,2024-01
M102,2024,1,0,True,10009.118,1741.1483758,10678,674.9000000000001,5.748572688643575,2024-01
M102,2024,1,1,False,5639.187,870.9236452,5177,477.092,6.474949935140422,2024-01
M102,2024,1,1,True,2846.185,413.9705875,3041,267.908,6.875331450933093,2024-01
M102,2024,2,0,False,17304.5,3088.9400811,15844,1210.292,5.602083415563603,2024-02
M102,2024,2,0,True,8642.515000000001,1530.2867349,9214,673.9200000000001,5.647644198238943,2024-02
M102,2024,2,1,False,5293.392,847.9564527,4856,492.455,6.242528119392421,2024-02
M102,2024,2,1,True,2703.5190000000002,401.1080639,2888,267.908,6.7401262734872684,2024-02
M102,2024,3,0,False,18155.124,3249.1542256,16619,1210.292,5.587646119398168,2024-03
M102,2024,3,0,True,9085.109,1609.2330665,9693,673.9200000000001,5.645614168095396,2024-03
M102,2024,3,1,False,7324.04,1151.4816808,6732,491.212,6.36053540592289,2024-03
M102,2024,3,1,True,3611.0420000000004,542.5183528,3857,267.908,6.656073442240239,2024-03
M102,2024,4,0,False,18077.53,3286.3450747,16571,1213.894,5.500800916851447,2024-04
M102,2024,4,0,True,8894.144,1606.4700365,9492,673.9200000000001,5.536451846545225,2024-04
M102,2024,4,1,False,5580.446,904.5519936,5125,487.52,6.169292687964289,2024-04
M102,2024,4,1,True,2741.032,411.8580675,2931,267.908,6.655283012029381,2024-04
M102,2024,5,0,False,18313.629,3335.9525571,16808,1220.847,5.4897750152419285,2024-05
M102,2024,5,0,True,8895.34,1583.3380737,9496,673.9200000000001,5.618092653587908,2024-05
M102,2024,5,1,False,5139.8,841.1708509,4731,491.212,6.11029256957815,2024-05
M102,2024,5,1,True,2479.577,385.7758364,2647,267.908,6.427507288012195,2024-05
M102,2024,6,0,False,15224.306999999999,2762.3931068,13952,1214.542,5.511274612770836,2024-06
M102,2024,6,0,True,7262.867,1314.746978,7739,673.9200000000001,5.524155690434301,2024-06
M102,2024,6,1,False,6012.998,986.3333371,5514,492.19399999999996,6.0963142720891,2024-06
M102,2024,6,1,True,2984.735,458.27501639999997,3189,267.908,6.512977782307926,2024-06
M102,2024,7,0,False,16389.994,2879.7875587,15008,1229.347,5.69138996051459,2024-07
M102,2024,7,0,True,8006.082,1403.1164041,8539,673.9200000000001,5.705928586256773,2024-07
M102,2024,7,1,False,5452.822999999999,891.624456,5006,497.09299999999996,6.1156050210448685,2024-07
M102,2024,7,1,True,2684.371,398.560568,2862,267.908,6.735164528368497,2024-07
M102,2024,8,0,False,13078.792,2279.4247346,11991,1222.864,5.737759971396951,2024-08
M102,2024,8,0,True,6395.884,1092.6866734,6825,673.9200000000001,5.853355912265855,2024-08
M102,2024,8,1,False,5270.25,869.3230763,4832,490.996,6.062475670646131,2024-08
M102,2024,8,1,True,2581.0170000000003,381.2875135,2754,267.908,6.769214591654863,2024-08
M102,2024,9,0,False,14829.017,2708.4811885999998,13606,1225.826,5.475030457075112,2024-09
M102,2024,9,0,True,7162.335,1393.3255797,7610,673.9200000000001,5.140460423860257,2024-09
M102,2024,9,1,False,5605.29,945.3489302,5147,492.365,5.929334472102415,2024-09
M102,2024,9,1,True,2723.791,424.2569458,2907,266.151,6.4201447423892715,2024-09
M102,2024,10,0,False,19195.592,3508.4039724,17581,1214.94,5.4713174853889015,2024-10
M102,2024,10,0,True,9560.176000000001,1778.6745044,10170,673.9200000000001,5.374887859667688,2024-10
M102,2024,10,1,False,5469.065,919.2880908,5005,486.962,5.949239476430733,2024-10
M102,2024,10,1,True,2700.601,432.3200006,2874,267.908,6.246763962462856,2024-10
M102,2024,11,0,False,18007.779,3241.463904,16483,1217.344,5.55544640734028,2024-11
M102,2024,11,0,True,9058.496000000001,1637.7164147,9644,673.9200000000001,5.5311749449976375,2024-11
M102,2024,11,1,False,6143.606,990.1191895,5630,488.637,6.204915595164313,2024-11
M102,2024,11,1,True,3166.085,484.8033467,3368,267.908,6.530658300012102,2024-11
M102,2024,12,0,False,17986.577999999998,3188.7695039,16497,1241.078,5.6406014853069975,2024-12
M102,2024,12,0,True,9115.331,1699.0422543,9710,674.9000000000001,5.364981934340113,2024-12
M102,2024,12,1,False,6616.612999999999,1050.7972734,6066,480.352,6.296755014020005,2024-12
M102,2024,12,1,True,3328.5800000000004,524.2808454,3550,267.908,6.348849150612132,2024-12
M102,2025,1,0,False,20417.119,3599.4044993,18702,1219.813,5.672360248471837,2025-01
M102,2025,1,0,True,10382.621000000001,1786.6597776,11075,787.628,5.811190877060466,2025-01
M102,2025,1,1,False,5892.683,919.0752947,5402,480.523,6.411534543449414,2025-01
M102,2025,1,1,True,3038.303,438.7830694,3245,305.406,6.924385218770248,2025-01
M102,2025,2,0,False,13133.019,2312.1638954,12037,1200.765,5.679968892398959,2025-02
M102,2025,2,0,True,6553.993,1140.1830552,6990,673.92,5.748193651983683,2025-02
M102,2025,2,1,False,4203.933,659.1894547,3858,490.609,6.377427566576028,2025-02
M102,2025,2,1,True,2085.223,311.8958463,2226,267.879,6.685638891113376,2025-02
M102,2025,3,0,False,17790.377,3138.6492279999998,16294,1354.8020000000001,5.668163502086,2025-03
M102,2025,3,0,True,8799.659,1549.93726,9393,806.199,5.677429162519778,2025-03
M102,2025,3,1,False,7257.112,1132.3511209,6659,657.35,6.408888432266487,2025-03
M102,2025,3,1,True,3625.3450000000003,525.5422173,3878,401.526,6.898294524511077,2025-03
M102,2025,4,0,False,20049.277000000002,3579.6522718,18348,1199.814,5.6009007237785084,2025-04
M102,2025,4,0,True,9953.953,1773.0186302,10639,672.24,5.614127697506018,2025-04
M102,2025,4,1,False,5989.835,938.5222545,5496,487.206,6.382198153831844,2025-04
M102,2025,4,1,True,2997.701,448.4513941,3208,264.236,6.684561670314585,2025-04
M102,2025,5,0,False,18929.576,3362.1028116,17330,1213.373,5.630278745399685,2025-05
M102,2025,5,0,True,9340.447,1684.1272699,9980,672.24,5.546164572559065,2025-05
M102,2025,5,1,False,5961.053,946.940287,5478,491.252,6.295067473457278,2025-05
M102,2025,5,1,True,2917.9809999999998,442.1764173,3123,265.463,6.599133028888467,2025-05
M102,2025,6,0,False,17281.053,3085.002581,15845,1203.626,5.601633238957734,2025-06
M102,2025,6,0,True,8536.009,1519.8939204,9130,672.24,5.6161873440177486,2025-06
M102,2025,6,1,False,5763.198,928.6286485,5299,500.106,6.206138491752551,2025-06
M102,2025,6,1,True,2928.818,447.0080846,3132,267.206,6.552047045459634,2025-06
M102,2025,7,0,False,19335.452,3419.4158942,17723,1211.434,5.654606692563113,2025-07
M102,2025,7,0,True,9711.909,1711.7086672,10396,672.24,5.673809560061798,2025-07
M102,2025,7,1,False,5765.475,907.7422428,5307,491.53200000000004,6.351445077862581,2025-07
M102,2025,7,1,True,2944.4809999999998,436.4647053,3148,268.896,6.746206426877376,2025-07
M102,2025,8,0,False,17063.536,2998.2039839,15648,1197.31,5.691252527055919,2025-08
M102,2025,8,0,True,8562.211,1486.6069918,9166,672.24,5.7595659425984405,2025-08
M102,2025,8,1,False,6842.689,1098.6622401,6299,498.587,6.228200761115792,2025-08
M102,2025,8,1,True,3502.285,533.9850176,3746,270.856,6.558770161269783,2025-08
M102,2025,9,0,False,17395.061,3078.2303662,15968,1216.569,5.650993892790999,2025-09
M102,2025,9,0,True,8643.893,1623.7880762,9243,672.24,5.323288874142061,2025-09
M102,2025,9,1,False,5700.521,941.3558714,5238,488.832,6.055649274829604,2025-09
M102,2025,9,1,True,2827.758,448.2427811,3024,269.876,6.308541083607871,2025-09
M103,2023,1,0,False,10074.487,1745.6030939,13026,863.3459999999999,5.771350334566453,2023-01
M103,2023,1,0,True,13916.051,2307.329193,12379,1094.458,6.031237780121997,2023-01
M103,2023,1,1,False,4040.0409999999997,592.7269565,5200,331.46099999999996,6.81602372845683,2023-01
M103,2023,1,1,True,5566.308,845.014458,4958,431.649,6.58723403759797,2023-01
M103,2023,2,0,False,9984.124999999998,1735.0388871,12888,844.5419999999999,5.754409929501803,2023-02
M103,2023,2,0,True,13657.970000000001,2292.0539242,12148,1087.728,5.958834500269041,2023-02
M103,2023,2,1,False,3257.6139999999996,468.40750479999997,4194,342.546,6.954657998895494,2023-02
M103,2023,2,1,True,4492.338,689.3799861,4002,432.53700000000003,6.51649031097394,2023-02
M103,2023,3,0,False,11237.247999999998,1971.5611927,14513,846.944,5.699669907080535,2023-03
M103,2023,3,0,True,15505.458,2667.4966994,13794,1089.504,5.812737464112942,2023-03
M103,2023,3,1,False,3464.9659999999994,509.9561471,4475,341.14099999999996,6.794635224429476,2023-03
M103,2023,3,1,True,4765.379,733.6102964,4231,433.425,6.495790780724925,2023-03
M103,2023,4,0,False,9663.409,1725.7069598,12463,850.4289999999999,5.59968130459411,2023-04
M103,2023,4,0,True,13292.312,2307.0300533,11828,1084.69,5.761655328670963,2023-04
M103,2023,4,1,False,4343.093,641.1816925,5584,338.84999999999997,6.773576118597615,2023-04
M103,2023,4,1,True,5968.662,928.449215,5312,431.649,6.428635948601669,2023-04
M103,2023,5,0,False,10701.235999999999,1937.7086976,13799,858.362,5.522623711837747,2023-05
M103,2023,5,0,True,14727.225,2545.232262,13101,1088.242,5.786200819420542,2023-05
M103,2023,5,1,False,3261.2859999999996,479.287796,4201,348.09,6.804441980826066,2023-05
M103,2023,5,1,True,4488.197,705.5144646,3995,432.53700000000003,6.361594588347154,2023-05
M103,2023,6,0,False,9986.167,1799.3714166,12907,859.9069999999999,5.549808620873477,2023-06
M103,2023,6,0,True,13778.576000000001,2416.6178013,12263,1092.1680000000001,5.7015950112541285,2023-06
M103,2023,6,1,False,3074.305,477.1628004,3924,343.92699999999996,6.44288489677495,2023-06
M103,2023,6,1,True,4418.101,697.9022344,3930,433.425,6.330544282894188,2023-06
M103,2023,7,0,False,10205.312999999998,1773.3717161,13168,852.4749999999999,5.754751193643444,2023-07
M103,2023,7,0,True,14025.362000000001,2424.7817217,12485,1087.354,5.784175076248473,2023-07
M103,2023,7,1,False,4218.392999999999,628.3797327999999,5418,337.09999999999997,6.7131270787541855,2023-07
M103,2023,7,1,True,5807.234,913.7169479,5169,433.425,6.355615941399351,2023-07
M103,2023,8,0,False,10518.246,1826.8075450000001,13585,861.7979999999999,5.757719814979196,2023-08
M103,2023,8,0,True,14555.374,2509.7150548,12948,1091.28,5.799612179941249,2023-08
M103,2023,8,1,False,3179.0789999999997,475.8958424,4082,339.467,6.680199146030614,2023-08
M103,2023,8,1,True,4444.349,711.7711258,3957,433.425,6.244070374454631,2023-08
M103,2023,9,0,False,8762.544999999998,1533.3008773,11303,865.5849999999999,5.71482422642973,2023-09
M103,2023,9,0,True,12121.195,2254.9864308,10764,1093.944,5.375285116771089,2023-09
M103,2023,9,1,False,3208.7369999999996,469.4575131,4146,335.945,6.834989132054854,2023-09
M103,2023,9,1,True,4483.109,750.8383215,3991,432.53700000000003,5.9708047280322525,2023-09
M103,2023,10,0,False,10388.497,1836.7889399,13421,851.156,5.655792439911783,2023-10
M103,2023,10,0,True,14208.965,2572.0783766,12634,1092.1680000000001,5.524312606205517,2023-10
M103,2023,10,1,False,3589.2029999999995,521.1786007,4606,337.717,6.886704471709519,2023-10
M103,2023,10,1,True,4878.848,800.8542034,4329,433.425,6.092055182187985,2023-10
M103,2023,11,0,False,10571.407,1887.2553189,13638,856.834,5.601471562502533,2023-11
M103,2023,11,0,True,14441.594000000001,2562.8659046,12863,1091.28,5.634939375516792,2023-11
M103,2023,11,1,False,2995.2919999999995,443.5494612,3845,347.03,6.75300561045975,2023-11
M103,2023,11,1,True,4152.535,666.439737,3691,436.089,6.230923472079816,2023-11
M103,2023,12,0,False,9463.606999999998,1657.9220055,12279,877.867,5.708113511133439,2023-12
M103,2023,12,0,True,13009.91,2293.0569856,11569,1105.488,5.673609544682045,2023-12
M103,2023,12,1,False,4064.2869999999994,609.9244603,5220,336.83099999999996,6.663590763356043,2023-12
M103,2023,12,1,True,5600.535,885.0964159,4985,433.425,6.327598778382987,2023-12
M103,2024,1,0,False,10649.268999999998,1868.7311442,13646,882.0219999999999,5.698662984802412,2024-01
M103,2024,1,0,True,14734.701000000001,2522.5586202,13112,1099.272,5.841172879792885,2024-01
M103,2024,1,1,False,3291.6519999999996,486.2950016,4246,336.657,6.768837823070069,2024-01
M103,2024,1,1,True,4537.227,699.3060913,4037,432.53700000000003,6.488184582469973,2024-01
M103,2024,2,0,False,10002.809,1741.8497134,12746,856.2099999999999,5.742636074196686,2024-02
M103,2024,2,0,True,13850.066,2423.0375605,12322,1090.392,5.715993109550479,2024-02
M103,2024,2,1,False,3245.0309999999995,476.0444684,4145,340.99299999999994,6.816655198004185,2024-02
M103,2024,2,1,True,4473.301,722.9166914,3978,436.089,6.1878513156709785,2024-02
M103,2024,3,0,False,10276.027999999998,1796.8525552,13124,848.0229999999999,5.718904408857418,2024-03
M103,2024,3,0,True,14151.28,2507.2525351,12601,1086.84,5.6441382756187295,2024-03
M103,2024,3,1,False,4064.4599999999996,605.3478139,5234,338.905,6.714255683545634,2024-03
M103,2024,3,1,True,5614.895,896.2269405,4991,433.425,6.265037064013588,2024-03
M103,2024,4,0,False,9920.581999999999,1755.8744956,12652,854.5319999999999,5.649937979542231,2024-04
M103,2024,4,0,True,13802.322,2477.9828269,12295,1088.616,5.569982911167688,2024-04
M103,2024,4,1,False,3006.2909999999997,453.1994496,3862,341.52399999999994,6.633483343047732,2024-04
M103,2024,4,1,True,4250.562,685.7655686,3777,430.761,6.198272696422454,2024-04
M103,2024,5,0,False,9491.345,1678.7433657,12110,880.0679999999999,5.653839171565282,2024-05
M103,2024,5,0,True,13363.725,2374.2756012,11891,1100.16,5.628548342595839,2024-05
M103,2024,5,1,False,2532.399,382.6039065,3241,333.777,6.618852962495823,2024-05
M103,2024,5,1,True,3589.098,571.0963892999999,3198,432.53700000000003,6.284574841033757,2024-05
M103,2024,6,0,False,7788.279999999999,1362.5067265,9930,882.2029999999999,5.71614058743511,2024-06
M103,2024,6,0,True,10937.07,1935.3727976,9693,1098.384,5.651143807313374,2024-06
M103,2024,6,1,False,3216.5879999999997,490.3827911,4105,342.73099999999994,6.559341107351512,2024-06
M103,2024,6,1,True,4600.57,741.6275234,4092,435.201,6.203343126895605,2024-06
M103,2024,7,0,False,8686.13,1488.7772223,11049,905.324,5.83440549055477,2024-07
M103,2024,7,0,True,12310.938,2145.6806054,10936,1105.488,5.737544520380741,2024-07
M103,2024,7,1,False,2876.1739999999995,430.70751690000003,3680,329.66599999999994,6.677789189056058,2024-07
M103,2024,7,1,True,3989.8340000000003,632.0472388000001,3552,433.333,6.312556649365431,2024-07
M103,2024,8,0,False,7508.2339999999995,1289.7161379,9539,897.0149999999999,5.821617470201929,2024-08
M103,2024,8,0,True,10636.624,1837.4066984,9449,1105.488,5.788932852624458,2024-08
M103,2024,8,1,False,2814.448,418.0200111,3600,338.32599999999996,6.732806863943935,2024-08
M103,2024,8,1,True,3958.093,618.9591788,3518,437.865,6.394756125393774,2024-08
M103,2024,9,0,False,7555.123999999999,1338.8297799,9599,885.1129999999999,5.643080332859273,2024-09
M103,2024,9,0,True,10763.91,2020.523925,9561,1104.6,5.327286584839623,2024-09
M103,2024,9,1,False,2953.7839999999997,471.6614116,3768,342.98799999999994,6.2625093496200686,2024-09
M103,2024,9,1,True,4176.3460000000005,706.6513708,3715,436.97700000000003,5.910051508528115,2024-09
M103,2024,10,0,False,10174.271999999999,1830.0503415,12961,865.0479999999999,5.559558537422889,2024-10
M103,2024,10,0,True,14273.806,2592.9305779,12694,1092.964,5.504893236115977,2024-10
M103,2024,10,1,False,3020.9909999999995,473.5852944,3849,334.43899999999996,6.378979743928467,2024-10
M103,2024,10,1,True,4230.805,704.2689025,3762,435.201,6.00737159482915,2024-10
M103,2024,11,0,False,9587.198999999999,1676.1647523,12218,875.0669999999999,5.719723545579058,2024-11
M103,2024,11,0,True,13451.425000000001,2380.9886531,11966,1095.72,5.6495124336214335,2024-11
M103,2024,11,1,False,3571.6579999999994,539.1722269,4559,337.198,6.624336013253948,2024-11
M103,2024,11,1,True,4967.956,805.2664093,4415,431.649,6.16933221431468,2024-11
M103,2024,12,0,False,9617.47,1664.6999842,12317,896.9669999999999,5.777299267904924,2024-12
M103,2024,12,0,True,13434.026,2420.4125448,11946,1110.816,5.550304235888044,2024-12
M103,2024,12,1,False,3611.7189999999996,527.2155597,4625,334.71299999999997,6.850554642308293,2024-12
M103,2024,12,1,True,5010.921,811.1380837,4460,431.649,6.177642377661178,2024-12
M103,2025,1,0,False,11308.556,1984.4344698,14453,867.7180000000001,5.698629091612043,2025-01
M103,2025,1,0,True,15636.17,2656.6978054,13914,1216.405,5.8855658962106805,2025-01
M103,2025,1,1,False,3421.7580000000003,508.1558425,4373,334.23,6.733678359705173,2025-01
M103,2025,1,1,True,4736.157,727.2108369,4216,471.85200000000003,6.5127701069329325,2025-01
M103,2025,2,0,False,6947.151,1198.7611637,8876,917.369,5.795275331207328,2025-02
M103,2025,2,0,True,9648.584,1657.2047463,8588,1157.802,5.822203938011978,2025-02
M103,2025,2,1,False,2492.542,374.4533465,3194,326.16,6.656482104640504,2025-02
M103,2025,2,1,True,3435.229,548.4413954,3057,432.56600000000003,6.263620924336959,2025-02
M103,2025,3,0,False,10076.474,1741.1678098,12867,921.663,5.787192907705685,2025-03
M103,2025,3,0,True,14015.754,2411.2408687,12469,1254.463,5.812672712185935,2025-03
M103,2025,3,1,False,4176.185,599.480579,5376,409.058,6.966339104706844,2025-03
M103,2025,3,1,True,5805.29,895.5497312,5157,602.066,6.4823759058261885,2025-03
M103,2025,4,0,False,10995.151,1938.6658783,14078,833.26,5.671503853795351,2025-04
M103,2025,4,0,True,15313.205,2694.4136607,13589,1114.681,5.6833162714969605,2025-04
M103,2025,4,1,False,3177.217,468.1961113,4068,333.344,6.786081565645845,2025-04
M103,2025,4,1,True,4403.723,690.3644551,3911,440.74,6.378837970970154,2025-04
M103,2025,5,0,False,10616.046,1863.2200334,13562,845.671,5.697687771544546,2025-05
M103,2025,5,0,True,14803.97,2624.7300312,13152,1112.297,5.640187685600478,2025-05
M103,2025,5,1,False,3511.709,517.765019,4491,334.064,6.782437729730057,2025-05
M103,2025,5,1,True,4915.018,788.8616937,4362,439.813,6.230519290329688,2025-05
M103,2025,6,0,False,9632.041000000001,1665.3828079,12287,849.979,5.783679856852689,2025-06
M103,2025,6,0,True,13422.498,2353.6241928,11916,1117.444,5.702906199324822,2025-06
M103,2025,6,1,False,3328.7690000000002,486.5044649,4245,333.56600000000003,6.842216752695624,2025-06
M103,2025,6,1,True,4732.728,741.4178004,4203,443.404,6.3833482247751006,2025-06
M103,2025,7,0,False,10640.465,1796.2889339,13566,860.249,5.923582113762751,2025-07
M103,2025,7,0,True,14866.478000000001,2571.8539416,13191,1138.018,5.780451898738573,2025-07
M103,2025,7,1,False,3160.463,451.7961125,4048,336.938,6.995330222103228,2025-07
M103,2025,7,1,True,4339.72,676.5969597,3859,437.22,6.414040054102833,2025-07
M103,2025,8,0,False,9996.081,1680.1500334,12726,851.972,5.94951688913855,2025-08
M103,2025,8,0,True,13942.363,2377.4092087,12363,1111.448,5.864519641372078,2025-08
M103,2025,8,1,False,4047.952,582.398628,5180,335.192,6.950483406701982,2025-08
M103,2025,8,1,True,5612.0960000000005,900.0680844,4983,448.487,6.2351905342151035,2025-08
M103,2025,9,0,False,9365.826000000001,1628.7414187,11892,860.04,5.750345568958055,2025-09
M103,2025,9,0,True,13106.288,2376.5183636,11636,1121.106,5.514911309225618,2025-09
M103,2025,9,1,False,2966.347,454.3102793,3786,330.055,6.529341586922795,2025-09
M103,2025,9,1,True,4159.929,704.1825067,3698,439.035,5.907458592651802,2025-09
M104,2023,1,0,False,15334.868,2693.2557132,16031,965.1899999999999,5.693803200654805,2023-01
M104,2023,1,0,True,5357.588000000001,872.3097286,4004,321.12000000000006,6.141841394568164,2023-01
M104,2023,1,1,False,9801.86,1576.076452,10254,368.688,6.219152622680007,2023-01
M104,2023,1,1,True,3284.0800000000004,566.8669425,2452,128.448,5.7933877490130765,2023-01
M104,2023,2,0,False,14298.758,2538.3159355,14954,921.72,5.6331671719909115,2023-02
M104,2023,2,0,True,5013.840000000001,828.8008462,3747,321.12000000000006,6.049511198001478,2023-02
M104,2023,2,1,False,8686.708999999999,1401.7272437,9098,368.688,6.19714644132232,2023-02
M104,2023,2,1,True,3017.9760000000006,514.2225111,2254,128.448,5.869007938886401,2023-02
M104,2023,3,0,False,15752.794,2818.690608,16469,921.72,5.588692123672766,2023-03
M104,2023,3,0,True,5420.6320000000005,950.2125174,4052,321.12000000000006,5.704652275926754,2023-03
M104,2023,3,1,False,8609.158,1402.3730905,9005,368.688,6.13899258215979,2023-03
M104,2023,3,1,True,2907.2000000000003,498.2827795,2175,128.448,5.834438033193158,2023-03
M104,2023,4,0,False,13752.855,2483.2148404,14398,921.72,5.538326678888835,2023-04
M104,2023,4,0,True,4764.224000000001,836.4508461,3560,321.12000000000006,5.6957608713213315,2023-04
M104,2023,4,1,False,10609.015,1731.7860994,11095,412.158,6.12605390681657,2023-04
M104,2023,4,1,True,3609.5680000000007,648.3824947,2695,128.448,5.567034936176231,2023-04
M104,2023,5,0,False,16295.143,2931.720561,17054,921.72,5.558218343443272,2023-05
M104,2023,5,0,True,5566.552000000001,994.2527968,4160,321.12000000000006,5.598729033416786,2023-05
M104,2023,5,1,False,8453.36,1375.9186373,8854,368.688,6.143793514264945,2023-05
M104,2023,5,1,True,2725.0640000000003,518.8850032,2023,128.448,5.251768663951243,2023-05
M104,2023,6,0,False,15244.734999999999,2723.5133791,15953,921.72,5.597451849139697,2023-06
M104,2023,6,0,True,5269.280000000001,955.7953033,3938,321.12000000000006,5.512979590721118,2023-06
M104,2023,6,1,False,8308.021,1339.6944711,8690,368.688,6.201429638788035,2023-06
M104,2023,6,1,True,2541.1000000000004,465.6241657,1902,128.448,5.45740575165341,2023-06
M104,2023,7,0,False,14585.871,2546.5073315,15262,921.72,5.727794622687502,2023-07
M104,2023,7,0,True,5090.500000000001,904.2022543,3805,321.12000000000006,5.629824495340236,2023-07
M104,2023,7,1,False,10394.975999999999,1656.7922474,10891,368.688,6.274157798790289,2023-07
M104,2023,7,1,True,3303.452,621.8602694,2482,128.448,5.312209450504574,2023-07
M104,2023,8,0,False,15743.448,2763.7731,16481,921.72,5.696360529741027,2023-08
M104,2023,8,0,True,5427.952000000001,960.7111104,4058,321.12000000000006,5.649931536380409,2023-08
M104,2023,8,1,False,8016.398,1290.4867312,8404,368.688,6.211918190391388,2023-08
M104,2023,8,1,True,2705.4320000000002,500.1919572,2016,128.448,5.408787488596588,2023-08
M104,2023,9,0,False,14699.452,2618.0359092,15374,921.72,5.6146869293675,2023-09
M104,2023,9,0,True,4940.840000000001,922.4797187,3692,321.12000000000006,5.356041872620089,2023-09
M104,2023,9,1,False,9165.967,1482.4841837,9582,368.688,6.18284302846556,2023-09
M104,2023,9,1,True,3070.3160000000003,583.6775009,2294,128.448,5.260295274814832,2023-09
M104,2023,10,0,False,15111.386999999999,2700.9195871,15834,921.72,5.594904443721415,2023-10
M104,2023,10,0,True,5279.316000000001,941.1077933,3947,321.12000000000006,5.6096825863996385,2023-10
M104,2023,10,1,False,8370.849,1359.0080634,8716,368.688,6.159528574876592,2023-10
M104,2023,10,1,True,2725.9400000000005,499.2672247,2039,128.448,5.459881732949655,2023-10
M104,2023,11,0,False,15225.484999999999,2698.5878249,15948,921.72,5.642019451623443,2023-11
M104,2023,11,0,True,5122.888000000001,904.1508488,3830,321.12000000000006,5.665966035202157,2023-11
M104,2023,11,1,False,7842.175,1263.3133408,8203,368.688,6.207624622276133,2023-11
M104,2023,11,1,True,2590.4400000000005,487.4597377,1926,128.448,5.314161970017407,2023-11
M104,2023,12,0,False,13736.66,2365.4517413,14390,921.72,5.8072036559285864,2023-12
M104,2023,12,0,True,4715.544000000001,931.4775348000001,3523,321.12000000000006,5.062434491254249,2023-12
M104,2023,12,1,False,9177.68,1495.1152882,9611,368.688,6.138443016691507,2023-12
M104,2023,12,1,True,2802.7920000000004,583.246388,2090,128.448,4.8055025417491315,2023-12
M104,2024,1,0,False,16005.758,2823.5131303,16746,921.72,5.668738646276236,2024-01
M104,2024,1,0,True,5546.404,931.6136141,4146,321.12000000000006,5.953545457102612,2024-01
M104,2024,1,1,False,8392.074999999999,1383.1714586,8791,368.688,6.067270220059469,2024-01
M104,2024,1,1,True,2938.0520000000006,490.1802895,2197,128.448,5.9938191374380025,2024-01
M104,2024,2,0,False,14328.190999999999,2559.7028575,14989,921.72,5.597599329944882,2024-02
M104,2024,2,0,True,4943.792,861.8380593,3695,321.12000000000006,5.73633520433692,2024-02
M104,2024,2,1,False,8641.09,1419.1517021,9046,368.688,6.088912120679759,2024-02
M104,2024,2,1,True,3012.7040000000006,554.7902732,2252,128.448,5.430347548494115,2024-02
M104,2024,3,0,False,14381.399,2539.8050674,15041,921.72,5.662402671998071,2024-03
M104,2024,3,0,True,4937.576000000001,892.4691711,3693,321.12000000000006,5.532489143478494,2024-03
M104,2024,3,1,False,10286.011,1679.3664105,10761,368.688,6.124935532643845,2024-03
M104,2024,3,1,True,3464.0840000000003,649.0277638,2592,128.448,5.337343320597097,2024-03
M104,2024,4,0,False,14784.589,2622.2386783,15452,921.72,5.638155337402338,2024-04
M104,2024,4,0,True,5070.076000000001,938.3197315,3790,321.12000000000006,5.4033564783882,2024-04
M104,2024,4,1,False,8111.264,1354.6300526,8488,368.688,5.9878075083538125,2024-04
M104,2024,4,1,True,2803.4640000000004,551.700822,2095,128.448,5.081493244539701,2024-04
M104,2024,5,0,False,15537.657,2771.6086565,16238,921.72,5.606006808919778,2024-05
M104,2024,5,0,True,5381.908,1009.4166888999999,4022,321.12000000000006,5.331701030091817,2024-05
M104,2024,5,1,False,7721.893,1257.4905840000001,8072,368.688,6.140716358636367,2024-05
M104,2024,5,1,True,2597.4880000000003,532.5280738,1937,128.448,4.8776545834755956,2024-05
M104,2024,6,0,False,13322.401,2346.7439659,13915,921.72,5.676972517490089,2024-06
M104,2024,6,0,True,4598.116000000001,865.4572244,3437,321.12000000000006,5.312932713904792,2024-06
M104,2024,6,1,False,9551.732,1569.0005623,9991,388.776,6.087781119719998,2024-06
M104,2024,6,1,True,3148.8920000000003,604.8491740000001,2334,165.60000000000002,5.206078036241148,2024-06
M104,2024,7,0,False,15798.85,2787.0895147,16658,913.2,5.66858363058374,2024-07
M104,2024,7,0,True,5719.396,1035.0652808,4135,332.16,5.525637953559305,2024-07
M104,2024,7,1,False,8247.59,1343.7536309,8701,365.28,6.137724810816733,2024-07
M104,2024,7,1,True,2856.852,550.1211344,2061,132.864,5.193132605450397,2024-07
M104,2024,8,0,False,14388.681,2537.3511735,15194,913.2,5.670748751798664,2024-08
M104,2024,8,0,True,5180.292,930.5908278,3745,332.16,5.5666699533743245,2024-08
M104,2024,8,1,False,9337.6,1505.9877866,9862,365.28,6.200315887741079,2024-08
M104,2024,8,1,True,3208.808,620.2986125,2314,132.864,5.173005283805951,2024-08
M104,2024,9,0,False,14505.943,2595.2023001000002,15295,913.2,5.589523020783792,2024-09
M104,2024,9,0,True,5144.82,942.3175317,3717,332.16,5.459751969931432,2024-09
M104,2024,9,1,False,9227.825,1506.5908053,9687,365.28,6.124971005755281,2024-09
M104,2024,9,1,True,3317.192,632.1491726,2398,132.864,5.247482941971661,2024-09
M104,2024,10,0,False,15480.34,2782.0756202,16333,913.2,5.564313165178141,2024-10
M104,2024,10,0,True,5553.828,1020.7130347,4013,332.16,5.441125773055635,2024-10
M104,2024,10,1,False,8187.218,1353.5853315,8633,365.28,6.048542200828364,2024-10
M104,2024,10,1,True,2765.312,543.0402859,1990,132.864,5.092277814005917,2024-10
M104,2024,11,0,False,14450.371,2595.8167359,15250,913.2,5.56679167683611,2024-11
M104,2024,11,0,True,5045.12,918.6578091,3642,332.16,5.491838146940322,2024-11
M104,2024,11,1,False,8889.385,1465.5464205,9378,365.28,6.06557723157429,2024-11
M104,2024,11,1,True,2986.36,578.2075094,2140,132.864,5.164858552423359,2024-11
M104,2024,12,0,False,14455.789,2511.1383813,15274,913.2,5.756667616428343,2024-12
M104,2024,12,0,True,4979.068,1014.4133632,3597,332.16,4.908322564179723,2024-12
M104,2024,12,1,False,9020.76,1452.4850269,9531,365.28,6.2105700457737365,2024-12
M104,2024,12,1,True,3038.7,661.978062,2195,132.864,4.590333387815501,2024-12
M104,2025,1,0,False,15853.243,2803.7305899,16658,1022.88,5.654338921545752,2025-01
M104,2025,1,0,True,5726.808,941.4789063,4140,332.16,6.082778872344875,2025-01
M104,2025,1,1,False,8301.608,1383.0400138,8737,400.597,6.002435155285744,2025-01
M104,2025,1,1,True,2949.56,495.2686013,2130,132.864,5.955475457676666,2025-01
M104,2025,2,0,False,10346.308,1853.1283758,10849,916.6800000000001,5.583157721349702,2025-02
M104,2025,2,0,True,3683.932,612.9333383,2663,368.904,6.010330601721815,2025-02
M104,2025,2,1,False,5709.173,950.8027875,5996,366.672,6.004581680930337,2025-02
M104,2025,2,1,True,2014.448,333.9497166,1456,132.864,6.03218957784856,2025-02
M104,2025,3,0,False,14524.254,2591.7362341,15246,1005.288,5.604063333645393,2025-03
M104,2025,3,0,True,5190.965,905.5028069,3789,391.056,5.732687917082591,2025-03
M104,2025,3,1,False,10620.753,1776.0705735,11150,455.28000000000003,5.979916090310699,2025-03
M104,2025,3,1,True,3533.406,604.5225089,2588,192.98399999999998,5.844953575722844,2025-03
M104,2025,4,0,False,15146.534,2724.638445,15893,916.6800000000001,5.55909868621119,2025-04
M104,2025,4,0,True,4999.791,880.0564098,3939,304.68,5.6812165042195915,2025-04
M104,2025,4,1,False,8664.134,1430.5219851,9094,366.672,6.056624148558149,2025-04
M104,2025,4,1,True,2772.0879999999997,479.9158365,2183,121.872,5.776196135173796,2025-04
M104,2025,5,0,False,15197.493,2735.091169,15960,916.6800000000001,5.556484980190436,2025-05
M104,2025,5,0,True,4975.7429999999995,868.7141752,3921,304.68,5.7277101514482105,2025-05
M104,2025,5,1,False,9743.001,1607.9844755,10227,366.672,6.05913872207655,2025-05
M104,2025,5,1,True,3132.1,566.549451,2468,121.872,5.528378845785873,2025-05
M104,2025,6,0,False,14226.102,2528.8186655,14939,916.6800000000001,5.625591978611564,2025-06
M104,2025,6,0,True,4680.889999999999,861.4174993,3688,304.68,5.433938831987691,2025-06
M104,2025,6,1,False,9069.479,1460.1627944,9549,366.672,6.211279341442724,2025-06
M104,2025,6,1,True,2831.747,508.5208451,2224,121.872,5.568595716942814,2025-06
M104,2025,7,0,False,15963.273000000001,2833.437011,16782,916.6800000000001,5.633890196968279,2025-07
M104,2025,7,0,True,5288.211,958.9175239,4167,304.68,5.5147714669895604,2025-07
M104,2025,7,1,False,8541.958,1375.5266901,8969,366.672,6.209954384366766,2025-07
M104,2025,7,1,True,2789.045,497.5808356,2194,121.872,5.605209848238777,2025-07
M104,2025,8,0,False,14403.224,2556.6415348,15124,916.6800000000001,5.633650163289993,2025-08
M104,2025,8,0,True,4769.071,818.4186358000001,3758,304.68,5.8271779152954615,2025-08
M104,2025,8,1,False,10656.248,1741.2069695,11199,366.672,6.120035232261916,2025-08
M104,2025,8,1,True,3443.9359999999997,592.04585,2710,121.872,5.817008936047774,2025-08
M104,2025,9,0,False,15511.991,2761.3461662,16293,916.6800000000001,5.617546684248819,2025-09
M104,2025,9,0,True,5102.193,918.3100171,4020,304.68,5.556068108799028,2025-09
M104,2025,9,1,False,8366.916,1359.0080535,8764,366.672,6.156634597162084,2025-09
M104,2025,9,1,True,2787.8089999999997,497.8038922,2197,121.872,5.60021535323785,2025-09
M106,2023,1,0,False,4370.634,802.9694719,8891,354.275,5.443088626592655,2023-01
M106,2023,1,1,False,903.346,128.9322305,1838,108.196,7.006362928003483,2023-01
M106,2023,2,0,False,3918.476,715.7103261,7971,354.275,5.474946856436029,2023-02
M106,2023,2,1,False,826.224,116.2875284,1680,108.196,7.105009551479985,2023-02
M106,2023,3,0,False,4715.897,855.1553482,9595,354.275,5.51466702503399,2023-03
M106,2023,3,1,False,819.695,119.9528014,1668,108.196,6.8334794221821324,2023-03
M106,2023,4,0,False,4079.3650000000002,739.7650502,8302,354.275,5.5144062278923816,2023-04
M106,2023,4,1,False,1004.915,148.4013878,2044,108.196,6.771601094150953,2023-04
M106,2023,5,0,False,4495.539,835.8411381,9148,354.275,5.3784610437087075,2023-05
M106,2023,5,1,False,761.734,116.5333483,1549,108.196,6.5366181536208385,2023-05
M106,2023,6,0,False,4411.188,805.1500377,8979,354.275,5.478715510715302,2023-06
M106,2023,6,1,False,770.991,121.4152938,1572,108.196,6.350031992427629,2023-06
M106,2023,7,0,False,4220.994,747.7789392,8586,354.275,5.64470832050414,2023-07
M106,2023,7,1,False,987.234,145.7008496,2008,108.196,6.775760077654345,2023-07
M106,2023,8,0,False,4672.649,823.8828252,9512,354.275,5.671497034624676,2023-08
M106,2023,8,1,False,776.264,120.4786095,1587,108.196,6.443168652274327,2023-08
M106,2023,9,0,False,4132.441,797.7642244,8410,354.275,5.180027975192817,2023-09
M106,2023,9,1,False,901.328,134.4341829,1838,108.196,6.704604294507896,2023-09
M106,2023,10,0,False,4546.982,852.8394968,9247,354.275,5.33157999490063,2023-10
M106,2023,10,1,False,884.4780000000001,134.0277905,1794,108.196,6.599213466851862,2023-10
M106,2023,11,0,False,4455.203,827.0469904,9063,354.275,5.386880131013171,2023-11
M106,2023,11,1,False,726.953,108.0433503,1483,108.196,6.7283455944442325,2023-11
M106,2023,12,0,False,4166.106,753.5344696,8473,354.275,5.528753053873569,2023-12
M106,2023,12,1,False,901.658,133.8697201,1834,108.196,6.735339398083944,2023-12
M106,2024,1,0,False,4599.326,833.8764649,9351,354.275,5.515596366605166,2024-01
M106,2024,1,1,False,741.052,106.1258565,1508,108.196,6.982765788090483,2024-01
M106,2024,2,0,False,4156.928,786.077285,8451,354.275,5.288192496237822,2024-02
M106,2024,2,1,False,818.88,126.9364047,1665,108.196,6.451104408820553,2024-02
M106,2024,3,0,False,4320.008,804.4992407,8784,354.275,5.369809915844213,2024-03
M106,2024,3,1,False,1007.428,153.3283337,2049,108.196,6.5703968450548675,2024-03
M106,2024,4,0,False,4519.176,849.0053385,9187,354.275,5.322906458968044,2024-04
M106,2024,4,1,False,767.139,118.4405788,1566,108.196,6.476994690269109,2024-04
M106,2024,5,0,False,4496.922,874.9364287,9144,354.275,5.139712843688114,2024-05
M106,2024,5,1,False,784.454,123.55974140000001,1595,108.196,6.348783115857184,2024-05
M106,2024,6,0,False,4095.314,745.4050882,8327,354.275,5.494078407606985,2024-06
M106,2024,6,1,False,987.653,155.9035965,2020,108.196,6.335023836348766,2024-06
M106,2024,7,0,False,4629.992,830.8198119,9411,354.275,5.572799220340788,2024-07
M106,2024,7,1,False,817.886,121.2227771,1661,108.196,6.746966366933694,2024-07
M106,2024,8,0,False,4521.798,807.4191846,9192,354.275,5.60031032980734,2024-08
M106,2024,8,1,False,847.622,132.180842,1727,108.196,6.41259343770862,2024-08
M106,2024,9,0,False,4246.312,800.5420482,8632,354.275,5.304296019862708,2024-09
M106,2024,9,1,False,912.07,144.0375192,1851,108.196,6.332169597655776,2024-09
M106,2024,10,0,False,4617.859,872.2389262,9396,354.275,5.294259246280357,2024-10
M106,2024,10,1,False,802.511,128.7091857,1631,108.196,6.235071689992052,2024-10
M106,2024,11,0,False,4169.782,774.9480936,8468,354.275,5.380724250355134,2024-11
M106,2024,11,1,False,853.636,135.0247188,1745,108.196,6.32207204418929,2024-11
M106,2024,12,0,False,4329.2,777.6017215,8802,354.275,5.5673745058703545,2024-12
M106,2024,12,1,False,904.824,135.668059,1839,108.196,6.669395926125839,2024-12
M106,2025,1,0,False,4564.229,819.3739488,9285,354.275,5.5703857886676325,2025-01
M106,2025,1,1,False,793.494,118.5808546,1616,108.196,6.691586113767138,2025-01
M106,2025,2,0,False,3964.42,724.5997502,8060,354.275,5.47118598772048,2025-02
M106,2025,2,1,False,775.652,118.003087,1574,108.196,6.573150073607821,2025-02
M106,2025,3,0,False,4259.776,768.1467233,8652,370.781,5.54552388337969,2025-03
M106,2025,3,1,False,1003.127,155.8788864,2037,121.16499999999999,6.435297448981519,2025-03
M106,2025,4,0,False,4592.222,827.329771,9325,354.275,5.5506548428075355,2025-04
M106,2025,4,1,False,777.925,117.6764117,1583,108.196,6.6107131307097795,2025-04
M106,2025,5,0,False,4432.815,818.9194791,9013,354.275,5.413004713078389,2025-05
M106,2025,5,1,False,897.928,138.7252817,1822,108.196,6.47270626519117,2025-05
M106,2025,6,0,False,4272.956,765.8500501,8687,354.275,5.5793637402544585,2025-06
M106,2025,6,1,False,768.336,116.7327839,1565,108.196,6.58200699349551,2025-06
M106,2025,7,0,False,4592.702,816.4320117999999,9329,354.275,5.625333075652437,2025-07
M106,2025,7,1,False,665.7139999999999,101.3430553,1355,108.196,6.568915827821899,2025-07
M106,2025,8,0,False,4276.512,748.3372525,8693,354.275,5.714685438568354,2025-08
M106,2025,8,1,False,1003.2629999999999,153.7838968,2039,108.196,6.523849511400857,2025-08
M106,2025,9,0,False,4382.22,818.7661429,8896,354.275,5.352224243760923,2025-09
M106,2025,9,1,False,791.798,126.9972271,1610,108.196,6.234766050258116,2025-09
M11,2023,1,0,False,16299.657,2728.0234298,23681,917.521,5.974896264433835,2023-01
M11,2023,1,0,True,10974.685,1999.6729529,20212,617.43,5.488239956480935,2023-01
M11,2023,1,1,False,5263.348,727.2025313,7573,354.241,7.237802088767289,2023-01
M11,2023,1,1,True,3580.187,574.4436219,6593,235.254,6.232442773336674,2023-01
M11,2023,2,0,False,14625.678,2454.234574,21250,914.913,5.959364339066637,2023-02
M11,2023,2,0,True,9849.283,1830.9104053,18163,611.276,5.379445641626667,2023-02
M11,2023,2,1,False,4579.842,646.5136455,6584,354.241,7.083906166370311,2023-02
M11,2023,2,1,True,3063.997,512.3216742,5607,235.254,5.980611702178108,2023-02
M11,2023,3,0,False,17274.279,2936.4823353,25101,917.673,5.882643594460855,2023-03
M11,2023,3,0,True,11651.791,2218.0539972,21456,614.088,5.253159307532118,2023-03
M11,2023,3,1,False,4431.852,637.8797593,6370,358.621,6.947785903825276,2023-03
M11,2023,3,1,True,3062.435,516.7666919,5605,236.424,5.9261462629108745,2023-03
M11,2023,4,0,False,14934.476,2549.6345811,21679,910.08,5.857496643129445,2023-04
M11,2023,4,0,True,10046.274,1933.0384956,18503,614.24,5.197141196550105,2023-04
M11,2023,4,1,False,5259.204,757.9386206,7553,356.253,6.938825726859919,2023-04
M11,2023,4,1,True,3685.955,645.8338899,6712,237.594,5.7072802428666725,2023-04
M11,2023,5,0,False,17083.756,2918.5789814,24828,919.466,5.853449952485155,2023-05
M11,2023,5,0,True,11518.007,2247.9109411,21143,619.692,5.1238715864622915,2023-05
M11,2023,5,1,False,3988.444,590.5669858,5739,356.171,6.753584429710599,2023-05
M11,2023,5,1,True,2745.276,500.2991712,4993,235.254,5.487268734455981,2023-05
M11,2023,6,0,False,16472.335,2784.5565458,23931,914.322,5.91560441638204,2023-06
M11,2023,6,0,True,11153.964,2165.3428683,20519,615.192,5.1511306423065095,2023-06
M11,2023,6,1,False,4228.708,611.7050334,6066,354.678,6.912985457215954,2023-06
M11,2023,6,1,True,2995.1679999999997,528.5491775,5444,236.424,5.666772606036265,2023-06
M11,2023,7,0,False,15319.556999999999,2515.0831899,22205,908.689,6.091073671646267,2023-07
M11,2023,7,0,True,10022.212,1905.868393,18605,589.576,5.25860654219895,2023-07
M11,2023,7,1,False,5427.55,757.6086155,7790,356.445,7.164055277299047,2023-07
M11,2023,7,1,True,3851.25,653.9025316999999,7064,235.254,5.889639224958517,2023-07
M11,2023,8,0,False,17121.329999999998,2830.3417538,24805,1315.136,6.049209420386426,2023-08
M11,2023,8,0,True,11483.369999999999,2168.6364998,21218,853.86,5.295202769601563,2023-08
M11,2023,8,1,False,4049.2599999999998,573.4383476,5808,521.399,7.0613693990771385,2023-08
M11,2023,8,1,True,2823.339,484.5375242,5138,345.228,5.826873789932986,2023-08
M11,2023,9,0,False,15322.714,2619.01703,22265,921.55,5.85055913133944,2023-09
M11,2023,9,0,True,10411.377,2083.4937091,14151,676.316,4.997076283228793,2023-09
M11,2023,9,1,False,4523.061,656.4272412,6511,355.642,6.890422450676319,2023-09
M11,2023,9,1,True,3220.436,564.5963964,4447,282.384,5.703961308528111,2023-09
M11,2023,10,0,False,16313.262,2779.4161888,23718,911.276,5.869312435372687,2023-10
M11,2023,10,0,True,11114.982,2218.8959343,14868,620.85,5.0092398783480885,2023-10
M11,2023,10,1,False,4221.657999999999,610.46307,6102,359.142,6.915501047426177,2023-10
M11,2023,10,1,True,3047.486,554.5169453999999,4051,236.424,5.495749093477568,2023-10
M11,2023,11,0,False,15745.369999999999,2647.8512322,22889,920.504,5.946470786773682,2023-11
M11,2023,11,0,True,10709.234,2130.3842583,14333,625.132,5.0269025215881635,2023-11
M11,2023,11,1,False,3924.9629999999997,564.2247693,5640,355.284,6.956381948402348,2023-11
M11,2023,11,1,True,2733.84,484.7469561,3640,236.424,5.639725975785246,2023-11
M11,2023,12,0,False,14311.408,2371.5400083,20812,924.59,6.034647507489828,2023-12
M11,2023,12,0,True,9768.864,1918.0500293,13070,626.302,5.093122624942784,2023-12
M11,2023,12,1,False,4417.037,634.1491958,6361,357.049,6.965296225642553,2023-12
M11,2023,12,1,True,3034.41,547.1597244,4053,236.424,5.5457480963670145,2023-12
M11,2024,1,0,False,16624.925,2795.3225509,24161,1077.989,5.947408464417579,2024-01
M11,2024,1,0,True,11298.792,2090.9386723,15110,625.132,5.403693637542944,2024-01
M11,2024,1,1,False,4518.799,641.5572562,6499,388.557,7.04348513921461,2024-01
M11,2024,1,1,True,3037.046,497.0472366,4051,236.424,6.110175806980837,2024-01
M11,2024,2,0,False,15295.596,2612.5681358,22226,911.201,5.8546208959699735,2024-02
M11,2024,2,0,True,10290.482,1964.4633857,13759,622.02,5.238317025864638,2024-02
M11,2024,2,1,False,4633.208,669.6208707,6667,355.427,6.919151123764398,2024-02
M11,2024,2,1,True,3086.35,519.2300139,4110,236.424,5.944090128415437,2024-02
M11,2024,3,0,False,15710.99,2662.0390339,22837,911.955,5.901863120685625,2024-03
M11,2024,3,0,True,10668.168,2072.7845589,14277,620.85,5.14678091082532,2024-03
M11,2024,3,1,False,5611.847,813.9405964,8076,435.625,6.894664088289478,2024-03
M11,2024,3,1,True,3755.354,655.155572,4990,255.934,5.732003451540514,2024-03
M11,2024,4,0,False,16259.64,2765.4170087,23598,915.399,5.8796340475404545,2024-04
M11,2024,4,0,True,10950.206,2156.4445127,14725,618.895,5.077898334740677,2024-04
M11,2024,4,1,False,4004.027,607.3961294,5751,356.647,6.592118069562398,2024-04
M11,2024,4,1,True,2682.705,485.5536381,3552,236.697,5.525043557489513,2024-04
M11,2024,5,0,False,16556.488,2852.1659056,24035,941.642,5.80488251664907,2024-05
M11,2024,5,0,True,11241.171,2253.9092373,15058,625.905,4.987410679174468,2024-05
M11,2024,5,1,False,3382.514,511.560603,4865,357.081,6.61214718288226,2024-05
M11,2024,5,1,True,2297.866,425.1555665,3079,235.52700000000002,5.404765175525462,2024-05
M11,2024,6,0,False,14645.07,2480.5334322,21266,1160.434,5.904000248451076,2024-06
M11,2024,6,0,True,9895.546,2008.2806528,13283,779.23,4.927372071330447,2024-06
M11,2024,6,1,False,4308.677,633.6805543,6189,517.833,6.799446457307834,2024-06
M11,2024,6,1,True,3111.678,555.2630781,4173,344.623,5.603970663145016,2024-06
M11,2024,7,0,False,16659.543999999998,2754.6947509,24121,909.085,6.047691489068644,2024-07
M11,2024,7,0,True,11157.244,2173.2100263,15002,589.358,5.133992511067038,2024-07
M11,2024,7,1,False,3936.053,560.1736262,5648,355.427,7.026487531554552,2024-07
M11,2024,7,1,True,2772.506,457.1025245,3696,236.424,6.0653920103213075,2024-07
M11,2024,8,0,False,15837.594,2655.0073027,22934,1178.945,5.96517907272572,2024-08
M11,2024,8,0,True,10612.41,2029.6211947,14278,746.138,5.228763883483504,2024-08
M11,2024,8,1,False,4605.905,655.8911329,6624,550.334,7.0223620490723055,2024-08
M11,2024,8,1,True,3163.654,542.9358241,4199,346.398,5.826939132712868,2024-08
M11,2024,9,0,False,15180.832,2590.4853869,22055,927.242,5.860226842725681,2024-09
M11,2024,9,0,True,10352.872,2076.6709033,13841,624.914,4.985321450571893,2024-09
M11,2024,9,1,False,4336.331,639.1716858,6231,357.214,6.784297703319824,2024-09
M11,2024,9,1,True,3089.992,578.5622195,4074,236.424,5.340811922822072,2024-09
M11,2024,10,0,False,16543.233,2845.2411673,24029,916.5699999999999,5.814351763966198,2024-10
M11,2024,10,0,True,11266.294,2278.3625019,15064,619.68,4.944908455351014,2024-10
M11,2024,10,1,False,3623.507,540.2811101,5211,358.402,6.70670680921887,2024-10
M11,2024,10,1,True,2563.754,489.8955726,3336,237.594,5.233266319173916,2024-10
M11,2024,11,0,False,14918.270999999999,2551.6531379,21653,927.968,5.84651212126648,2024-11
M11,2024,11,0,True,10092.292,1966.8650326,13454,624.45,5.131156349177144,2024-11
M11,2024,11,1,False,4047.226,603.7753259,5826,360.09999999999997,6.7031987336798196,2024-11
M11,2024,11,1,True,2796.832,533.0489037,3678,237.594,5.246858178652324,2024-11
M11,2024,12,0,False,15257.128999999999,2541.0104092,22131,925.329,6.004355174917793,2024-12
M11,2024,12,0,True,10353.974,2046.57673,13862,625.132,5.0591672661107605,2024-12
M11,2024,12,1,False,4571.805,657.8313789,6580,357.21299999999997,6.949812895281454,2024-12
M11,2024,12,1,True,3050.586,544.058344,4041,237.594,5.607093492164141,2024-12
M11,2025,1,0,False,17146.466,2875.9998173,24886,922.624,5.961914843269069,2025-01
M11,2025,1,0,True,11623.404,2085.0097796,15583,622.64,5.574747952611474,2025-01
M11,2025,1,1,False,4590.318,673.0902843,6601,355.427,6.819765649676308,2025-01
M11,2025,1,1,True,3101.912,495.02085,4143,236.424,6.2662249478986585,2025-01
M11,2025,2,0,False,12502.025,2141.0490179,17979,912.236,5.839205406078153,2025-02
M11,2025,2,0,True,8540.78,1575.0355927,11410,621.804,5.422594917591033,2025-02
M11,2025,2,1,False,3684.064,540.4958571,5254,355.26,6.816081847077677,2025-02
M11,2025,2,1,True,2527.46,410.70917049999997,3356,236.424,6.153892295424166,2025-02
M11,2025,3,0,False,15541.633,2634.7059345,22651,909.908,5.898811247392361,2025-03
M11,2025,3,0,True,10609.883,1986.643415,14154,635.596,5.340607639947303,2025-03
M11,2025,3,1,False,5655.3279999999995,819.5011557,8155,355.007,6.900939627314304,2025-03
M11,2025,3,1,True,3750.196,624.6655628,5010,252.368,6.003526083925816,2025-03
M11,2025,4,0,False,16494.648,2814.5301809,24029,909.2189999999999,5.860533353643244,2025-04
M11,2025,4,0,True,11297.088,2164.0595318,15081,622.52,5.220322192617049,2025-04
M11,2025,4,1,False,4489.48,652.6694698,6478,358.141,6.878642571370357,2025-04
M11,2025,4,1,True,3007.59,513.7930595,3984,237.531,5.853699158425475,2025-04
M11,2025,5,0,False,16476.317,2808.2631858,24002,919.605,5.867084354241653,2025-05
M11,2025,5,0,True,11260.41,2216.5745165,14994,628.026,5.080095397731241,2025-05
M11,2025,5,1,False,4598.9,685.3153096,6635,356.629,6.710633682887156,2025-05
M11,2025,5,1,True,3069.607,533.0030827,4096,237.531,5.759079261700487,2025-05
M11,2025,6,0,False,15785.912,2671.8321446,23000,992.768,5.908272356070223,2025-06
M11,2025,6,0,True,10824.334,2101.1611712,14448,675.796,5.151596245145766,2025-06
M11,2025,6,1,False,4693.558,695.8261568,6775,440.882,6.745302622116087,2025-06
M11,2025,6,1,True,3155.912,547.6108324,4167,293.611,5.763056194795608,2025-06
M11,2025,7,0,False,16960.948,2838.7028246,24628,907.305,5.974893832851263,2025-07
M11,2025,7,0,True,11472.941,2201.4564609,15373,591.43,5.211523009321579,2025-07
M11,2025,7,1,False,4689.92,683.9684135,6763,353.579,6.856924833707983,2025-07
M11,2025,7,1,True,3200.33,526.4914368,4267,236.334,6.078598389845645,2025-07
M11,2025,8,0,False,15887.032,2673.6735221,23080,904.032,5.942023911551381,2025-08
M11,2025,8,0,True,10682.071,1994.1136969,14310,586.964,5.356801378279526,2025-08
M11,2025,8,1,False,5413.005999999999,794.465032,7802,443.611,6.813397420869745,2025-08
M11,2025,8,1,True,3800.119,622.0078028,5022,294.808,6.109439436118919,2025-08
M11,2025,9,0,False,16399.659,2800.6982104,23867,918.99,5.855560923737576,2025-09
M11,2025,9,0,True,11204.779,2197.1956475,14947,628.026,5.099581829569412,2025-09
M11,2025,9,1,False,4490.113,682.9319857,6474,354.513,6.574758678783611,2025-09
M11,2025,9,1,True,2987.021,513.4949978,3903,237.531,5.81704011294655,2025-09
M116,2023,1,0,False,13211.108,2310.434431,29576,577.73,5.718019010945046,2023-01
M116,2023,1,1,False,3742.023,622.7472419,8371,220.364,6.008895340239644,2023-01
M116,2023,2,0,False,11840.065,2070.8311668,26497,577.73,5.717542400279853,2023-02
M116,2023,2,1,False,3304.236,557.4361451999999,7392,220.364,5.927559646880251,2023-02
M116,2023,3,0,False,14312.917000000001,2525.9275899,32035,577.73,5.666400358122159,2023-03
M116,2023,3,1,False,3473.106,591.8203587,7769,220.364,5.868513897746046,2023-03
M116,2023,4,0,False,12144.865,2139.0172752,27190,577.73,5.67777789399314,2023-04
M116,2023,4,1,False,4178.403,730.7152823,9353,219.69,5.718236775954727,2023-04
M116,2023,5,0,False,13941.024000000001,2514.3031215,31234,577.73,5.544687066881169,2023-05
M116,2023,5,1,False,3296.6710000000003,599.4950522,7399,220.364,5.499079580226767,2023-05
M116,2023,6,0,False,13344.662,2335.114247,29877,577.73,5.714779059373364,2023-06
M116,2023,6,1,False,3094.3650000000002,561.6372491,6930,220.364,5.509543757930212,2023-06
M116,2023,7,0,False,12412.795,2145.9125199,27779,577.73,5.784390036821463,2023-07
M116,2023,7,1,False,4266.962,750.1994839,9545,220.364,5.687769841986158,2023-07
M116,2023,8,0,False,13761.872000000001,2361.8620022,30804,577.73,5.826704518376286,2023-08
M116,2023,8,1,False,3175.552,574.2730946,7109,220.364,5.529689671796092,2023-08
M116,2023,9,0,False,12591.25,2266.9303962,28191,577.73,5.554316983488512,2023-09
M116,2023,9,1,False,3760.755,685.2430931,8417,220.364,5.488205627854726,2023-09
M116,2023,10,0,False,13347.981,2412.5048251,29887,577.73,5.532830799394035,2023-10
M116,2023,10,1,False,3726.221,653.712292,8338,220.364,5.700093214707365,2023-10
M116,2023,11,0,False,13062.305,2347.8370112,29238,577.73,5.56354846511417,2023-11
M116,2023,11,1,False,2850.8050000000003,497.23448,6386,220.364,5.733321229050729,2023-11
M116,2023,12,0,False,11864.973,2122.9642156,26562,577.73,5.588870934711765,2023-12
M116,2023,12,1,False,4027.8230000000003,700.418903,9013,220.364,5.750591514232734,2023-12
M116,2024,1,0,False,13556.414,2419.8486552,30335,603.476,5.60217432229437,2024-01
M116,2024,1,1,False,3280.619,564.077844,7342,220.364,5.815897636993521,2024-01
M116,2024,2,0,False,12079.267,2230.7833242,27048,573.936,5.414809618200748,2024-02
M116,2024,2,1,False,3281.315,586.500902,7343,220.364,5.5947313786057915,2024-02
M116,2024,3,0,False,12551.278,2309.0772082,28100,577.73,5.43562508669172,2024-03
M116,2024,3,1,False,4040.193,723.0428099,9032,246.11,5.587764575874528,2024-03
M116,2024,4,0,False,13257.865,2420.3400319,29453,582.035,5.477686946983392,2024-04
M116,2024,4,1,False,3220.943,585.5239028,7158,222.00400000000002,5.500959029336489,2024-04
M116,2024,5,0,False,13606.328000000001,2538.2008618,30237,582.035,5.360619092356185,2024-05
M116,2024,5,1,False,3094.3740000000003,566.3750541,6894,222.00400000000002,5.463471559348821,2024-05
M116,2024,6,0,False,12066.862000000001,2227.808362,26810,582.035,5.416472173202122,2024-06
M116,2024,6,1,False,3668.478,711.2966772,8154,222.00400000000002,5.157451338646574,2024-06
M116,2024,7,0,False,13512.945,2455.3028599,30023,582.035,5.503575636510421,2024-07
M116,2024,7,1,False,3373.282,605.8558707,7491,222.00400000000002,5.567796175850443,2024-07
M116,2024,8,0,False,12810.291000000001,2343.9306433,28456,582.035,5.465302924648189,2024-08
M116,2024,8,1,False,3352.356,626.8728242,7446,222.00400000000002,5.3477449820514975,2024-08
M116,2024,9,0,False,12302.325,2290.9456032,27328,582.035,5.369976913819374,2024-09
M116,2024,9,1,False,3566.612,641.9972463,7925,222.00400000000002,5.5554942339010465,2024-09
M116,2024,10,0,False,13936.536,2582.3577746,30973,582.035,5.3968261629273,2024-10
M116,2024,10,1,False,3174.8990000000003,566.4288939,7048,222.00400000000002,5.605114841758958,2024-10
M116,2024,11,0,False,12468.698,2286.5130789,27704,582.035,5.453149651782645,2024-11
M116,2024,11,1,False,3286.94,570.6669788,7303,222.00400000000002,5.759821615948036,2024-11
M116,2024,12,0,False,12940.796,2324.7039713,28751,582.035,5.5666425315922545,2024-12
M116,2024,12,1,False,3748.525,628.5622567,8326,222.00400000000002,5.963649519269648,2024-12
M116,2025,1,0,False,14133.99,2457.9587035,31404,582.035,5.750295958949174,2025-01
M116,2025,1,1,False,3333.649,567.695031,7405,222.004,5.872253266208349,2025-01
M116,2025,2,0,False,10540.646999999999,1855.7444741,23160,581.102,5.680009908213257,2025-02
M116,2025,2,1,False,2795.017,475.1797647,6134,222.004,5.88202025346051,2025-02
M116,2025,3,0,False,13130.929,2337.8075501,29179,619.975,5.616770721541354,2025-03
M116,2025,3,1,False,4242.913,729.4105943,9421,261.841,5.816906188580705,2025-03
M116,2025,4,0,False,13722.398,2435.3972947,30522,581.72,5.634562389415139,2025-04
M116,2025,4,1,False,3418.3469999999998,578.2606222,7597,221.884,5.911429671615637,2025-04
M116,2025,5,0,False,13172.782,2378.0750662,29292,581.72,5.539262484699105,2025-05
M116,2025,5,1,False,3782.537,668.3897338,8429,221.884,5.659178782557177,2025-05
M116,2025,6,0,False,12935.297,2350.3374837,28785,581.72,5.503591330908237,2025-06
M116,2025,6,1,False,3440.101,613.0947767,7649,221.884,5.611042746957398,2025-06
M116,2025,7,0,False,14028.168,2539.221709,31239,581.72,5.5245935990066,2025-07
M116,2025,7,1,False,3227.503,572.8772592,7173,221.884,5.63384730004308,2025-07
M116,2025,8,0,False,13191.489,2321.7942911,29345,581.72,5.68159248671003,2025-08
M116,2025,8,1,False,4072.258,751.336413,9062,221.884,5.420019487329173,2025-08
M116,2025,9,0,False,13751.937,2475.6706065,30580,581.72,5.554833088010007,2025-09
M116,2025,9,1,False,3329.258,603.4181308,7403,221.884,5.517331730795252,2025-09
M12,2023,1,0,False,512.3159999999999,69.8986134,684,59.91999999999999,7.329415779226315,2023-01
M12,2023,1,0,True,4174.691,634.9861288,4686,507.517,6.574460150632507,2023-01
M12,2023,1,1,False,214.96299999999997,30.3569502,287,23.967999999999996,7.081179057308595,2023-01
M12,2023,1,1,True,1755.24,233.3672454,1970,203.42600000000002,7.521364007152994,2023-01
M12,2023,2,0,False,466.62699999999995,64.9499959,623,59.91999999999999,7.184403840739887,2023-02
M12,2023,2,0,True,3813.233,579.8308791,4281,508.565,6.5764572696073245,2023-02
M12,2023,2,1,False,185.003,26.6986099,247,23.967999999999996,6.929312076281544,2023-02
M12,2023,2,1,True,1512.827,203.5372383,1698,203.42600000000002,7.432679212096787,2023-02
M12,2023,3,0,False,522.8019999999999,78.2424972,698,59.91999999999999,6.681816387629303,2023-03
M12,2023,3,0,True,4244.866,665.0250154,4764,508.565,6.383017031993591,2023-03
M12,2023,3,1,False,173.01899999999998,24.8563903,231,23.967999999999996,6.960745221320409,2023-03
M12,2023,3,1,True,1416.579,194.964158,1590,203.42600000000002,7.265843191547033,2023-03
M12,2023,4,0,False,470.37199999999996,70.9450137,628,59.91999999999999,6.6300924542636315,2023-04
M12,2023,4,0,True,3819.658,600.9919648,4288,508.565,6.35558913216272,2023-04
M12,2023,4,1,False,236.68399999999994,36.9338918,316,23.967999999999996,6.408314652613997,2023-04
M12,2023,4,1,True,1923.9560000000001,276.7358384,2159,203.42600000000002,6.952319624099689,2023-04
M12,2023,5,0,False,507.82199999999995,74.1788896,678,59.91999999999999,6.845909971669351,2023-05
M12,2023,5,0,True,4121.735000000001,655.9713934,4627,507.517,6.283406626371949,2023-05
M12,2023,5,1,False,182.75599999999997,29.1255585,244,23.967999999999996,6.274763795516573,2023-05
M12,2023,5,1,True,1503.351,219.6844491,1687,203.42600000000002,6.84322903218187,2023-05
M12,2023,6,0,False,515.3119999999999,76.1794435,688,59.91999999999999,6.764449519771037,2023-06
M12,2023,6,0,True,4179.9980000000005,665.3817071,4689,508.565,6.2821053771046795,2023-06
M12,2023,6,1,False,179.01099999999997,26.4241666,239,23.967999999999996,6.774518292660173,2023-06
M12,2023,6,1,True,1444.6190000000001,209.3402929,1621,203.42600000000002,6.900816751460655,2023-06
M12,2023,7,0,False,485.3519999999999,74.3772146,648,59.91999999999999,6.525546870909574,2023-07
M12,2023,7,0,True,3963.8360000000002,628.8275261,4445,508.565,6.30353449153822,2023-07
M12,2023,7,1,False,224.69999999999996,32.5027798,300,23.967999999999996,6.9132548472054065,2023-07
M12,2023,7,1,True,1840.347,253.3280352,2064,203.42600000000002,7.264679562793215,2023-07
M12,2023,8,0,False,531.0409999999999,82.0358411,709,59.91999999999999,6.47328037208361,2023-08
M12,2023,8,0,True,4294.807,667.7039089,4821,508.565,6.432202871292791,2023-08
M12,2023,8,1,False,185.75199999999998,28.7936183,248,23.967999999999996,6.45115171232231,2023-08
M12,2023,8,1,True,1512.661,214.3116891,1697,203.42600000000002,7.058229097779996,2023-08
M12,2023,9,0,False,480.85799999999995,77.5202903,642,59.91999999999999,6.202995346626043,2023-09
M12,2023,9,0,True,3925.1110000000003,653.5969766,4405,508.565,6.005399566592795,2023-09
M12,2023,9,1,False,208.97099999999998,34.4963941,279,23.967999999999996,6.057763585209039,2023-09
M12,2023,9,1,True,1701.7820000000002,253.6150121,1910,203.42600000000002,6.710099634516076,2023-09
M12,2023,10,0,False,513.0649999999999,80.3719476,685,59.91999999999999,6.383632788811503,2023-10
M12,2023,10,0,True,4181.0650000000005,691.1966781,4693,508.565,6.049023573859101,2023-10
M12,2023,10,1,False,211.21799999999996,35.9000049,282,23.967999999999996,5.883508946262009,2023-10
M12,2023,10,1,True,1728.632,266.1561188,1939,203.42600000000002,6.4948046574836065,2023-10
M12,2023,11,0,False,501.8299999999999,78.085566,670,59.91999999999999,6.426667894038188,2023-11
M12,2023,11,0,True,4038.7830000000004,658.5822488,4529,508.565,6.132541542622884,2023-11
M12,2023,11,1,False,181.25799999999998,29.824731,242,23.967999999999996,6.077439558465757,2023-11
M12,2023,11,1,True,1484.777,219.1969739,1667,203.42600000000002,6.773711213172912,2023-11
M12,2023,12,0,False,477.11299999999994,75.1066716,637,59.91999999999999,6.3524716225076325,2023-12
M12,2023,12,0,True,3894.888,626.5264205,4372,508.565,6.21663807392461,2023-12
M12,2023,12,1,False,233.68799999999996,38.6336107,312,23.967999999999996,6.048826287934821,2023-12
M12,2023,12,1,True,1898.1180000000002,276.6452822,2128,203.42600000000002,6.86119779417659,2023-12
M12,2024,1,0,False,534.786,80.3513829,714,59.91999999999999,6.655591735932648,2024-01
M12,2024,1,0,True,4371.756,670.363363,4906,508.565,6.521472146740812,2024-01
M12,2024,1,1,False,188.74799999999996,27.5802859,252,23.967999999999996,6.843583880325184,2024-01
M12,2024,1,1,True,1537.5620000000001,207.1847415,1725,203.42600000000002,7.421212531715325,2024-01
M12,2024,2,0,False,492.0929999999999,77.3763967,657,59.91999999999999,6.35973011134027,2024-02
M12,2024,2,0,True,3999.445,631.3019681,4489,508.565,6.33523290294333,2024-02
M12,2024,2,1,False,176.015,25.6311074,235,23.967999999999996,6.867241327231923,2024-02
M12,2024,2,1,True,1441.726,196.7311161,1618,203.42600000000002,7.328408584167027,2024-02
M12,2024,3,0,False,490.5949999999999,76.1966731,655,59.91999999999999,6.4385357003204895,2024-03
M12,2024,3,0,True,3989.692,635.2161266,4478,508.565,6.2808418000261765,2024-03
M12,2024,3,1,False,230.69199999999995,35.0197245,308,23.967999999999996,6.587487574324006,2024-03
M12,2024,3,1,True,1876.178,267.0038868,2103,203.42600000000002,7.026781604139556,2024-03
M12,2024,4,0,False,501.0809999999999,82.8730662,669,59.91999999999999,6.046367329896139,2024-04
M12,2024,4,0,True,4109.417,668.2639126,4612,508.565,6.1493923620857815,2024-04
M12,2024,4,1,False,191.74399999999997,30.0502784,256,23.967999999999996,6.380772831708606,2024-04
M12,2024,4,1,True,1553.924,234.5577921,1744,203.42600000000002,6.624908881038192,2024-04
M12,2024,5,0,False,510.0689999999999,85.9425101,681,59.91999999999999,5.935002356883684,2024-05
M12,2024,5,0,True,4176.025000000001,703.848639,4688,508.565,5.933129324414308,2024-05
M12,2024,5,1,False,167.027,27.3072223,223,23.967999999999996,6.116586966078933,2024-05
M12,2024,5,1,True,1344.636,209.0419516,1509,203.42600000000002,6.432373931204725,2024-05
M12,2024,6,0,False,450.89799999999997,73.7308341,602,59.91999999999999,6.115460451572458,2024-06
M12,2024,6,0,True,3680.418,625.1308668,4128,508.565,5.887436048134681,2024-06
M12,2024,6,1,False,229.19399999999996,37.1794483,306,23.967999999999996,6.164534722264826,2024-06
M12,2024,6,1,True,1875.851,276.1672234,2106,203.42600000000002,6.792446174117562,2024-06
M12,2024,7,0,False,518.3079999999999,87.0991679,692,59.91999999999999,5.950780156649463,2024-07
M12,2024,7,0,True,4218.454,686.0780442,4736,508.565,6.148650340383535,2024-07
M12,2024,7,1,False,190.24599999999998,29.6266693,254,23.967999999999996,6.421444073701528,2024-07
M12,2024,7,1,True,1554.172,213.5808575,1745,203.42600000000002,7.276738272295774,2024-07
M12,2024,8,0,False,522.0529999999999,89.0133415,697,59.91999999999999,5.864884872342422,2024-08
M12,2024,8,0,True,4245.9800000000005,694.3750234,4767,508.565,6.114822476202563,2024-08
M12,2024,8,1,False,208.97099999999998,33.5027789,279,23.967999999999996,6.23742289031433,2024-08
M12,2024,8,1,True,1709.9850000000001,247.0102829,1919,203.42600000000002,6.922727993037735,2024-08
M12,2024,9,0,False,481.6069999999999,77.8177895,643,59.91999999999999,6.188906201197091,2024-09
M12,2024,9,0,True,4011.6870000000004,693.3830847,4502,525.6750000000001,5.785671858054775,2024-09
M12,2024,9,1,False,213.46499999999997,41.2494394,285,23.967999999999996,5.17497942044759,2024-09
M12,2024,9,1,True,1725.823,263.8669475,1938,203.42600000000002,6.540504660971227,2024-09
M12,2024,10,0,False,540.7779999999999,89.9325014,722,59.91999999999999,6.013154216568915,2024-10
M12,2024,10,0,True,4509.146,760.9075104,5065,525.6750000000001,5.926010636469596,2024-10
M12,2024,10,1,False,183.50499999999997,32.7819498,245,23.967999999999996,5.59774513473265,2024-10
M12,2024,10,1,True,1474.076,227.630006,1657,203.42600000000002,6.475754343212555,2024-10
M12,2024,11,0,False,478.61099999999993,76.14083480000001,639,59.91999999999999,6.285864887838081,2024-11
M12,2024,11,0,True,3935.166,634.9505498,4415,525.6750000000001,6.197594444542995,2024-11
M12,2024,11,1,False,202.97899999999996,37.1791698,271,23.967999999999996,5.459481776809335,2024-11
M12,2024,11,1,True,1654.23,238.6447359,1856,203.42600000000002,6.931768235999041,2024-11
M12,2024,12,0,False,497.3359999999999,78.8330477,664,59.91999999999999,6.308724760872082,2024-12
M12,2024,12,0,True,4088.214,661.4647499,4585,525.6750000000001,6.1805470368875355,2024-12
M12,2024,12,1,False,199.23399999999998,30.5502768,266,23.967999999999996,6.52151210623401,2024-12
M12,2024,12,1,True,1625.89,235.3185968,1824,203.42600000000002,6.9093136798782755,2024-12
M12,2025,1,0,False,539.28,78.6511149,720,59.92,6.856609733830995,2025-01
M12,2025,1,0,True,4501.734,661.8789091,5054,525.675,6.801446515528501,2025-01
M12,2025,1,1,False,190.995,26.1580607,255,23.968,7.301573392250749,2025-01
M12,2025,1,1,True,1559.111,211.0103054,1749,203.42600000000002,7.3887907846229774,2025-01
M12,2025,2,0,False,342.293,53.4605518,457,59.92,6.402721043369403,2025-02
M12,2025,2,0,True,2849.889,426.8897475,3192,572.629,6.675936858849017,2025-02
M12,2025,2,1,False,119.091,17.5941672,159,23.968,6.768777325249017,2025-02
M12,2025,2,1,True,977.191,133.4569596,1096,203.42600000000002,7.322143430577599,2025-02
M12,2025,3,0,False,464.38,71.9763884,620,59.92,6.451838030817339,2025-03
M12,2025,3,0,True,3825.804,574.8608469,4356,518.365,6.6551827640220536,2025-03
M12,2025,3,1,False,231.441,33.5947232,309,23.968,6.88920693354604,2025-03
M12,2025,3,1,True,1844.098,245.5041603,2083,200.674,7.511473523489614,2025-03
M12,2025,4,0,False,516.061,82.8127847,689,59.92,6.231658576263286,2025-04
M12,2025,4,0,True,4223.696,638.2525463,4809,518.365,6.617593653930715,2025-04
M12,2025,4,1,False,191.744,30.018053600000002,256,23.968,6.3876226805058405,2025-04
M12,2025,4,1,True,1542.178,221.1558605,1754,200.674,6.973263093789912,2025-04
M12,2025,5,0,False,511.567,82.0608376,683,59.92,6.233996812140752,2025-05
M12,2025,5,0,True,4181.927,664.4364321,4762,518.365,6.29394596377371,2025-05
M12,2025,5,1,False,214.214,34.5891697,286,23.968,6.193094597468757,2025-05
M12,2025,5,1,True,1726.832,254.4916727,1963,200.674,6.785416519445904,2025-05
M12,2025,6,0,False,491.344,78.7830633,656,59.92,6.236670413906082,2025-06
M12,2025,6,0,True,4018.714,637.7283707,4578,518.365,6.301607682262707,2025-06
M12,2025,6,1,False,210.469,33.4719463,281,23.968,6.2879223727722104,2025-06
M12,2025,6,1,True,1696.506,245.3347421,1928,200.674,6.915066270183998,2025-06
M12,2025,7,0,False,534.7860000000001,87.3583248,714,59.92,6.121752005024712,2025-07
M12,2025,7,0,True,4359.268,682.6375249,4965,518.365,6.3859190873496035,2025-07
M12,2025,7,1,False,182.007,29.7758374,243,23.968,6.112573680295554,2025-07
M12,2025,7,1,True,1477.567,208.8730714,1681,200.674,7.073994699730355,2025-07
M12,2025,8,0,False,495.089,78.483614,661,59.92,6.308183004926353,2025-08
M12,2025,8,0,True,4058.545,610.0744843,4621,518.365,6.652540147875187,2025-08
M12,2025,8,1,False,237.433,39.229719,317,23.968,6.052375751149275,2025-08
M12,2025,8,1,True,1920.911,271.9994281,2186,200.674,7.062187642886445,2025-08
M12,2025,9,0,False,518.308,86.1630563,692,59.92,6.015431929380156,2025-09
M12,2025,9,0,True,4244.317,689.168918,4835,518.365,6.158601888659176,2025-09
M12,2025,9,1,False,189.497,29.9694417,253,23.968,6.32300734517854,2025-09
M12,2025,9,1,True,1520.26,222.8550322,1730,200.674,6.821744095218147,2025-09
M125,2023,1,0,False,18148.503,3355.8448088,32177,1042.988,5.408028092481915,2023-01
M125,2023,1,1,False,6803.028,1100.3750576,12067,419.664,6.182462927538462,2023-01
M125,2023,2,0,False,17306.255,3200.0705907,30592,813.96,5.40808538733339,2023-02
M125,2023,2,1,False,5936.218,966.8094781,10505,325.584,6.140008072392934,2023-02
M125,2023,3,0,False,20315.863,3865.1459054,35861,813.96,5.256169753285816,2023-03
M125,2023,3,1,False,6045.341,1007.9119887,10698,325.584,5.997885795363196,2023-03
M125,2023,4,0,False,17129.21,3313.6670005,30262,813.96,5.169261122923748,2023-04
M125,2023,4,1,False,7019.109,1176.9913673,12424,325.584,5.963602788439925,2023-04
M125,2023,5,0,False,19181.045000000002,3779.097533,33846,813.96,5.075562308859839,2023-05
M125,2023,5,1,False,5435.133,933.8228192,9643,325.584,5.82030433209615,2023-05
M125,2023,6,0,False,18854.510000000002,3666.0783688,33248,813.96,5.14296425315413,2023-06
M125,2023,6,1,False,5928.206,1034.4308417,10484,325.584,5.730886745659568,2023-06
M125,2023,7,0,False,17920.748,3425.8725723,31608,813.96,5.231002502807247,2023-07
M125,2023,7,1,False,7460.333,1262.0241689,13179,390.438,5.911402637005393,2023-07
M125,2023,8,0,False,19455.904,3638.6031137,34345,813.96,5.3470805669200345,2023-08
M125,2023,8,1,False,5825.766,1019.9711182,10278,325.584,5.711697023618722,2023-08
M125,2023,9,0,False,16618.004,3196.7878402,29306,813.96,5.198344347731356,2023-09
M125,2023,9,1,False,5994.448,1048.4894306,10567,325.584,5.717223106931717,2023-09
M125,2023,10,0,False,18920.802,3650.8680354,33413,876.3389999999999,5.182548866882552,2023-10
M125,2023,10,1,False,6589.189,1094.2455574,11644,325.584,6.021673065464712,2023-10
M125,2023,11,0,False,18927.63,3604.459768,33416,883.3439999999999,5.251169722585734,2023-11
M125,2023,11,1,False,5419.394,908.1114022,9636,325.584,5.967763411923824,2023-11
M125,2023,12,0,False,17063.03,3234.3606023,30119,1091.4959999999999,5.275549667487983,2023-12
M125,2023,12,1,False,6977.351,1162.0391645,12320,325.584,6.004402616672736,2023-12
M125,2024,1,0,False,19357.990999999998,3605.8878159,34186,883.3439999999999,5.36843961552043,2024-01
M125,2024,1,1,False,5963.89,961.9708752,10539,325.584,6.19965755071334,2024-01
M125,2024,2,0,False,17321.983,3249.850669,30584,813.96,5.330085829860634,2024-02
M125,2024,2,1,False,5800.697,951.3583736,10262,325.584,6.097278545044805,2024-02
M125,2024,3,0,False,18022.742,3458.0980774,31835,813.96,5.211749810621493,2024-03
M125,2024,3,1,False,7503.146,1257.7589075,13272,325.584,5.9654882627018875,2024-03
M125,2024,4,0,False,18510.575,3522.6822661,32608,813.96,5.254681972919817,2024-04
M125,2024,4,1,False,6090.028,1033.9119581,10729,325.584,5.890277167498407,2024-04
M125,2024,5,0,False,19056.322,3707.4845424,33582,813.96,5.139959932958775,2024-05
M125,2024,5,1,False,5769.129,985.9158805,10197,325.584,5.851542828455333,2024-05
M125,2024,6,0,False,16252.376,3152.3861699999998,28673,813.96,5.155579019685904,2024-06
M125,2024,6,1,False,7116.804,1244.0794169,12585,325.584,5.720538338085898,2024-06
M125,2024,7,0,False,18196.587,3433.9964939,32086,813.96,5.298953284408885,2024-07
M125,2024,7,1,False,5803.391,988.4097378,10256,325.584,5.87144255874813,2024-07
M125,2024,8,0,False,16998.707,3246.2253069,29950,813.96,5.2364532319640515,2024-08
M125,2024,8,1,False,6061.599999999999,1093.6875286,10702,325.584,5.542350846552389,2024-08
M125,2024,9,0,False,15591.028,3055.7783874,27476,813.96,5.102146171426253,2024-09
M125,2024,9,1,False,6306.635,1124.141707,11121,325.584,5.610177934622259,2024-09
M125,2024,10,0,False,19865.499,3876.6600158,35078,813.96,5.124385145727176,2024-10
M125,2024,10,1,False,6111.472,1056.7533267000001,10812,325.584,5.783253144879832,2024-10
M125,2024,11,0,False,18122.771,3520.0244473,32003,813.96,5.148478731135204,2024-11
M125,2024,11,1,False,6393.852,1101.8644608,11355,325.584,5.802757260505339,2024-11
M125,2024,12,0,False,18655.158,3594.3070029,32968,813.96,5.190196047513034,2024-12
M125,2024,12,1,False,6856.388,1168.4239276,12103,325.584,5.8680653811013235,2024-12
M125,2025,1,0,False,19775.115999999998,3657.9578317,34933,813.96,5.406053571374743,2025-01
M125,2025,1,1,False,5803.102,938.4794527,10262,325.584,6.183515241920863,2025-01
M125,2025,2,0,False,15068.616,2827.462874,26368,813.96,5.329377138269014,2025-02
M125,2025,2,1,False,4753.109,776.2655703,8338,325.584,6.123044975655802,2025-02
M125,2025,3,0,False,18115.727,3465.3958555,32032,890.547,5.227606817630419,2025-03
M125,2025,3,1,False,7101.267,1190.8502866,12586,402.816,5.9631904026112705,2025-03
M125,2025,4,0,False,19661.268,3781.9195408,35199,803.28,5.198753645573591,2025-04
M125,2025,4,1,False,5750.303,958.222806,10308,321.312,6.001008287419116,2025-04
M125,2025,5,0,False,18657.084,3641.9631347,33411,803.28,5.122809679823089,2025-05
M125,2025,5,1,False,5856.43,995.9722619,10564,321.312,5.880113557407497,2025-05
M125,2025,6,0,False,17319.426,3414.2158726,31074,803.28,5.072738996673599,2025-06
M125,2025,6,1,False,6291.931,1067.1300139,11285,321.312,5.896124106757259,2025-06
M125,2025,7,0,False,19647.715,3687.7520222,35236,803.28,5.327829767761547,2025-07
M125,2025,7,1,False,5727.967,947.6703184,10278,321.312,6.044261267642968,2025-07
M125,2025,8,0,False,17839.113,3388.7697414,32005,803.28,5.264185637065486,2025-08
M125,2025,8,1,False,6885.566,1197.7874722,12350,321.312,5.748570727120017,2025-08
M125,2025,9,0,False,19317.31,3648.3186728,34614,803.28,5.294852706815332,2025-09
M125,2025,9,1,False,5607.18,969.0911603,10035,321.312,5.786019138038773,2025-09
M14A+,2023,1,0,True,14812.766000000001,2468.6847823,10841,816.84,6.000266257646467,2023-01
M14A+,2023,1,1,True,4622.1410000000005,758.4661351,3396,326.736,6.094063777007782,2023-01
M14A+,2023,2,0,True,13602.311000000002,2274.0253441,9950,816.84,5.9816004405102365,2023-02
M14A+,2023,2,1,True,4142.439,681.6038771,3030,326.736,6.077487436874206,2023-02
M14A+,2023,3,0,True,15123.683,2558.8219884,11081,816.84,5.910408410026465,2023-03
M14A+,2023,3,1,True,3980.202,666.2047412000001,2969,326.736,5.974442620793525,2023-03
M14A+,2023,4,0,True,13161.131000000001,2256.7975819,9615,816.84,5.831772909345124,2023-04
M14A+,2023,4,1,True,5096.716,861.8552906,3712,326.736,5.913656336032708,2023-04
M14A+,2023,5,0,True,15332.923,2645.7941843,11202,816.84,5.795206252619625,2023-05
M14A+,2023,5,1,True,4204.186000000001,715.7775068,3076,326.736,5.873593344383647,2023-05
M14A+,2023,6,0,True,14703.102,2554.4944936,10747,816.84,5.75577752734914,2023-06
M14A+,2023,6,1,True,3860.4300000000003,660.9991729,2830,326.736,5.840294751146429,2023-06
M14A+,2023,7,0,True,13931.28,2411.6208659,10190,816.84,5.776728919950253,2023-07
M14A+,2023,7,1,True,5252.6810000000005,887.3711522,3826,326.736,5.919373181083675,2023-07
M14A+,2023,8,0,True,15765.304,2733.1339444,11521,816.84,5.768214921300145,2023-08
M14A+,2023,8,1,True,4367.593,741.3180786,3179,326.736,5.8916585553239464,2023-08
M14A+,2023,9,0,True,13879.147,2482.9847721,10157,816.84,5.589702826997857,2023-09
M14A+,2023,9,1,True,5000.85,869.835036,3639,326.736,5.749193574676843,2023-09
M14A+,2023,10,0,True,14574.471000000001,2575.6019647,10663,816.84,5.658665896264605,2023-10
M14A+,2023,10,1,True,4888.51,838.70641,3563,326.736,5.8286307839235425,2023-10
M14A+,2023,11,0,True,14380.258000000002,2499.1805924,10507,816.84,5.753989144974284,2023-11
M14A+,2023,11,1,True,4415.718,750.447813,3225,326.736,5.884110691651785,2023-11
M14A+,2023,12,0,True,13674.866,2333.761986,9998,816.84,5.8595804036718935,2023-12
M14A+,2023,12,1,True,5246.451,881.7291736,3833,326.736,5.950184202910443,2023-12
M14A+,2024,1,0,True,15637.364000000001,2668.3836561,11435,816.84,5.86023826231005,2024-01
M14A+,2024,1,1,True,4435.396000000001,752.333647,3243,326.736,5.895517258448498,2024-01
M14A+,2024,2,0,True,14157.668000000001,2539.1902999,10353,816.84,5.575662446630159,2024-02
M14A+,2024,2,1,True,4206.723,758.0386315,3076,323.136,5.549483661110747,2024-02
M14A+,2024,3,0,True,14532.521,2599.8272771,10652,816.84,5.589802494960522,2024-03
M14A+,2024,3,1,True,5376.976000000001,970.4455602,3961,326.736,5.5407291459933665,2024-03
M14A+,2024,4,0,True,14998.553,2695.4306082,10952,816.84,5.564436700530008,2024-04
M14A+,2024,4,1,True,4368.886,790.4133517,3193,326.736,5.52734337116588,2024-04
M14A+,2024,5,0,True,15474.614000000001,2790.7189257,11316,816.84,5.545027791044375,2024-05
M14A+,2024,5,1,True,4123.352,728.7841816,3012,326.736,5.657850573742475,2024-05
M14A+,2024,6,0,True,13203.223,2386.2867416999998,9687,816.84,5.532957447768399,2024-06
M14A+,2024,6,1,True,5005.262000000001,898.1108429,3666,326.736,5.5731005137829195,2024-06
M14A+,2024,7,0,True,14774.764000000001,2644.7319736,10823,816.84,5.586488214111407,2024-07
M14A+,2024,7,1,True,4242.860000000001,738.1197518,3101,326.736,5.748200057854082,2024-07
M14A+,2024,8,0,True,14591.438,2594.6050211,10673,813.633,5.623760796475242,2024-08
M14A+,2024,8,1,True,4836.736,842.0805834,3535,326.736,5.743792334542504,2024-08
M14A+,2024,9,0,True,14371.513,2585.2050439,10519,816.84,5.559138542573536,2024-09
M14A+,2024,9,1,True,4844.384,871.1089052,3546,326.736,5.561169184566844,2024-09
M14A+,2024,10,0,True,15359.712000000001,2741.8850412,11264,816.84,5.601880373977219,2024-10
M14A+,2024,10,1,True,4208.8550000000005,739.4405751,3055,326.736,5.691944886079325,2024-10
M14A+,2024,11,0,True,14303.508000000002,2518.4383795,10455,816.84,5.679514780440949,2024-11
M14A+,2024,11,1,True,4902.573,860.7811401,3575,326.736,5.69549304882592,2024-11
M14A+,2024,12,0,True,14478.657000000001,2528.1411377,10577,816.84,5.726997114240265,2024-12
M14A+,2024,12,1,True,4808.3910000000005,821.7552808,3514,326.736,5.851366109042716,2024-12
M14A+,2025,1,0,True,15848.992,2666.1688852,11601,816.84,5.944481644796895,2025-01
M14A+,2025,1,1,True,4375.834,719.2897357,3201,326.736,6.083548510172352,2025-01
M14A+,2025,2,0,True,13502.884,2313.2203404,9876,816.84,5.837266672860525,2025-02
M14A+,2025,2,1,True,4206.84,709.1966845,3082,326.736,5.931838221953787,2025-02
M14A+,2025,3,0,True,14313.392,2429.4375528,10457,816.84,5.891648453158791,2025-03
M14A+,2025,3,1,True,5467.968,911.7558325,3999,326.736,5.997184558728885,2025-03
M14A+,2025,4,0,True,15232.085000000001,2547.7906069,11165,816.84,5.978546650869984,2025-04
M14A+,2025,4,1,True,4482.217000000001,745.0939266,3282,326.736,6.015640230021975,2025-04
M14A+,2025,5,0,True,14786.892,2496.7247741,10827,816.84,5.922515830897005,2025-05
M14A+,2025,5,1,True,4808.5070000000005,814.0047231,3512,326.736,5.90722248107801,2025-05
M14A+,2025,6,0,True,14488.217,2450.3008764,10609,816.84,5.912831823855932,2025-06
M14A+,2025,6,1,True,4516.832,748.0616827,3306,326.736,6.038047535996326,2025-06
M14A+,2025,7,0,True,15485.053,2614.7028076,11374,816.84,5.922299450243647,2025-07
M14A+,2025,7,1,True,4443.086,742.2261374,3248,326.736,5.986162135928037,2025-07
M14A+,2025,8,0,True,14341.178,2421.9028216,10493,816.84,5.921450634640112,2025-08
M14A+,2025,8,1,True,5467.299,915.9322472,3995,326.736,5.969108541285126,2025-08
M14A+,2025,9,0,True,15265.205,2628.3920183,11148,816.84,5.807811351471566,2025-09
M14A+,2025,9,1,True,4499.765,781.9714271,3289,326.736,5.754385446905289,2025-09
M14D+,2023,1,0,True,27957.146999999997,4384.609729,25006,875.413,6.376199645567132,2023-01
M14D+,2023,1,1,True,7866.282999999999,1187.891131,7080,319.91999999999996,6.622057185811246,2023-01
M14D+,2023,2,0,True,25284.132999999998,4010.5480936,22660,799.8,6.304408377585151,2023-02
M14D+,2023,2,1,True,7116.491,1074.1305634,6412,319.91999999999996,6.625350066824102,2023-02
M14D+,2023,3,0,True,28991.877,4640.5094381,25969,799.8,6.247563416630044,2023-03
M14D+,2023,3,1,True,6935.593,1066.9208358,6298,319.91999999999996,6.500569458651113,2023-03
M14D+,2023,4,0,True,26518.022999999997,4067.7633274,22564,842.52,6.519067326601219,2023-04
M14D+,2023,4,1,True,9126.930999999999,1356.7433445,7842,409.577,6.727087357383384,2023-04
M14D+,2023,5,0,True,30259.886,4679.5897622,25717,842.52,6.466354432268442,2023-05
M14D+,2023,5,1,True,7057.478999999999,1048.1316702,6040,337.008,6.733389707281073,2023-05
M14D+,2023,6,0,True,29648.607999999997,4543.3581459,25232,842.52,6.52570346600463,2023-06
M14D+,2023,6,1,True,6607.214999999999,980.2691909,5641,337.008,6.74020469207424,2023-06
M14D+,2023,7,0,True,26344.619,4277.5875456,23609,799.8,6.1587562426626485,2023-07
M14D+,2023,7,1,True,8595.789999999999,1350.4722465,7696,400.676,6.365025288211282,2023-07
M14D+,2023,8,0,True,28976.581,4665.4062052,25971,799.8,6.210944926446723,2023-08
M14D+,2023,8,1,True,7200.945,1154.3683411,6478,319.91999999999996,6.237995918302995,2023-08
M14D+,2023,9,0,True,26352.1,4381.7236436,23643,799.8,6.014094485052749,2023-09
M14D+,2023,9,1,True,8128.977,1317.7133113,7313,319.91999999999996,6.169002718793435,2023-09
M14D+,2023,10,0,True,27600.272999999997,4639.7686044,24777,799.8,5.948631354983095,2023-10
M14D+,2023,10,1,True,7947.268,1257.4183438,7162,319.91999999999996,6.320305441053802,2023-10
M14D+,2023,11,0,True,27028.246,4464.8439408,24230,799.8,6.053570149006628,2023-11
M14D+,2023,11,1,True,7050.583,1112.0008427,6349,319.91999999999996,6.3404475331878265,2023-11
M14D+,2023,12,0,True,25326.943,4108.474178,22726,799.8,6.164561806331985,2023-12
M14D+,2023,12,1,True,8910.994999999999,1381.3941793,8016,319.91999999999996,6.450725747603416,2023-12
M14D+,2024,1,0,True,29415.165999999997,4762.1255655,26389,875.184,6.176898444909347,2024-01
M14D+,2024,1,1,True,7234.626,1116.929444,6500,319.55699999999996,6.4772453075379754,2024-01
M14D+,2024,2,0,True,26433.39,4482.2397402999995,23710,799.8,5.897361928755465,2024-02
M14D+,2024,2,1,True,6923.5779999999995,1122.1408385,6235,319.91999999999996,6.169972397809671,2024-02
M14D+,2024,3,0,True,27313.436999999998,4581.5653093,24491,799.8,5.961595034901536,2024-03
M14D+,2024,3,1,True,8817.687,1423.7811301,7953,392.163,6.193147818570039,2024-03
M14D+,2024,4,0,True,28375.612999999998,4792.3842095,25400,799.92,5.92098040548391,2024-04
M14D+,2024,4,1,True,7277.021,1201.3203005,6554,319.96799999999996,6.057519378446564,2024-04
M14D+,2024,5,0,True,28853.285999999996,4940.305557,25840,799.92,5.8403849047590395,2024-05
M14D+,2024,5,1,True,6950.504999999999,1158.6777884,6250,319.96799999999996,5.9986521443531275,2024-05
M14D+,2024,6,0,True,25402.658,4361.8111186,22775,799.92,5.823878501220711,2024-06
M14D+,2024,6,1,True,8147.7119999999995,1351.6016559,7339,319.96799999999996,6.028190306244208,2024-06
M14D+,2024,7,0,True,27769.415999999997,4715.2078215,24783,799.92,5.889330237657691,2024-07
M14D+,2024,7,1,True,7215.775999999999,1180.5616732,6483,319.96799999999996,6.112155056195499,2024-07
M14D+,2024,8,0,True,27522.802999999996,4586.9408322,24678,799.92,6.000252457322289,2024-08
M14D+,2024,8,1,True,8297.578,1357.4900137,7464,319.96799999999996,6.112441282263261,2024-08
M14D+,2024,9,0,True,26285.714999999997,4468.8758255,23559,799.92,5.881952425263242,2024-09
M14D+,2024,9,1,True,7899.700999999999,1302.330285,7077,319.96799999999996,6.065819931385531,2024-09
M14D+,2024,10,0,True,29242.409999999996,4959.282812,26217,799.92,5.89649977800056,2024-10
M14D+,2024,10,1,True,7240.315,1175.5797251,6510,319.96799999999996,6.158931500272435,2024-10
M14D+,2024,11,0,True,26031.055999999997,4332.4633736,23257,799.92,6.008373009826475,2024-11
M14D+,2024,11,1,True,7779.597,1255.2933592,7000,319.96799999999996,6.197433407086569,2024-11
M14D+,2024,12,0,True,26439.819999999996,4408.7928159,23727,799.92,5.99706566038818,2024-12
M14D+,2024,12,1,True,7989.757,1268.3761124,7184,319.96799999999996,6.299201728801022,2024-12
M14D+,2025,1,0,True,29277.375,4689.6244954,26248,799.92,6.243010507284293,2025-01
M14D+,2025,1,1,True,7273.456,1129.8208461,6538,319.968,6.4377073808711,2025-01
M14D+,2025,2,0,True,21909.129,3553.4475195,19446,799.92,6.165598022700727,2025-02
M14D+,2025,2,1,True,5529.395,887.3061332999999,4937,319.968,6.231665478785214,2025-02
M14D+,2025,3,0,True,27006.823,4371.8358496,24201,839.472,6.177455862728922,2025-03
M14D+,2025,3,1,True,8635.562,1350.487225,7769,359.193,6.394404804532675,2025-03
M14D+,2025,4,0,True,28731.421000000002,4647.6836664,25810,798.0,6.181879633442172,2025-04
M14D+,2025,4,1,True,7273.642,1138.1375192,6546,319.2,6.39082876831322,2025-04
M14D+,2025,5,0,True,27586.401,4507.6775362,24781,798.0,6.119870105716459,2025-05
M14D+,2025,5,1,True,8171.103,1301.7636084,7401,319.2,6.276948400826105,2025-05
M14D+,2025,6,0,True,26817.93,4387.8569959,24074,798.0,6.111851417459273,2025-06
M14D+,2025,6,1,True,7378.064,1168.9902749,6597,319.2,6.3114844994165145,2025-06
M14D+,2025,7,0,True,29115.63,4732.6672989,26153,798.0,6.152055101521136,2025-07
M14D+,2025,7,1,True,7282.031,1145.5061422,6565,319.2,6.357042299235957,2025-07
M14D+,2025,8,0,True,26869.336,4351.3316694,24139,798.0,6.174968501931039,2025-08
M14D+,2025,8,1,True,8929.312,1409.7344485,8058,319.2,6.334038307357146,2025-08
M14D+,2025,9,0,True,28026.773,4634.2989444,25162,798.0,6.047683443871705,2025-09
M14D+,2025,9,1,True,7262.463,1168.6513621,6550,319.2,6.214396556172037,2025-09
M15,2023,1,0,False,16189.553,2531.7128073,19754,876.505,6.394703598812102,2023-01
M15,2023,1,0,True,24255.858,3833.0672888,29692,1479.6889999999999,6.32805431589323,2023-01
M15,2023,1,1,False,6120.721,835.7702968,7471,348.183,7.323448827309413,2023-01
M15,2023,1,1,True,9219.51,1355.0505888,11223,571.957,6.803812400955875,2023-01
M15,2023,2,0,False,15633.668,2419.3578173,19082,856.105,6.461908151084138,2023-02
M15,2023,2,0,True,23393.313,3730.233703,28695,1432.36,6.2712727573036995,2023-02
M15,2023,2,1,False,5404.401,739.9500321,6599,339.84499999999997,7.303737773565804,2023-02
M15,2023,2,1,True,8167.248,1205.0464224,9940,566.597,6.777538066735976,2023-02
M15,2023,3,0,False,18233.631999999998,2851.5858533,22248,864.6519999999999,6.39420762271601,2023-03
M15,2023,3,0,True,27131.359,4353.2245393,33262,1440.9109999999998,6.232474055740467,2023-03
M15,2023,3,1,False,5264.66,725.455602,6416,344.036,7.25703955622635,2023-03
M15,2023,3,1,True,7899.597,1166.2167087,9584,563.087,6.773695609974413,2023-03
M15,2023,4,0,False,15294.364,2434.7459158,18655,869.72,6.281708452922748,2023-04
M15,2023,4,0,True,22876.106,3706.4519888,28053,1463.797,6.171968790942403,2023-04
M15,2023,4,1,False,6172.5509999999995,859.4666838,7528,350.36,7.181838594032537,2023-04
M15,2023,4,1,True,9328.74,1381.876161,11328,591.6179999999999,6.7507785887624125,2023-04
M15,2023,5,0,False,17088.824,2768.7586511,20853,875.3729999999999,6.1720164714287336,2023-05
M15,2023,5,0,True,25626.183,4193.702573,31401,1470.745,6.110634350892486,2023-05
M15,2023,5,1,False,5088.29,703.0227879,6190,336.15999999999997,7.237731247943236,2023-05
M15,2023,5,1,True,7804.322,1170.5164489000001,9481,569.91,6.6674176235064095,2023-05
M15,2023,6,0,False,16886.906,2714.295009,20599,865.112,6.221470379603826,2023-06
M15,2023,6,0,True,25187.345999999998,4201.6372935,30949,1461.21,5.994650237650267,2023-06
M15,2023,6,1,False,4963.669,707.1722189,6055,344.036,7.019038456743878,2023-06
M15,2023,6,1,True,7527.9439999999995,1131.7711489,9151,575.346,6.65147190517855,2023-06
M15,2023,7,0,False,15874.413,2465.0975048,19360,871.227,6.439669412300969,2023-07
M15,2023,7,0,True,23641.445,3849.2984194,29007,1464.539,6.141754268998726,2023-07
M15,2023,7,1,False,6339.188,883.248067,7731,347.303,7.177132038942804,2023-07
M15,2023,7,1,True,9710.767,1448.7147241,11786,589.728,6.7030222296061215,2023-07
M15,2023,8,0,False,17697.048,2731.876742,21587,865.74,6.477981867894975,2023-08
M15,2023,8,0,True,26573.356,4265.3047596,32546,1448.278,6.230118947583021,2023-08
M15,2023,8,1,False,5239.231,724.7944527,6400,345.336,7.22857491594044,2023-08
M15,2023,8,1,True,7999.727,1188.7939128,9694,570.276,6.729279914596817,2023-08
M15,2023,9,0,False,15118.276,2426.1822813,18435,881.952,6.231302617501314,2023-09
M15,2023,9,0,True,22382.756,3831.4384007,27157,1466.22,5.841867637989611,2023-09
M15,2023,9,1,False,5648.213,803.4000125,6887,349.063,7.030386995419669,2023-09
M15,2023,9,1,True,8549.113,1331.504494,10355,579.406,6.420641491278361,2023-09
M15,2023,10,0,False,16684.87,2677.4828038,20348,876.215,6.2315507596613156,2023-10
M15,2023,10,0,True,24808.354,4133.8875923,30218,1451.0629999999999,6.001216396451942,2023-10
M15,2023,10,1,False,5800.112999999999,810.2202824,7071,344.245,7.158686502909001,2023-10
M15,2023,10,1,True,8736.296,1340.4072335,10618,572.886,6.5176431323697415,2023-10
M15,2023,11,0,False,16691.918999999998,2652.8183852,20372,868.42,6.29214540019918,2023-11
M15,2023,11,0,True,24841.507999999998,4084.8239551,30255,1439.529,6.081414590458612,2023-11
M15,2023,11,1,False,4968.535,692.7375183,6080,335.908,7.172319772997056,2023-11
M15,2023,11,1,True,7750.851,1162.0705582,9393,578.228,6.669862638982742,2023-11
M15,2023,12,0,False,15109.402,2398.2039553,18429,884.801,6.300299007767215,2023-12
M15,2023,12,0,True,22193.398,3668.3434192,27007,1463.1999999999998,6.049978277344596,2023-12
M15,2023,12,1,False,6398.407999999999,884.0491665,7804,347.512,7.237615556306279,2023-12
M15,2023,12,1,True,9613.176,1425.3939291,11679,581.444,6.74422403782076,2023-12
M15,2024,1,0,False,17260.678,2699.9505988,21061,883.919,6.392960674047722,2024-01
M15,2024,1,0,True,25735.484,4144.9781306,31495,1480.2749999999999,6.208834688417209,2024-01
M15,2024,1,1,False,5165.653,712.4416904,6300,344.665,7.250632675776943,2024-01
M15,2024,1,1,True,7854.864,1157.9506082,9545,575.894,6.783418864652745,2024-01
M15,2024,2,0,False,15354.546999999999,2426.5425445,18717,880.399,6.327746873757728,2024-02
M15,2024,2,0,True,22959.781,3767.8695091,28075,1466.425,6.093571166556725,2024-02
M15,2024,2,1,False,4908.664,687.050845,5986,354.089,7.144542555653214,2024-02
M15,2024,2,1,True,7426.545,1123.9836801,8997,588.242,6.607342376482963,2024-02
M15,2024,3,0,False,16121.597,2546.4411276,19666,861.8009999999999,6.331030717837358,2024-03
M15,2024,3,0,True,23966.552,3958.2506435,29317,1442.098,6.054834359556392,2024-03
M15,2024,3,1,False,6397.151,885.9269742,7791,351.031,7.220855878981092,2024-03
M15,2024,3,1,True,9568.562,1439.1433469,11633,584.673,6.648790074047348,2024-03
M15,2024,4,0,False,16111.39,2578.2886639,19671,886.979,6.2488697350239315,2024-04
M15,2024,4,0,True,23815.338,3963.6262345,29176,1474.481,6.008472189609532,2024-04
M15,2024,4,1,False,4866.092,685.1803217,5940,356.05899999999997,7.101914409810756,2024-04
M15,2024,4,1,True,7298.04,1116.892474,8873,587.225,6.53423688483015,2024-04
M15,2024,5,0,False,16825.351,2705.5303785,20560,887.858,6.218873435576912,2024-05
M15,2024,5,0,True,24790.949,4146.7928262,30379,1474.35,5.978342791413986,2024-05
M15,2024,5,1,False,4821.833,670.5169541,5874,354.091,7.19121712063507,2024-05
M15,2024,5,1,True,7332.305,1106.0483331,8902,578.134,6.629280819445954,2024-05
M15,2024,6,0,False,13928.619,2236.83535,17000,892.22,6.226930828860516,2024-06
M15,2024,6,0,True,20603.727,3434.6865464,25085,1463.846,5.998721199637677,2024-06
M15,2024,6,1,False,6322.264999999999,918.7978157,7716,351.241,6.8810187529486955,2024-06
M15,2024,6,1,True,9530.0,1437.9922526999999,11607,577.1759999999999,6.627295788350947,2024-06
M15,2024,7,0,False,15252.526,2374.4456219,18598,892.477,6.423615626031954,2024-07
M15,2024,7,0,True,22882.181,3769.8378383,27689,1457.021,6.069805116688698,2024-07
M15,2024,7,1,False,5199.33,733.6747416000001,6350,345.125,7.08669619545752,2024-07
M15,2024,7,1,True,7758.24,1175.0236754,9460,566.986,6.602624408703042,2024-07
M15,2024,8,0,False,14013.265,2189.3481221,17106,890.465,6.400656368233764,2024-08
M15,2024,8,0,True,21123.321,3425.0048077,25521,1466.6309999999999,6.167384335493819,2024-08
M15,2024,8,1,False,5298.648999999999,740.7575092,6468,359.536,7.153014224212741,2024-08
M15,2024,8,1,True,7966.657999999999,1186.7466842,9667,585.701,6.713023180149366,2024-08
M15,2024,9,0,False,12973.854,2104.0266899,15838,910.819,6.166202198041804,2024-09
M15,2024,9,0,True,19404.749,3320.2550721,23410,1468.096,5.844354900036898,2024-09
M15,2024,9,1,False,5200.971,740.1236057,6347,352.332,7.027165408514412,2024-09
M15,2024,9,1,True,7820.1179999999995,1205.551717,9483,580.716,6.486754479069768,2024-09
M15,2024,10,0,False,17804.79,2911.9722721,21693,863.359,6.114340500625676,2024-10
M15,2024,10,0,True,26194.245,4398.3259346,32091,1443.725,5.955503386854435,2024-10
M15,2024,10,1,False,5184.398,740.4089069,6316,342.277,7.002074058922966,2024-10
M15,2024,10,1,True,7773.15,1221.3489293,9478,569.025,6.364397440832144,2024-10
M15,2024,11,0,False,16720.202,2686.2180745,20387,853.554,6.224439541496355,2024-11
M15,2024,11,0,True,24803.715,4091.1753124,30424,1422.135,6.062735792529368,2024-11
M15,2024,11,1,False,5759.346,824.4794791,7042,341.608,6.985432804570089,2024-11
M15,2024,11,1,True,8887.243,1359.0861333,10775,561.3639999999999,6.539131540118702,2024-11
M15,2024,12,0,False,16743.464,2687.5269937,20411,874.5409999999999,6.230063563733276,2024-12
M15,2024,12,0,True,24799.89,4106.6050933,30341,1453.1409999999998,6.039024799453316,2024-12
M15,2024,12,1,False,5913.405,828.7350394,7217,347.094,7.1354591260932745,2024-12
M15,2024,12,1,True,8934.233,1329.4544664,10885,566.376,6.720224893593242,2024-12
M15,2025,1,0,False,18454.2,2894.9033786,22509,849.3629999999999,6.3747205300249465,2025-01
M15,2025,1,0,True,27438.201,4369.0025463,33668,1413.393,6.280197987807705,2025-01
M15,2025,1,1,False,5273.817,737.63111,6429,333.522,7.149667263898346,2025-01
M15,2025,1,1,True,7914.307,1160.6716944,9645,558.454,6.818730083782424,2025-01
M15,2025,2,0,False,13364.451000000001,2167.9500181,16525,860.709,6.164556787943229,2025-02
M15,2025,2,0,True,20271.298,3281.2429068,24639,1417.725,6.177932745542872,2025-02
M15,2025,2,1,False,4205.126,601.678634,5195,344.247,6.988990072730421,2025-02
M15,2025,2,1,True,6513.236,968.0330448,7801,563.707,6.728319900841468,2025-02
M15,2025,3,0,False,16543.728,2646.6978404,20191,973.576,6.250705217449271,2025-03
M15,2025,3,0,True,24537.679,3978.040683,30154,1663.545,6.168282568064425,2025-03
M15,2025,3,1,False,6565.228,924.9816787999999,8009,485.743,7.09768436550789,2025-03
M15,2025,3,1,True,9813.117,1454.0302887999999,11936,821.611,6.7489082418624795,2025-03
M15,2025,4,0,False,17294.401,2790.4150368,21104,856.427,6.197788060887502,2025-04
M15,2025,4,0,True,25830.49,4185.3619852,31802,1410.43,6.171626275418965,2025-04
M15,2025,4,1,False,5471.208,768.9614269,6677,331.60699999999997,7.115061703493621,2025-04
M15,2025,4,1,True,8290.945,1228.2753071,10112,544.953,6.750070568116528,2025-04
M15,2025,5,0,False,16931.912,2733.1347506,20664,864.3389999999999,6.195052035499884,2025-05
M15,2025,5,0,True,25289.775,4132.0745165,31078,1421.797,6.120357921672055,2025-05
M15,2025,5,1,False,5781.11,826.4905851999999,7044,345.655,6.9947681238268995,2025-05
M15,2025,5,1,True,8837.402,1330.7236209,10790,562.978,6.641049922915665,2025-05
M15,2025,6,0,False,15870.566,2548.6875095,19367,870.3199999999999,6.226956400439016,2025-06
M15,2025,6,0,True,23876.277000000002,3903.1447696,29342,1428.123,6.11718970455889,2025-06
M15,2025,6,1,False,5772.254,830.607473,7048,345.054,6.949436632386282,2025-06
M15,2025,6,1,True,8777.301,1300.1989332,10710,558.53,6.750736964840942,2025-06
M15,2025,7,0,False,17477.98,2752.2622699,21321,873.026,6.35040497090237,2025-07
M15,2025,7,0,True,25901.446,4209.342543,31826,1438.484,6.153323407493473,2025-07
M15,2025,7,1,False,5224.328,724.7772504,6374,345.697,7.2081843036832725,2025-07
M15,2025,7,1,True,7883.8550000000005,1165.3739275,9581,563.62,6.765086135840293,2025-07
M15,2025,8,0,False,16486.274,2601.0283719,20110,851.1419999999999,6.338367615712359,2025-08
M15,2025,8,0,True,24799.979,3959.2228403,30482,1409.343,6.263850255551882,2025-08
M15,2025,8,1,False,6558.678,927.6386231,8004,347.05899999999997,7.070294225225431,2025-08
M15,2025,8,1,True,10005.323,1497.6561431,12204,556.482,6.68065433183479,2025-08
M15,2025,9,0,False,15799.987,2537.0375516,19420,1082.425,6.227730839078685,2025-09
M15,2025,9,0,True,25456.194,4270.1475973999995,31223,1412.597,5.961431875446115,2025-09
M15,2025,9,1,False,4973.994,703.5333466,6128,429.363,7.0700188186360515,2025-09
M15,2025,9,1,True,8090.109,1225.9861325,9848,551.356,6.598858490758664,2025-09
M15+,2023,1,0,False,10889.545,1149.2941669,10438,299.39000000000004,9.47498500699125,2023-01
M15+,2023,1,0,True,46877.371,6212.0755355,16359,1334.75,7.5461688661238915,2023-01
M15+,2023,1,1,False,2845.367,257.5069666,2733,101.629,11.049669985899326,2023-01
M15+,2023,1,1,True,12844.741,1508.1369294,4545,457.089,8.516959401763456,2023-01
M15+,2023,2,0,False,10092.354000000001,1054.0352883,9669,295.466,9.574967851671689,2023-02
M15+,2023,2,0,True,43497.168,5760.1814506,15191,1332.1979999999999,7.551353785125846,2023-02
M15+,2023,2,1,False,2606.1530000000002,238.421395,2503,101.629,10.930868850926739,2023-02
M15+,2023,2,1,True,11761.723,1382.637789,4158,457.089,8.506727570715919,2023-02
M15+,2023,3,0,False,11538.328000000001,1209.1800086,11078,295.27500000000003,9.542274862250812,2023-03
M15+,2023,3,0,True,49649.96,6621.7970034,17343,1334.1119999999999,7.497958631849774,2023-03
M15+,2023,3,1,False,2529.728,230.1952866,2432,101.629,10.98948652409115,2023-03
M15+,2023,3,1,True,11290.412999999999,1349.027777,3995,457.089,8.369296164611145,2023-03
M15+,2023,4,0,False,9821.627,1060.1936297,9416,295.27500000000003,9.263993599715553,2023-04
M15+,2023,4,0,True,42227.037,5644.9514169,14739,1336.0259999999998,7.4804960895818535,2023-04
M15+,2023,4,1,False,3109.8030000000003,292.788052,2983,101.629,10.621345299978294,2023-04
M15+,2023,4,1,True,14046.939999999999,1691.1997291,4964,457.089,8.30590246574561,2023-04
M15+,2023,5,0,False,11095.283000000001,1225.2644102,10641,296.83700000000005,9.055419310015639,2023-05
M15+,2023,5,0,True,47340.555,6426.7681642,16494,1334.75,7.366152596527173,2023-05
M15+,2023,5,1,False,2383.15,231.254449,2290,101.629,10.305315250388977,2023-05
M15+,2023,5,1,True,10764.030999999999,1318.5111418,3792,457.089,8.163777050306303,2023-05
M15+,2023,6,0,False,10467.705,1114.7294765,10040,298.01800000000003,9.390354539530291,2023-06
M15+,2023,6,0,True,44885.404,6146.2244452,15658,1334.75,7.302923022125238,2023-06
M15+,2023,6,1,False,2365.574,246.3727849,2270,101.629,9.601604336940708,2023-06
M15+,2023,6,1,True,10698.966,1311.5547237,3775,457.089,8.157468237251564,2023-06
M15+,2023,7,0,False,9901.955,1014.5603199,9502,303.08500000000004,9.759848483898903,2023-07
M15+,2023,7,0,True,42523.388,5685.0902227999995,14842,1334.75,7.479808821583932,2023-07
M15+,2023,7,1,False,3112.9150000000004,293.6613996,2991,101.629,10.600354708654738,2023-07
M15+,2023,7,1,True,14121.476999999999,1671.0711309,4992,457.089,8.450554102023473,2023-07
M15+,2023,8,0,False,11425.336000000001,1162.0511325,10963,300.57000000000005,9.832042395087981,2023-08
M15+,2023,8,0,True,49199.316999999995,6502.2530899,17183,1334.1119999999999,7.566502921336863,2023-08
M15+,2023,8,1,False,2489.083,235.8988932,2391,101.629,10.551482316153571,2023-08
M15+,2023,8,1,True,11160.637999999999,1320.7725077,3944,457.089,8.450083519254342,2023-08
M15+,2023,9,0,False,9753.039,1056.3492019,9345,298.77900000000005,9.23277925751988,2023-09
M15+,2023,9,0,True,40035.539,5701.8914182,13965,1333.474,7.021448860321968,2023-09
M15+,2023,9,1,False,2718.7400000000002,258.3661226,2606,101.629,10.522819217321027,2023-09
M15+,2023,9,1,True,12185.515,1529.8508547000001,4307,457.089,7.965165337891417,2023-09
M15+,2023,10,0,False,10140.229000000001,1096.1072685,9711,303.08500000000004,9.251128326041204,2023-10
M15+,2023,10,0,True,43236.596,6072.4397449,15067,1336.0259999999998,7.120135862412252,2023-10
M15+,2023,10,1,False,2551.838,237.7486258,2444,101.629,10.733344899106458,2023-10
M15+,2023,10,1,True,11399.952,1435.877238,4024,457.089,7.939363963926837,2023-10
M15+,2023,11,0,False,10091.29,1083.3294496,9676,304.26500000000004,9.315070317460702,2023-11
M15+,2023,11,0,True,43187.233,5981.4908614,15073,1336.664,7.220145278277964,2023-11
M15+,2023,11,1,False,2184.083,209.9300079,2073,101.629,10.403862800978821,2023-11
M15+,2023,11,1,True,9934.127,1226.3827806,3541,457.089,8.100347752061385,2023-11
M15+,2023,12,0,False,9500.042000000001,985.1430601,9111,308.189,9.643312108431918,2023-12
M15+,2023,12,0,True,40294.945,5605.323073,14044,1337.302,7.1886926900065236,2023-12
M15+,2023,12,1,False,2925.6890000000003,269.1602861,2809,101.629,10.869690482172512,2023-12
M15+,2023,12,1,True,13059.226999999999,1569.4838898,4612,457.089,8.320714271023286,2023-12
M15+,2024,1,0,False,11198.965,1158.0872134,10755,302.89300000000003,9.670225929808197,2024-01
M15+,2024,1,0,True,48071.025,6447.0966921,16798,1335.388,7.456228329707573,2024-01
M15+,2024,1,1,False,2514.2870000000003,225.5586106,2417,101.629,11.14693424166712,2024-01
M15+,2024,1,1,True,11297.725999999999,1331.0238749,3991,457.089,8.487996506335245,2024-01
M15+,2024,2,0,False,10271.516000000001,1110.473061,9856,298.21000000000004,9.24967598110874,2024-02
M15+,2024,2,0,True,43959.242,5950.6989264,15361,1336.664,7.387240145015043,2024-02
M15+,2024,2,1,False,2509.2160000000003,240.7136003,2410,101.629,10.424072411665891,2024-02
M15+,2024,2,1,True,11258.452,1354.4491778,3974,457.089,8.312199663546505,2024-02
M15+,2024,3,0,False,10583.038,1124.1714277,10156,299.77000000000004,9.414078439666786,2024-03
M15+,2024,3,0,True,45367.335,6166.6117079,15820,1333.474,7.35693070181154,2024-03
M15+,2024,3,1,False,3056.826,283.3075161,2936,126.62100000000001,10.789780808077898,2024-03
M15+,2024,3,1,True,13711.224,1661.4152837,4845,569.841,8.252737370674039,2024-03
M15+,2024,4,0,False,11059.801000000001,1206.2219691,10615,302.743,9.168960011773011,2024-04
M15+,2024,4,0,True,47209.293999999994,6509.4500272000005,16447,1335.135,7.252424368070121,2024-04
M15+,2024,4,1,False,2437.694,241.5794474,2337,101.629,10.090651445045072,2024-04
M15+,2024,4,1,True,11078.255,1360.3536331,3907,457.217,8.143658185963497,2024-04
M15+,2024,5,0,False,10953.341,1226.2289166,10496,301.94100000000003,8.932541756045554,2024-05
M15+,2024,5,0,True,46755.496999999996,6524.0338877,16260,1351.606,7.16665452767648,2024-05
M15+,2024,5,1,False,2424.981,246.5425,2329,101.629,9.835955261263273,2024-05
M15+,2024,5,1,True,10852.027999999998,1334.1530728,3824,457.217,8.134020166984843,2024-05
M15+,2024,6,0,False,9397.268,1027.7366926,9005,308.569,9.143653299199139,2024-06
M15+,2024,6,0,True,40162.585,5525.1611158,14021,1374.753,7.269034179862966,2024-06
M15+,2024,6,1,False,2825.0530000000003,315.5097242,2710,101.629,8.953933217631079,2024-06
M15+,2024,6,1,True,12597.865999999998,1538.7414081,4434,457.217,8.187123537252132,2024-06
M15+,2024,7,0,False,10348.461000000001,1105.1563917,9915,307.387,9.36379780972134,2024-07
M15+,2024,7,0,True,44748.638999999996,6164.8650104,15650,1370.635,7.2586567466619245,2024-07
M15+,2024,7,1,False,2410.8990000000003,234.7730527,2319,101.629,10.269061854729635,2024-07
M15+,2024,7,1,True,10808.922999999999,1289.5805554,3820,457.217,8.381735405933833,2024-07
M15+,2024,8,0,False,10386.142000000002,1118.2661237,9963,308.379,9.287719425529444,2024-08
M15+,2024,8,0,True,44811.403,6106.9867331,15668,1363.038,7.33772725542717,2024-08
M15+,2024,8,1,False,2746.866,272.0872388,2639,101.629,10.095534109260841,2024-08
M15+,2024,8,1,True,12347.458999999999,1483.0683592,4366,457.217,8.325616903229257,2024-08
M15+,2024,9,0,False,9613.845000000001,1083.5661059,9198,311.31300000000005,8.872412073110048,2024-09
M15+,2024,9,0,True,39606.761,5786.4872189,13847,1356.3629999999998,6.84469860585455,2024-09
M15+,2024,9,1,False,2648.5600000000004,265.3511115,2544,101.629,9.981341269037799,2024-09
M15+,2024,9,1,True,12024.864,1540.0077933,4242,457.217,7.808313732122461,2024-09
M15+,2024,10,0,False,11476.545,1310.7836078999999,10995,300.189,8.75548407138423,2024-10
M15+,2024,10,0,True,48566.751,6775.5741957,16917,1339.8919999999998,7.1679166366183455,2024-10
M15+,2024,10,1,False,2432.815,244.2255698,2331,101.629,9.961344350602884,2024-10
M15+,2024,10,1,True,10942.458999999999,1378.7188948,3847,457.217,7.936686036051849,2024-10
M15+,2024,11,0,False,10289.045,1144.7930726,9859,303.12300000000005,8.987689781029166,2024-11
M15+,2024,11,0,True,44084.297,6043.5309054,15381,1339.8919999999998,7.294460422235934,2024-11
M15+,2024,11,1,False,2740.7050000000004,271.4072163,2602,101.629,10.098128698872037,2024-11
M15+,2024,11,1,True,12446.063999999998,1537.3269511,4430,457.217,8.09591218777144,2024-11
M15+,2024,12,0,False,10456.302000000001,1150.9313927,10032,303.31300000000005,9.0850784558672,2024-12
M15+,2024,12,0,True,44575.581,6132.0580556,15550,1344.01,7.2692692397607175,2024-12
M15+,2024,12,1,False,2765.637,267.6952692,2654,101.629,10.33128829009579,2024-12
M15+,2024,12,1,True,12351.974999999999,1504.9683151,4367,457.217,8.207465151304035,2024-12
M15+,2025,1,0,False,11400.098,1214.5744257000001,10931,296.073,9.38608434261222,2025-01
M15+,2025,1,0,True,49092.037000000004,6423.9852164,17176,1346.8500000000001,7.64199096764285,2025-01
M15+,2025,1,1,False,2570.388,243.8094468,2468,101.629,10.54261036123232,2025-01
M15+,2025,1,1,True,11597.479,1370.198057,4104,457.217,8.464089509360615,2025-01
M15+,2025,2,0,False,7320.899,802.9736066,7021,300.568,9.11723491261263,2025-02
M15+,2025,2,0,True,31561.603,4180.0519486,11050,1398.402,7.550528890094473,2025-02
M15+,2025,2,1,False,1633.8500000000001,158.3505502,1570,101.629,10.31793067934664,2025-02
M15+,2025,2,1,True,7327.109,893.7427795,2587,457.217,8.198230148610673,2025-02
M15+,2025,3,0,False,10574.504,1152.9338658,10136,353.802,9.171821830962129,2025-03
M15+,2025,3,0,True,45481.278,6020.6186271999995,15883,1544.704,7.554253277981155,2025-03
M15+,2025,3,1,False,3222.8520000000003,314.0661065,3089,149.261,10.261699474406674,2025-03
M15+,2025,3,1,True,14326.65,1688.1919584,5076,635.937,8.486386828650824,2025-03
M15+,2025,4,0,False,11059.109,1214.1524903,10477,299.682,9.108500858296185,2025-04
M15+,2025,4,0,True,46911.941,6224.6514181,16421,1331.4089999999999,7.53647679990397,2025-04
M15+,2025,4,1,False,2536.717,251.17806769999999,2405,102.94,10.099277469678537,2025-04
M15+,2025,4,1,True,11348.323999999999,1337.3291743,4022,456.101,8.485812033480887,2025-04
M15+,2025,5,0,False,10836.028,1205.5286651,10256,299.491,8.988610817562883,2025-05
M15+,2025,5,0,True,46134.458999999995,6165.1061519,16143,1339.637,7.483157282828292,2025-05
M15+,2025,5,1,False,2782.3720000000003,280.1213858,2629,102.94,9.932736809986181,2025-05
M15+,2025,5,1,True,12467.123,1515.3427927,4406,456.101,8.22726254419727,2025-05
M15+,2025,6,0,False,10595.707,1168.0475265,10019,301.063,9.071297836441246,2025-06
M15+,2025,6,0,True,44987.373,6014.7650169,15723,1373.642,7.479489701359342,2025-06
M15+,2025,6,1,False,2837.732,310.2258441,2684,102.94,9.147310109615718,2025-06
M15+,2025,6,1,True,12651.930999999999,1475.8361044,4480,490.58099999999996,8.572720888369668,2025-06
M15+,2025,7,0,False,11409.508,1238.2880742,10799,304.586,9.213936754879231,2025-07
M15+,2025,7,0,True,48168.977999999996,6418.8425314,16835,1345.0929999999998,7.50430903459069,2025-07
M15+,2025,7,1,False,2530.3430000000003,245.0697283,2392,102.94,10.324992064717607,2025-07
M15+,2025,7,1,True,11254.027,1315.2213791,3985,456.101,8.556754915055501,2025-07
M15+,2025,8,0,False,10671.263,1157.4647449,10102,297.107,9.219514500998432,2025-08
M15+,2025,8,0,True,45185.702,5937.2641544,15802,1343.751,7.610525795203787,2025-08
M15+,2025,8,1,False,3171.813,308.9938961,3002,102.94,10.264969761647018,2025-08
M15+,2025,8,1,True,14114.956,1675.3355357,5003,456.101,8.425151678109899,2025-08
M15+,2025,9,0,False,10962.470000000001,1247.512214,10370,302.825,8.787465066053453,2025-09
M15+,2025,9,0,True,45719.125,6383.6072273,15973,1347.865,7.161957710129557,2025-09
M15+,2025,9,1,False,2614.206,265.5080657,2474,102.94,9.846051166497578,2025-09
M15+,2025,9,1,True,11622.91,1433.8861,4114,456.101,8.105880934336417,2025-09
M2,2023,1,0,False,26055.554,4032.9325595,15643,1785.122,6.460696680539173,2023-01
M2,2023,1,0,True,9850.025,1496.9344623,7601,688.4989999999999,6.580131093291619,2023-01
M2,2023,1,1,False,8382.719000000001,1045.8738959,5047,694.828,8.0150379819801,2023-01
M2,2023,1,1,True,3182.049,394.621656,2455,266.246,8.063543780780241,2023-01
M2,2023,2,0,False,23821.616,3670.3369578,14303,1785.122,6.490307640385878,2023-02
M2,2023,2,0,True,9058.235999999999,1394.5439439,6992,688.4989999999999,6.495482655546599,2023-02
M2,2023,2,1,False,7481.697,927.2389391,4505,691.4780000000001,8.068790777123652,2023-02
M2,2023,2,1,True,2848.221,354.8258609,2196,266.246,8.027095299016858,2023-02
M2,2023,3,0,False,27489.233,4310.3555759,16492,1710.65,6.377486153044407,2023-03
M2,2023,3,0,True,10379.59,1619.9200448,8013,668.31,6.40747056209277,2023-03
M2,2023,3,1,False,7489.68,947.7886443,4501,686.45,7.902268132291866,2023-03
M2,2023,3,1,True,2779.37,343.9058364,2146,266.246,8.081776189361582,2023-03
M2,2023,4,0,False,24209.438000000002,3845.0731633,14536,1712.324,6.296222977256034,2023-04
M2,2023,4,0,True,9164.607,1443.8733476,7072,668.31,6.3472374604277935,2023-04
M2,2023,4,1,False,9349.182,1216.1116864,5627,689.801,7.6877659384032055,2023-04
M2,2023,4,1,True,3493.8379999999997,458.1280766,2692,266.246,7.626334596057804,2023-04
M2,2023,5,0,False,27297.149,4429.4522835,16382,1789.559,6.1626465876342476,2023-05
M2,2023,5,0,True,10318.65,1592.4866732,7964,692.611,6.479583266631257,2023-05
M2,2023,5,1,False,7293.916,974.108895,4397,688.124,7.487782975228863,2023-05
M2,2023,5,1,True,2627.162,344.5386098,2017,266.246,7.625159924819548,2023-05
M2,2023,6,0,False,26160.013,4190.0100321,15707,1707.3,6.243424908194982,2023-06
M2,2023,6,0,True,9931.502999999999,1557.4100307,7663,668.31,6.3769352991364405,2023-06
M2,2023,6,1,False,7241.415,961.0739103,4335,688.123,7.534711870119944,2023-06
M2,2023,6,1,True,2322.5319999999997,299.9305686,1795,266.246,7.743565488642893,2023-06
M2,2023,7,0,False,23600.245,3675.6278009,13219,1674.574,6.420738518252946,2023-07
M2,2023,7,0,True,10969.232,1745.6522617,9155,796.645,6.283744042652364,2023-07
M2,2023,7,1,False,8726.61,1130.5461071,4941,668.845,7.718933305944423,2023-07
M2,2023,7,1,True,3986.5769999999998,504.9494573,3300,347.058,7.895002048950612,2023-07
M2,2023,8,0,False,26046.493,4050.2570239,14581,1602.52,6.430824722061659,2023-08
M2,2023,8,0,True,11015.055999999999,1784.2080765,9081,773.09,6.17363868322339,2023-08
M2,2023,8,1,False,5993.539,793.1716978,3369,647.633,7.556420654725989,2023-08
M2,2023,8,1,True,2473.6589999999997,318.6214176,2037,306.424,7.763630639248025,2023-08
M2,2023,9,0,False,22952.159,3641.4833446000002,12845,1676.53,6.302969649452341,2023-09
M2,2023,9,0,True,10117.438,1753.9758681,8496,792.5550000000001,5.7682880272234005,2023-09
M2,2023,9,1,False,7429.867,974.5166779,4168,649.5,7.6241558184624685,2023-09
M2,2023,9,1,True,3241.821,443.67225179999997,2720,305.218,7.306792315380946,2023-09
M2,2023,10,0,False,24799.389,3904.7003886,13884,1610.895,6.35116309369171,2023-10
M2,2023,10,0,True,11385.996000000001,1954.8869869,9606,765.34,5.8243755655950045,2023-10
M2,2023,10,1,False,7233.176,924.1741846,4060,651.176,7.82663714322496,2023-10
M2,2023,10,1,True,3230.04,448.0000126,2723,305.218,7.2099105115069815,2023-10
M2,2023,11,0,False,24209.358,3792.8756426,13556,1684.905,6.382850449429602,2023-11
M2,2023,11,0,True,11058.549,1856.3494991,9316,787.725,5.957148158448306,2023-11
M2,2023,11,1,False,6308.3060000000005,800.0119584,3538,652.851,7.885264631064295,2023-11
M2,2023,11,1,True,2951.09,393.7236398,2485,305.218,7.4953335326755255,2023-11
M2,2023,12,0,False,22391.104,3462.93809,12546,1687.978,6.465926741416275,2023-12
M2,2023,12,0,True,10198.594000000001,1754.6497492,8577,792.5550000000001,5.8123246560459485,2023-12
M2,2023,12,1,False,7854.607,1000.8430963,4406,647.824,7.847990388341154,2023-12
M2,2023,12,1,True,3536.7090000000003,534.0977598,2970,305.218,6.621838296652598,2023-12
M2,2024,1,0,False,25632.442,3976.2628447,14355,1679.603,6.4463650923292795,2024-01
M2,2024,1,0,True,11815.346000000001,1818.2405886,9961,792.5550000000001,6.498230252959827,2024-01
M2,2024,1,1,False,6941.597,872.2791969,3895,652.85,7.957999026767802,2024-01
M2,2024,1,1,True,3191.694,387.6611297,2686,305.218,8.233206157320858,2024-01
M2,2024,2,0,False,22603.933,3553.570862,12662,1681.275,6.360906783009299,2024-02
M2,2024,2,0,True,10387.69,1625.2169581,8756,788.585,6.391571259596002,2024-02
M2,2024,2,1,False,7036.2880000000005,904.4522514,3950,646.149,7.7796124550616605,2024-02
M2,2024,2,1,True,3249.3830000000003,407.6566832,2737,305.218,7.970881219199402,2024-02
M2,2024,3,0,False,23791.549,3768.2797875,13320,1602.519,6.313636550799772,2024-03
M2,2024,3,0,True,10923.871000000001,1737.1353126,9209,765.34,6.28843989340707,2024-03
M2,2024,3,1,False,8258.326000000001,1081.8486332,4641,649.5,7.633531851468629,2024-03
M2,2024,3,1,True,3674.3210000000004,475.6333411,3096,305.218,7.725112355459306,2024-03
M2,2024,4,0,False,24581.915,3870.1336668,13767,1609.22,6.351696637993754,2024-04
M2,2024,4,0,True,11324.417000000001,1893.7028623,9550,765.34,5.980039015332062,2024-04
M2,2024,4,1,False,6646.674,875.3569616,3726,651.175,7.593101205079855,2024-04
M2,2024,4,1,True,2993.1730000000002,421.8911153,2507,306.83,7.094657582138469,2024-04
M2,2024,5,0,False,24791.39,4002.8916943,13887,1685.294,6.193370166697792,2024-05
M2,2024,5,0,True,11288.905,1882.0664276,9513,792.5550000000001,5.998143760736196,2024-05
M2,2024,5,1,False,6013.626,791.2128086,3369,646.998,7.600516491436385,2024-05
M2,2024,5,1,True,2757.484,371.3288792,2309,306.83,7.4259885359328655,2024-05
M2,2024,6,0,False,21775.663,3434.4822762,12198,1610.894,6.340304374519341,2024-06
M2,2024,6,0,True,10025.243,1668.4244825,8449,765.34,6.008808372901589,2024-06
M2,2024,6,1,False,7486.866,1001.457774,4199,652.851,7.475967728620378,2024-06
M2,2024,6,1,True,3208.983,408.565284,2681,306.83,7.854272317468853,2024-06
M2,2024,7,0,False,25195.139,3857.2342192,14107,1679.599,6.531918356056048,2024-07
M2,2024,7,0,True,11573.551000000001,1862.925856,9754,811.365,6.212566626162067,2024-07
M2,2024,7,1,False,6803.338,888.2000309,3821,646.149,7.659691244444427,2024-07
M2,2024,7,1,True,3135.943,403.8222048,2626,306.83,7.765652712319598,2024-07
M2,2024,8,0,False,24545.547,3791.4764588,13615,2706.393,6.4738756172492895,2024-08
M2,2024,8,0,True,10711.306,1724.9408774,8880,1221.352,6.209665583521407,2024-08
M2,2024,8,1,False,6524.75,849.4525291,3596,1372.2250000000001,7.681123754982531,2024-08
M2,2024,8,1,True,2625.909,345.9419549,2096,588.261,7.590605773038026,2024-08
M2,2024,9,0,False,22666.062,3579.5633576,12682,1665.093,6.332074539727376,2024-09
M2,2024,9,0,True,10270.063000000002,1805.7191997,8652,792.8100000000001,5.6875194114933585,2024-09
M2,2024,9,1,False,7190.013,962.1386215,4029,648.263,7.472949156526505,2024-09
M2,2024,9,1,True,3160.0270000000005,436.8039089,2667,305.28200000000004,7.234429307095426,2024-09
M2,2024,10,0,False,25292.624,4024.0614417,14163,1599.475,6.285347370172088,2024-10
M2,2024,10,0,True,11559.061000000002,1985.4225501,9756,765.6000000000001,5.821965203033382,2024-10
M2,2024,10,1,False,6392.087,826.8466798,3573,651.633,7.730679890431605,2024-10
M2,2024,10,1,True,2712.0260000000003,396.4408387,2288,304.27400000000006,6.84093497756996,2024-10
M2,2024,11,0,False,22928.927,3582.4105947,12838,1663.156,6.400418487462665,2024-11
M2,2024,11,0,True,10525.640000000001,1768.0111309,8877,791.3230000000001,5.953378808560985,2024-11
M2,2024,11,1,False,7164.344,919.0402735,4015,645.288,7.795462512992908,2024-11
M2,2024,11,1,True,3391.3830000000003,486.2108586,2850,305.28200000000004,6.975128054040544,2024-11
M2,2024,12,0,False,22188.485,3387.2539283,12412,1673.904,6.550582114502407,2024-12
M2,2024,12,0,True,10020.604000000001,1781.627808,8426,792.8100000000001,5.624409293009868,2024-12
M2,2024,12,1,False,6967.002,869.6155613,3901,649.948,8.011588465120075,2024-12
M2,2024,12,1,True,3075.7350000000006,460.0727805,2586,305.28200000000004,6.685322693199409,2024-12
M2,2025,1,0,False,25723.07,3986.3242105,14403,1680.6680000000001,6.452829384084037,2025-01
M2,2025,1,0,True,11842.169,1806.4647404,9981,792.8100000000001,6.555438772293903,2025-01
M2,2025,1,1,False,7050.774,906.9472397,3953,651.638,7.774183206436855,2025-01
M2,2025,1,1,True,3226.338,396.7108546,2716,305.282,8.132719240195955,2025-01
M2,2025,2,0,False,16365.78,2577.0558716,9159,1667.0990000000002,6.35057244212524,2025-02
M2,2025,2,0,True,7577.973,1175.8058265,6391,811.776,6.444918735057825,2025-02
M2,2025,2,1,False,4812.869000000001,621.6930726,2701,646.582,7.741551598559665,2025-02
M2,2025,2,1,True,2203.092,276.8352947,1855,305.282,7.958132659303575,2025-02
M2,2025,3,0,False,23461.057,3705.1389584,13133,1691.998,6.3320316089119775,2025-03
M2,2025,3,0,True,10720.546,1674.0511605,9049,800.22,6.403953626362306,2025-03
M2,2025,3,1,False,8431.906,1104.6563927,4731,738.727,7.633057714345676,2025-03
M2,2025,3,1,True,3764.377,465.838334,3175,343.012,8.080865667873525,2025-03
M2,2025,4,0,False,24399.517,3897.3911687,13645,1605.21,6.260474236189799,2025-04
M2,2025,4,0,True,11255.774,1783.3780844,9485,765.73,6.311490591063809,2025-04
M2,2025,4,1,False,6904.965,907.9914102,3868,650.273,7.604658945483932,2025-04
M2,2025,4,1,True,3056.687,410.2811225,2566,305.334,7.450225790000855,2025-04
M2,2025,5,0,False,23672.112,3853.7864659,13226,1671.968,6.142559326901289,2025-05
M2,2025,5,0,True,10962.448,1757.4600405,9237,792.944,6.237665578377058,2025-05
M2,2025,5,1,False,6869.396000000001,927.1147354,3841,648.578,7.409434601464108,2025-05
M2,2025,5,1,True,2995.312,397.1166525,2508,305.334,7.542650204022859,2025-05
M2,2025,6,0,False,22670.874,3624.6811761999998,12664,1605.21,6.2545843062995745,2025-06
M2,2025,6,0,True,10534.252,1697.5355948000001,8876,765.73,6.205614793745236,2025-06
M2,2025,6,1,False,7148.183,943.3780761,4003,653.663,7.577219760661767,2025-06
M2,2025,6,1,True,2965.443,383.5005696,2483,305.334,7.732564786261012,2025-06
M2,2025,7,0,False,25172.151,3917.9678242,14060,1664.779,6.424797785351859,2025-07
M2,2025,7,0,True,11683.609,1901.4119762,9850,790.454,6.144701488285493,2025-07
M2,2025,7,1,False,6992.749,933.3708645,3922,643.1170000000001,7.491929806214772,2025-07
M2,2025,7,1,True,3162.171,402.6874919,2654,305.361,7.852667548922197,2025-07
M2,2025,8,0,False,23054.024,3580.6075468,12888,1601.444,6.438578844141535,2025-08
M2,2025,8,0,True,10613.167,1669.1036874,8945,765.73,6.358602572217887,2025-08
M2,2025,8,1,False,8035.51,1059.7052523,4464,648.202,7.582778307986688,2025-08
M2,2025,8,1,True,3393.7780000000002,445.0941786,2857,305.361,7.624853712252079,2025-08
M2,2025,9,0,False,24071.969,3804.7731165,13458,1677.6380000000001,6.32678171941662,2025-09
M2,2025,9,0,True,11004.785,1893.892269,9264,792.944,5.810671060931397,2025-09
M2,2025,9,1,False,6538.841,876.5697374,3666,643.1170000000001,7.459578765968929,2025-09
M2,2025,9,1,True,2856.1349999999998,383.5994455,2404,305.361,7.44561816630676,2025-09
M20,2023,1,0,False,1749.8349999999996,265.4789079,2568,195.09499999999994,6.591239258295892,2023-01
M20,2023,1,0,True,9374.457,1572.3483937,9652,1018.5020000000001,5.9620736966190595,2023-01
M20,2023,1,1,False,799.9709999999998,111.9383331,1171,71.45999999999998,7.1465330762549995,2023-01
M20,2023,1,1,True,4212.017,630.6133325,4420,375.72900000000004,6.6792387393744175,2023-01
M20,2023,2,0,False,1554.8299999999997,234.0838925,2285,195.09499999999994,6.642191324633751,2023-02
M20,2023,2,0,True,8233.074,1387.4858838,8488,1020.5110000000001,5.9338073966212415,2023-02
M20,2023,2,1,False,759.0949999999998,106.8938885,1113,71.45999999999998,7.101388214537633,2023-02
M20,2023,2,1,True,4003.239,623.0614158,4197,375.72900000000004,6.425111391081586,2023-02
M20,2023,3,0,False,1783.8669999999995,271.4419477,2608,195.09499999999994,6.571817713198642,2023-03
M20,2023,3,0,True,9475.898000000001,1628.989472,9764,1009.855,5.817040664090922,2023-03
M20,2023,3,1,False,724.1839999999999,103.05944339999999,1062,71.45999999999998,7.026857278757629,2023-03
M20,2023,3,1,True,3850.5910000000003,603.1389008,4038,375.72900000000004,6.384252441506589,2023-03
M20,2023,4,0,False,1566.1399999999996,242.5241825,2280,194.81399999999994,6.45766530931405,2023-04
M20,2023,4,0,True,8306.426,1442.2830911,8562,1009.855,5.75922026074982,2023-04
M20,2023,4,1,False,922.7459999999998,128.6999996,1350,71.45999999999998,7.1697436120271725,2023-04
M20,2023,4,1,True,5044.154,784.0089033,5299,375.72900000000004,6.4337968341538865,2023-04
M20,2023,5,0,False,1790.2059999999994,285.5275224,2622,194.53299999999996,6.26981940288079,2023-05
M20,2023,5,0,True,9679.297,1710.2964254,9982,1017.7030000000001,5.6594265510063435,2023-05
M20,2023,5,1,False,634.4519999999998,92.4388801,931,71.17899999999997,6.8634756210119825,2023-05
M20,2023,5,1,True,3540.099,589.5830501,3710,375.72900000000004,6.004411082373482,2023-05
M20,2023,6,0,False,1708.1599999999996,272.5025154,2493,195.09499999999994,6.268419201535193,2023-06
M20,2023,6,0,True,9208.792,1634.5392376,9504,1009.855,5.633876378227116,2023-06
M20,2023,6,1,False,677.8049999999998,94.8266658,979,70.63099999999999,7.147831195811166,2023-06
M20,2023,6,1,True,3407.5,538.2727704,3587,375.72900000000004,6.330433541098181,2023-06
M20,2023,7,0,False,1686.2000000000003,272.676433,2471,194.34300000000002,6.183886085967687,2023-07
M20,2023,7,0,True,9052.097,1592.3233661,9337,1019.712,5.684835877382658,2023-07
M20,2023,7,1,False,850.7510000000001,123.787497,1250,75.605,6.872673093955523,2023-07
M20,2023,7,1,True,4704.568,751.3566857,4944,429.077,6.261430941573374,2023-07
M20,2023,8,0,False,1801.3060000000003,281.0311104,2647,194.62400000000002,6.409632006350285,2023-08
M20,2023,8,0,True,9660.474,1696.8261607,9956,1009.855,5.693260879484978,2023-08
M20,2023,8,1,False,691.8910000000001,101.41166989999999,1008,70.561,6.822597445464214,2023-08
M20,2023,8,1,True,3720.075,612.3108696,3917,375.729,6.075467845981873,2023-08
M20,2023,9,0,False,1610.0100000000002,263.6089163,2375,194.34300000000002,6.1075703454875905,2023-09
M20,2023,9,0,True,8766.091,1643.4375368,9066,1017.703,5.333997066337423,2023-09
M20,2023,9,1,False,703.1740000000001,103.1072351,1055,71.39000000000001,6.819831792773969,2023-09
M20,2023,9,1,True,4208.184,744.5561178,4420,375.729,5.651936636333418,2023-09
M20,2023,10,0,False,1736.5140000000004,284.0030724,2573,194.62400000000002,6.114419767805302,2023-10
M20,2023,10,0,True,9332.046,1715.3755697,9626,1009.855,5.44023487616305,2023-10
M20,2023,10,1,False,728.8720000000001,107.1263926,1054,71.10900000000001,6.8038508747469955,2023-10
M20,2023,10,1,True,3990.482,690.314449,4211,374.405,5.780672859710054,2023-10
M20,2023,11,0,False,1665.6670000000001,264.1916653,2416,194.06200000000004,6.3047674047876185,2023-11
M20,2023,11,0,True,8867.744999999999,1623.868916,9206,1017.703,5.460874897367639,2023-11
M20,2023,11,1,False,676.1610000000001,95.6861212,963,71.10900000000001,7.066448002283534,2023-11
M20,2023,11,1,True,3611.1749999999997,613.5105596,3841,375.729,5.88608450741978,2023-11
M20,2023,12,0,False,1581.1630000000002,250.636669,2315,194.62400000000002,6.308586075248232,2023-12
M20,2023,12,0,True,8482.512,1592.9794823,8801,1016.9159999999999,5.3249348747120395,2023-12
M20,2023,12,1,False,797.6960000000001,118.484745,1147,71.39000000000001,6.732478514428166,2023-12
M20,2023,12,1,True,4288.037,749.0572149,4531,375.729,5.724578730040613,2023-12
M20,2024,1,0,False,1843.9630000000002,283.0580739,2721,216.34700000000004,6.514433503322161,2024-01
M20,2024,1,0,True,9862.011999999999,1667.9444928,10153,1070.721,5.912673978403509,2024-01
M20,2024,1,1,False,767.2010000000001,103.9966725,1127,71.39000000000001,7.377168726239776,2024-01
M20,2024,1,1,True,4087.503,628.3106091,4278,375.729,6.505545093142691,2024-01
M20,2024,2,0,False,1667.7810000000002,266.1322415,2455,194.90500000000003,6.266737884143211,2024-02
M20,2024,2,0,True,8905.020999999999,1555.4717209,9179,1020.511,5.724964896724403,2024-02
M20,2024,2,1,False,729.4540000000001,108.8236131,1069,71.39000000000001,6.7030856559567775,2024-02
M20,2024,2,1,True,3903.274,622.0458399,4092,375.729,6.274897683790457,2024-02
M20,2024,3,0,False,1633.4330000000002,267.7874924,2403,194.90500000000003,6.099735971088992,2024-03
M20,2024,3,0,True,8773.743,1575.3641979,9044,1009.855,5.569342639432596,2024-03
M20,2024,3,1,False,967.3800000000001,139.99445359999999,1405,122.69,6.910130902500271,2024-03
M20,2024,3,1,True,4948.538,809.4144236,5202,439.899,6.113725992169235,2024-03
M20,2024,4,0,False,2389.1689999999994,412.1966789,3309,277.23799999999994,5.7961869231353464,2024-04
M20,2024,4,0,True,8277.679,1504.0689142,8443,922.2360000000001,5.503523756026045,2024-04
M20,2024,4,1,False,941.5639999999999,146.3252805,1308,100.02999999999999,6.434732240270675,2024-04
M20,2024,4,1,True,3452.255,603.0450485,3608,344.661,5.7247049927481495,2024-04
M20,2024,5,0,False,2398.4219999999996,417.7800148,3321,279.2099999999999,5.740872983472353,2024-05
M20,2024,5,0,True,8396.601,1531.2911669,8573,931.104,5.4833471135332,2024-05
M20,2024,5,1,False,925.2179999999998,142.8816709,1279,101.72199999999998,6.475414195341692,2024-05
M20,2024,5,1,True,3292.166,577.1002971,3440,344.661,5.70466869718061,2024-05
M20,2024,6,0,False,2043.2799999999995,349.1794497,2825,277.518,5.851661664956222,2024-06
M20,2024,6,0,True,7114.273000000001,1322.5031033,7274,923.5600000000001,5.3793998533901215,2024-06
M20,2024,6,1,False,1187.7979999999998,183.3077774,1632,100.89299999999999,6.479801440219742,2024-06
M20,2024,6,1,True,4072.762,691.7080672,4267,344.661,5.887978170453237,2024-06
M20,2024,7,0,False,2495.0119999999997,422.23139100000003,3467,278.06699999999995,5.909110627921076,2024-07
M20,2024,7,0,True,8703.902,1552.9041552,8882,933.835,5.6049189969995385,2024-07
M20,2024,7,1,False,996.1149999999998,152.8983332,1366,101.44199999999998,6.5148846240005955,2024-07
M20,2024,7,1,True,3448.827,555.5747495,3580,344.661,6.2076741304456995,2024-07
M20,2024,8,0,False,2409.7859999999996,404.9569571,3359,309.41799999999995,5.950721324204655,2024-08
M20,2024,8,0,True,8376.754,1461.1897867,8544,1017.993,5.7328309274035805,2024-08
M20,2024,8,1,False,1067.2109999999998,161.2963978,1476,114.03799999999998,6.616458982074055,2024-08
M20,2024,8,1,True,3779.398,638.618348,3933,388.387,5.9180855229671545,2024-08
M20,2024,9,0,False,2133.4129999999996,376.0469525,3029,273.79999999999995,5.673262303594921,2024-09
M20,2024,9,0,True,7745.340000000001,1432.9856047,7905,933.479,5.405036850751555,2024-09
M20,2024,9,1,False,999.5839999999998,150.7363839,1416,98.13999999999999,6.631338593495342,2024-09
M20,2024,9,1,True,3782.7190000000005,673.3967077,3949,344.81300000000005,5.617370796064557,2024-09
M20,2024,10,0,False,2387.6039999999994,411.8111335,3398,274.0799999999999,5.797813137560545,2024-10
M20,2024,10,0,True,8655.996000000001,1624.4511442,8831,925.9350000000001,5.3285665320903535,2024-10
M20,2024,10,1,False,833.5019999999998,122.8444549,1185,98.13999999999999,6.785019321209913,2024-10
M20,2024,10,1,True,3076.0060000000003,548.2241635,3202,344.81300000000005,5.610854473035281,2024-10
M20,2024,11,0,False,2159.4659999999994,362.4880489,3059,274.0799999999999,5.957343991210407,2024-11
M20,2024,11,0,True,7649.820000000001,1378.4903457,7823,928.5440000000001,5.549418625863068,2024-11
M20,2024,11,1,False,1023.8949999999998,148.5113971,1406,99.83199999999998,6.894386693504479,2024-11
M20,2024,11,1,True,3662.5140000000006,633.5661119,3857,345.53600000000006,5.780792140249572,2024-11
M20,2024,12,0,False,2169.5519999999997,356.556119,3053,274.0799999999999,6.0847420206522935,2024-12
M20,2024,12,0,True,7743.909000000001,1474.7444451,7921,933.479,5.251017575099189,2024-12
M20,2024,12,1,False,960.9249999999998,140.5280753,1343,99.83199999999998,6.837957454043347,2024-12
M20,2024,12,1,True,3561.5250000000005,655.38416,3745,345.53600000000006,5.434255536478027,2024-12
M20,2025,1,0,False,2587.0,413.0072337,3666,273.217,6.263812807402652,2025-01
M20,2025,1,0,True,9158.137,1514.5125234,9305,933.479,6.046920615380896,2025-01
M20,2025,1,1,False,1042.955,147.3641676,1468,99.55199999999999,7.077398915799935,2025-01
M20,2025,1,1,True,3641.587,561.1519547,3771,345.536,6.489484656516692,2025-01
M20,2025,2,0,False,1615.704,255.9244421,2285,303.976,6.313207080739398,2025-02
M20,2025,2,0,True,5774.338,977.928647,5869,959.883,5.904661876624624,2025-02
M20,2025,2,1,False,720.221,103.9497274,1010,99.003,6.9285511180667125,2025-02
M20,2025,2,1,True,2513.252,389.3225045,2604,345.536,6.4554500984414585,2025-02
M20,2025,3,0,False,2284.771,367.9244553,3236,310.533,6.2098916423944495,2025-03
M20,2025,3,0,True,8205.718,1408.1486566,8321,1097.5,5.82730946874093,2025-03
M20,2025,3,1,False,1284.977,182.4891774,1805,135.454,7.041387430792376,2025-03
M20,2025,3,1,True,4505.928,699.6319549,4662,507.948,6.440426239027408,2025-03
M20,2025,4,0,False,2351.966,388.0414124,3312,272.188,6.061121119659134,2025-04
M20,2025,4,0,True,8499.416,1506.8531125,8570,932.785,5.640507312553333,2025-04
M20,2025,4,1,False,959.913,139.2252871,1346,99.804,6.894674236229318,2025-04
M20,2025,4,1,True,3413.433,563.4767019,3516,348.04699999999997,6.057806806368688,2025-04
M20,2025,5,0,False,2268.621,376.4119695,3198,269.123,6.0269629656397,2025-05
M20,2025,5,0,True,8299.83,1506.092842,8414,940.337,5.510835566403947,2025-05
M20,2025,5,1,False,1114.223,164.6858329,1567,100.084,6.765748943787865,2025-05
M20,2025,5,1,True,4141.354,690.3477846,4281,348.04699999999997,5.998938639890872,2025-05
M20,2025,6,0,False,2228.303,370.2736307,3148,269.95799999999997,6.0179899815912,2025-06
M20,2025,6,0,True,8077.2029999999995,1442.5269642,8158,932.785,5.59934282024286,2025-06
M20,2025,6,1,False,1038.827,148.29777670000001,1458,100.084,7.005007243645345,2025-06
M20,2025,6,1,True,3688.944,598.6255684,3799,348.04699999999997,6.16235622855163,2025-06
M20,2025,7,0,False,2460.06,409.9425127,3476,274.5,6.000987757520763,2025-07
M20,2025,7,0,True,8900.509,1603.8794552,8995,942.986,5.549362809744407,2025-07
M20,2025,7,1,False,971.182,142.7083357,1367,100.084,6.80536280684829,2025-07
M20,2025,7,1,True,3428.848,541.5697411,3536,348.04699999999997,6.331313845259439,2025-07
M20,2025,8,0,False,2208.56,364.590012,3121,273.65999999999997,6.057653603522194,2025-08
M20,2025,8,0,True,7995.474,1388.6597824,8051,929.5169999999999,5.757691049553938,2025-08
M20,2025,8,1,False,1285.811,187.6622365,1806,100.084,6.851730129519158,2025-08
M20,2025,8,1,True,4540.533,714.9930694,4675,348.04699999999997,6.350457360111581,2025-08
M20,2025,9,0,False,2325.672,386.3489194,3317,272.801,6.019615645908288,2025-09
M20,2025,9,0,True,8563.863,1551.4780595,8652,940.032,5.519809286094516,2025-09
M20,2025,9,1,False,914.424,132.7822277,1313,100.084,6.886644514399874,2025-09
M20,2025,9,1,True,3580.536,605.7522467,3662,348.04699999999997,5.910891820056703,2025-09
M21,2023,1,0,False,251.45199999999994,21.2033458,914,25.861999999999995,11.859071788566498,2023-01
M21,2023,1,0,True,4233.989,718.5964262,8211,426.128,5.892026241195909,2023-01
M21,2023,1,1,False,76.17499999999997,6.2313925999999995,277,9.349999999999998,12.224394271033407,2023-01
M21,2023,1,1,True,1265.253,194.7464288,2433,158.474,6.496925298175224,2023-01
M21,2023,2,0,False,226.97199999999995,20.2058359,825,25.861999999999995,11.2329923455431,2023-02
M21,2023,2,0,True,3859.986,660.414774,7487,425.632,5.844790504338414,2023-02
M21,2023,2,1,False,63.24999999999998,5.2069419,230,9.349999999999998,12.147245199720775,2023-02
M21,2023,2,1,True,1055.938,173.1480691,2031,157.93,6.098468238708185,2023-02
M21,2023,3,0,False,266.58799999999997,22.2794407,969,25.035999999999994,11.96565046626148,2023-03
M21,2023,3,0,True,4479.129,777.55199,8692,420.516,5.760552422996177,2023-03
M21,2023,3,1,False,66.54999999999998,5.3602691,242,9.349999999999998,12.415421457105573,2023-03
M21,2023,3,1,True,1157.436,191.7716894,2227,159.562,6.035489407332717,2023-03
M21,2023,4,0,False,236.32199999999995,19.5138951,859,24.759999999999994,12.110447390895319,2023-04
M21,2023,4,0,True,3919.995,685.6789703000001,7689,415.706,5.71695380753024,2023-04
M21,2023,4,1,False,79.19999999999997,6.4552836,288,9.349999999999998,12.269019443235612,2023-04
M21,2023,4,1,True,1345.824,211.0405713,2612,197.455,6.377086603347344,2023-04
M21,2023,5,0,False,269.88999999999993,22.5558366,981,26.137999999999995,11.965417412183237,2023-05
M21,2023,5,0,True,4480.771,808.4969627,8786,421.174,5.542099978998474,2023-05
M21,2023,5,1,False,63.52499999999998,5.2599978,231,9.349999999999998,12.07700124893588,2023-05
M21,2023,5,1,True,1050.351,170.2425072,2042,157.352,6.1697340885966465,2023-05
M21,2023,6,0,False,264.65899999999993,21.9925038,962,24.759999999999994,12.034054985590132,2023-06
M21,2023,6,0,True,4391.172,785.3711322,8611,416.202,5.591206271739764,2023-06
M21,2023,6,1,False,64.89999999999998,5.2838878,236,9.349999999999998,12.28262265523503,2023-06
M21,2023,6,1,True,1091.118,173.0252815,2121,157.89600000000002,6.306118912454998,2023-06
M21,2023,7,0,False,242.82500000000022,20.4980663,883,26.125000000000025,11.846239369417992,2023-07
M21,2023,7,0,True,4093.6719999999996,722.0953156,7949,425.26599999999996,5.669157397314653,2023-07
M21,2023,7,1,False,83.05000000000008,7.0552716,302,14.02500000000001,11.77133988718451,2023-07
M21,2023,7,1,True,1401.6899999999998,217.3452842,2700,215.54299999999998,6.449139235568469,2023-07
M21,2023,8,0,False,273.6250000000002,23.0214003,995,25.025000000000023,11.885680125200734,2023-08
M21,2023,8,0,True,4584.563,797.9300644,8909,419.63599999999997,5.745569949726536,2023-08
M21,2023,8,1,False,67.65000000000008,5.3213897,246,9.35000000000001,12.712844541342289,2023-08
M21,2023,8,1,True,1132.272,177.3222385,2179,159.392,6.38539198229217,2023-08
M21,2023,9,0,False,242.00000000000023,21.3252907,880,26.125000000000025,11.348028188895931,2023-09
M21,2023,9,0,True,4098.974,765.0455947,7963,424.722,5.357816616939472,2023-09
M21,2023,9,1,False,76.17500000000008,6.4955562,277,9.35000000000001,11.727248237802959,2023-09
M21,2023,9,1,True,1294.905,224.9300337,2490,159.392,5.756923513945128,2023-09
M21,2023,10,0,False,256.85000000000025,22.2566811,934,26.125000000000025,11.54035495436021,2023-10
M21,2023,10,0,True,4281.038,780.6067486,8317,423.63399999999996,5.484244157096953,2023-10
M21,2023,10,1,False,79.4750000000001,6.8252763,289,9.35000000000001,11.64421724582785,2023-10
M21,2023,10,1,True,1336.9389999999999,218.7422439,2572,159.392,6.111937850519599,2023-10
M21,2023,11,0,False,251.07500000000024,22.5747239,913,26.950000000000028,11.121952193621302,2023-11
M21,2023,11,0,True,4246.661,760.9364557,8248,429.294,5.580835256596315,2023-11
M21,2023,11,1,False,68.47500000000008,5.6808334,249,9.35000000000001,12.05368916469194,2023-11
M21,2023,11,1,True,1159.322,187.1466879,2231,159.392,6.194723577579275,2023-11
M21,2023,12,0,False,245.30000000000024,21.8911177,892,28.87500000000003,11.205458001808664,2023-12
M21,2023,12,0,True,4146.355,740.1408695,8041,442.52599999999995,5.60211599016422,2023-12
M21,2023,12,1,False,87.1750000000001,7.5241713,317,9.35000000000001,11.585993529945297,2023-12
M21,2023,12,1,True,1472.2749999999999,237.5674996,2833,158.84799999999998,6.197291306592511,2023-12
M21,2024,1,0,False,272.2500000000002,23.2363969,990,30.525000000000023,11.716532523164133,2024-01
M21,2024,1,0,True,4569.451,785.8022593,8877,482.188,5.815013823032922,2024-01
M21,2024,1,1,False,68.75000000000007,5.2119433,250,9.35000000000001,13.190857237453077,2024-01
M21,2024,1,1,True,1177.0659999999998,192.7680773,2264,158.84799999999998,6.106125124483979,2024-01
M21,2024,2,0,False,238.15000000000023,22.6738895,866,25.850000000000026,10.503270733501644,2024-02
M21,2024,2,0,True,4003.243,720.7409057,7775,423.63399999999996,5.554344103880102,2024-02
M21,2024,2,1,False,69.85000000000008,5.9675005,254,9.35000000000001,11.705068143689319,2024-02
M21,2024,2,1,True,1190.4769999999999,202.5702938,2290,159.392,5.876858732185933,2024-02
M21,2024,3,0,False,249.15000000000023,23.722218,906,25.300000000000026,10.502812173802644,2024-03
M21,2024,3,0,True,4157.998,763.3736747,8080,421.238,5.446871090536441,2024-03
M21,2024,3,1,False,80.02500000000008,7.1102821,291,14.02500000000001,11.254827709297228,2024-03
M21,2024,3,1,True,1379.5539999999999,231.6597312,2657,217.09,5.955087631561578,2024-03
M21,2024,4,0,False,253.11499999999995,23.6797266,920,25.587999999999994,10.68910145271694,2024-04
M21,2024,4,0,True,4175.692,752.5264138,8195,416.154,5.548897584756114,2024-04
M21,2024,4,1,False,70.67499999999998,6.2013878,257,9.349999999999998,11.396642538626594,2024-04
M21,2024,4,1,True,1179.906,192.9475214,2292,157.89600000000002,6.115165364337248,2024-04
M21,2024,5,0,False,252.28499999999994,25.4458404,917,26.413999999999994,9.91458706154582,2024-05
M21,2024,5,0,True,4191.292,776.8747029,8221,421.221,5.39506819356365,2024-05
M21,2024,5,1,False,66.82499999999997,6.1355604999999995,243,9.349999999999998,10.891425485903037,2024-05
M21,2024,5,1,True,1092.912,179.5230658,2129,157.352,6.0878639473413,2024-05
M21,2024,6,0,False,222.02499999999995,22.7250029,807,25.863999999999997,9.770075760914422,2024-06
M21,2024,6,0,True,3648.007,658.2980758,7167,415.58,5.541573238789649,2024-06
M21,2024,6,1,False,81.39999999999998,8.1630587,296,9.349999999999998,9.971752377573859,2024-06
M21,2024,6,1,True,1328.771,215.8925191,2589,157.89600000000002,6.1547801912697215,2024-06
M21,2024,7,0,False,260.53599999999994,24.3638993,947,25.861999999999995,10.693526384752376,2024-07
M21,2024,7,0,True,4326.631,771.9114075,8491,422.166,5.60508752424416,2024-07
M21,2024,7,1,False,65.99999999999997,6.4077764,240,9.349999999999998,10.299984874628267,2024-07
M21,2024,7,1,True,1111.223,179.7186099,2158,157.352,6.1831270596757495,2024-07
M21,2024,8,0,False,251.44999999999993,22.6430488,914,24.759999999999994,11.104953322363547,2024-08
M21,2024,8,0,True,4206.67,751.6308394,8257,416.154,5.5967235236888815,2024-08
M21,2024,8,1,False,75.89999999999998,7.3241678,276,9.349999999999998,10.36295208856356,2024-08
M21,2024,8,1,True,1284.555,213.259175,2495,157.89600000000002,6.02344541565445,2024-08
M21,2024,9,0,False,238.24599999999995,21.5844526,866,25.034999999999993,11.037852310417174,2024-09
M21,2024,9,0,True,3941.746,756.9000986,7736,421.204,5.207749354625332,2024-09
M21,2024,9,1,False,73.69999999999997,6.4355638,268,9.349999999999998,11.451988091548401,2024-09
M21,2024,9,1,True,1232.785,214.2075083,2395,157.89600000000002,5.755097054177349,2024-09
M21,2024,10,0,False,266.8639999999999,24.5169456,970,26.413999999999994,10.884879558569478,2024-10
M21,2024,10,0,True,4388.302,825.5264331,8601,421.718,5.315761947829021,2024-10
M21,2024,10,1,False,69.57499999999997,5.9347219,253,9.349999999999998,11.723379995278291,2024-10
M21,2024,10,1,True,1162.2540000000001,194.2822404,2256,157.89600000000002,5.982296671106332,2024-10
M21,2024,11,0,False,239.88899999999995,23.2311153,872,25.859999999999996,10.326193852604225,2024-11
M21,2024,11,0,True,3947.58,716.3697860999999,7740,427.186,5.510533912228603,2024-11
M21,2024,11,1,False,76.17499999999997,7.0200012,277,9.349999999999998,10.851137746244255,2024-11
M21,2024,11,1,True,1268.651,210.8197581,2465,157.352,6.017704466761742,2024-11
M21,2024,12,0,False,248.94599999999994,24.3566717,905,27.509999999999994,10.220854600589782,2024-12
M21,2024,12,0,True,4104.332,727.5797707,8030,444.918,5.641074924404849,2024-12
M21,2024,12,1,False,75.62499999999997,7.5961097,275,9.349999999999998,9.955754061845626,2024-12
M21,2024,12,1,True,1282.411,214.8516682,2490,157.89600000000002,5.96882030632518,2024-12
M21,2025,1,0,False,268.781,23.8533418,977,26.136000000000003,11.268064753928945,2025-01
M21,2025,1,0,True,4480.482,775.9919887,8780,427.848,5.773876618888862,2025-01
M21,2025,1,1,False,69.025,6.0533349,251,9.350000000000001,11.402805418877453,2025-01
M21,2025,1,1,True,1182.064,184.8653016,2296,157.89600000000002,6.3941907419580355,2025-01
M21,2025,2,0,False,227.24500000000003,20.7944376,826,25.586000000000002,10.928162827543845,2025-02
M21,2025,2,0,True,3303.802,583.3247452,6428,429.60200000000003,5.663743955979874,2025-02
M21,2025,2,1,False,64.35000000000001,5.6433362,234,9.350000000000001,11.402829411439283,2025-02
M21,2025,2,1,True,947.338,153.3138945,1823,157.89600000000002,6.179074656537408,2025-02
M21,2025,3,0,False,247.60200000000003,21.6686237,900,24.76,11.426752498360107,2025-03
M21,2025,3,0,True,4090.193,727.5208889,8082,423.06600000000003,5.622096990485464,2025-03
M21,2025,3,1,False,86.625,7.5769487,315,9.350000000000001,11.432702454485405,2025-03
M21,2025,3,1,True,1489.7930000000001,244.5680614,2916,167.484,6.091527207076272,2025-03
M21,2025,4,0,False,259.16,22.7447331,942,24.76,11.394286266652212,2025-04
M21,2025,4,0,True,4455.391,797.9445125,8548,426.946,5.583584986430996,2025-04
M21,2025,4,1,False,66.275,5.619722,241,9.350000000000001,11.793287995384825,2025-04
M21,2025,4,1,True,1171.677,189.3439082,2209,162.52,6.188089234761026,2025-04
M21,2025,5,0,False,252.288,21.6038961,917,26.138,11.67789359994191,2025-05
M21,2025,5,0,True,4339.985,790.8375335,8317,432.892,5.487833867460212,2025-05
M21,2025,5,1,False,73.7,6.1138936,268,9.350000000000001,12.054511383711356,2025-05
M21,2025,5,1,True,1289.257,212.6808407,2434,162.52,6.0619329684641405,2025-05
M21,2025,6,0,False,241.008,20.9219552,876,25.588,11.519382280294723,2025-06
M21,2025,6,0,True,4169.879,747.0153508,7993,427.938,5.582052625202893,2025-06
M21,2025,6,1,False,75.35000000000001,6.2913893,274,9.350000000000001,11.976686929864602,2025-06
M21,2025,6,1,True,1335.643,207.4994774,2519,162.52,6.436849946495336,2025-06
M21,2025,7,0,False,260.262,22.0869549,946,25.036,11.783516613238524,2025-07
M21,2025,7,0,True,4560.3060000000005,803.3236447,8742,431.35,5.6767979258260715,2025-07
M21,2025,7,1,False,71.5,5.7494481,260,9.350000000000001,12.435976246137432,2025-07
M21,2025,7,1,True,1237.8120000000001,191.1128103,2341,162.52,6.476865669323477,2025-07
M21,2025,8,0,False,250.354,20.9908369,910,24.76,11.926823174925437,2025-08
M21,2025,8,0,True,4286.64,742.0086853,8219,425.928,5.777075234997927,2025-08
M21,2025,8,1,False,85.8,6.7669454,312,9.350000000000001,12.679280669236668,2025-08
M21,2025,8,1,True,1506.776,241.7727676,2840,162.52,6.2321989980810395,2025-08
M21,2025,9,0,False,259.43100000000004,21.6147228,943,25.586000000000002,12.002513397951143,2025-09
M21,2025,9,0,True,4430.879,811.9980974,8492,432.37,5.456760322699741,2025-09
M21,2025,9,1,False,68.75,5.7861171,250,9.350000000000001,11.881888805879854,2025-09
M21,2025,9,1,True,1205.857,211.8341871,2277,162.52,5.6924569943507475,2025-09
M22,2023,1,0,True,6739.536,1158.8295047,9594,590.1,5.815813260419827,2023-01
M22,2023,1,1,True,1872.431,289.2783498,2666,179.84,6.472765767968993,2023-01
M22,2023,2,0,True,6055.954,1056.2967212,8621,590.1,5.733193977086445,2023-02
M22,2023,2,1,True,1704.0720000000001,269.3344624,2425,179.84,6.326973476826039,2023-02
M22,2023,3,0,True,7114.738,1247.4559021,10129,590.1,5.703398403120193,2023-03
M22,2023,3,1,True,1662.037,265.3525068,2356,179.84,6.263505930444068,2023-03
M22,2023,4,0,True,6311.079,1113.8078186,8983,590.1,5.666218978362628,2023-04
M22,2023,4,1,True,2074.088,322.5213794,2952,179.84,6.430854301375347,2023-04
M22,2023,5,0,True,7016.925,1261.8853227,9982,590.1,5.5606677356276695,2023-05
M22,2023,5,1,True,1523.68,247.988322,2181,179.84,6.144160288321964,2023-05
M22,2023,6,0,True,6951.305,1263.1583943,9891,590.1,5.503114281920424,2023-06
M22,2023,6,1,True,1621.864,265.2933517,2309,179.84,6.113473969879359,2023-06
M22,2023,7,0,True,6425.25,1163.5697468,9145,590.1,5.522015347743828,2023-07
M22,2023,7,1,True,2163.963,361.3988781,3081,179.84,5.987741332725516,2023-07
M22,2023,8,0,True,7278.585,1309.008408,10359,590.1,5.560380632788113,2023-08
M22,2023,8,1,True,1611.066,280.22473659999997,2294,179.84,5.749192664242476,2023-08
M22,2023,9,0,True,6505.032,1226.032806,9262,590.1,5.305756883637582,2023-09
M22,2023,9,1,True,1944.058,331.9886129,2769,179.84,5.855797230568205,2023-09
M22,2023,10,0,True,6985.135,1272.6652912,9937,590.1,5.488587650106884,2023-10
M22,2023,10,1,True,1823.031,300.1939032,2619,179.84,6.072844853166225,2023-10
M22,2023,11,0,True,6802.312,1213.6256465,9680,590.1,5.604950768482298,2023-11
M22,2023,11,1,True,1612.35,270.0430779,2295,179.84,5.970714052507842,2023-11
M22,2023,12,0,True,6338.638,1124.8753162,9020,590.1,5.634969412799352,2023-12
M22,2023,12,1,True,2169.685,353.8533353,3090,179.84,6.131594035027313,2023-12
M22,2024,1,0,True,7003.39,1247.0078126,9965,590.1,5.616155672191015,2024-01
M22,2024,1,1,True,1740.005,261.5747325,2482,179.84,6.652037768976788,2024-01
M22,2024,2,0,True,6440.333,1166.3347417,9169,590.1,5.521856436011538,2024-02
M22,2024,2,1,True,1654.352,271.8383543,2359,179.84,6.085793170209757,2024-02
M22,2024,3,0,True,6666.459,1218.6436879,9494,590.1,5.470392261652644,2024-03
M22,2024,3,1,True,2072.103,333.1300193,2942,179.84,6.220102902626644,2024-03
M22,2024,4,0,True,6799.634,1278.7550425,9681,590.1,5.317385874550716,2024-04
M22,2024,4,1,True,1628.52,277.1838952,2316,179.84,5.875233114914391,2024-04
M22,2024,5,0,True,6812.038,1306.3044554,9696,590.1,5.214739926699632,2024-05
M22,2024,5,1,True,1612.311,277.4966693,2308,179.84,5.8101994667796895,2024-05
M22,2024,6,0,True,6035.227,1116.3947439,8590,590.1,5.405997325745739,2024-06
M22,2024,6,1,True,2096.962,354.6683498,2986,179.84,5.912458783487423,2024-06
M22,2024,7,0,True,6730.369,1238.2192420000001,9577,588.89,5.435522863567322,2024-07
M22,2024,7,1,True,1635.327,272.5969458,2328,179.84,5.999065745952316,2024-07
M22,2024,8,0,True,6644.238,1190.1814397,9454,590.1,5.5825421052396536,2024-08
M22,2024,8,1,True,1833.095,305.2075118,2608,179.84,6.006061217789463,2024-08
M22,2024,9,0,True,6276.251,1238.0489298,8955,588.89,5.069469266464205,2024-09
M22,2024,9,1,True,1792.281,325.79724269999997,2553,179.84,5.501215986810437,2024-09
M22,2024,10,0,True,7043.695,1336.9889317,10026,590.1,5.268327084087258,2024-10
M22,2024,10,1,True,1714.18,298.0041962,2439,179.84,5.752200881257255,2024-10
M22,2024,11,0,True,6320.343,1160.0530985,8995,590.1,5.44832215712581,2024-11
M22,2024,11,1,True,1849.273,304.9741838,2634,179.84,6.063703415672523,2024-11
M22,2024,12,0,True,6167.386,1126.8614112,8778,590.1,5.473065222308325,2024-12
M22,2024,12,1,True,1826.574,302.2958443,2600,179.84,6.042339100723126,2024-12
M22,2025,1,0,True,7038.014,1201.3322429,10018,589.495,5.85850753744054,2025-01
M22,2025,1,1,True,1602.087,255.0680471,2281,179.84,6.281018019367585,2025-01
M22,2025,2,0,True,5292.398,927.3041943,7498,589.495,5.70729436201365,2025-02
M22,2025,2,1,True,1350.801,214.3080631,1916,179.84,6.3030806235680075,2025-02
M22,2025,3,0,True,6439.865,1133.3825381,9163,647.325,5.681987134543096,2025-03
M22,2025,3,1,True,2086.129,331.6983439,2976,223.44,6.289235500762475,2025-03
M22,2025,4,0,True,6932.689,1246.5341985,9877,599.815,5.561571442117158,2025-04
M22,2025,4,1,True,1639.367,258.4922303,2329,180.224,6.342035882847965,2025-04
M22,2025,5,0,True,6682.658,1237.5102866,9525,599.815,5.400082789097683,2025-05
M22,2025,5,1,True,1917.813,315.8261278,2735,180.224,6.072369671753295,2025-05
M22,2025,6,0,True,6504.414,1185.4753574,9266,599.815,5.4867559746375205,2025-06
M22,2025,6,1,True,1871.314,310.1838853,2659,180.224,6.032918177519521,2025-06
M22,2025,7,0,True,6902.312,1198.5466645,9793,591.36,5.7589013464731895,2025-07
M22,2025,7,1,True,1701.035,274.110856,2414,180.224,6.205646229494829,2025-07
M22,2025,8,0,True,6393.899,1103.0131101,9086,591.36,5.796757029860076,2025-08
M22,2025,8,1,True,2059.078,345.0336306,2924,180.224,5.967760291712271,2025-08
M22,2025,9,0,True,6704.745,1200.2628013,9569,599.815,5.586064145900478,2025-09
M22,2025,9,1,True,1703.172,281.3253152,2422,180.224,6.054101454713309,2025-09
M23+,2023,1,0,True,13755.526,2405.1017331,11373,580.4399999999999,5.719311499672047,2023-01
M23+,2023,1,1,True,4052.458,661.3694452,3351,232.176,6.127374086316499,2023-01
M23+,2023,2,0,True,12486.509,2204.5097153,10324,580.4399999999999,5.664075287733888,2023-02
M23+,2023,2,1,True,3463.724,578.5008494,2864,232.176,5.9874138535707395,2023-02
M23+,2023,3,0,True,14589.002,2577.2403153,12062,580.4399999999999,5.660706886118142,2023-03
M23+,2023,3,1,True,3615.953,600.1836157,2990,232.176,6.0247446038370756,2023-03
M23+,2023,4,0,True,12724.89,2268.7919478,10522,580.4399999999999,5.608663241395519,2023-04
M23+,2023,4,1,True,4374.257,775.6644675,3617,232.176,5.639367514278975,2023-04
M23+,2023,5,0,True,14284.44,2612.8603,11814,580.4399999999999,5.466974258057348,2023-05
M23+,2023,5,1,True,3515.769,609.5747459,2907,232.176,5.767576533718077,2023-05
M23+,2023,6,0,True,14146.58,2542.8891756,11699,580.4399999999999,5.563191717414144,2023-06
M23+,2023,6,1,True,3344.424,595.7802677,2766,232.176,5.6135192474754065,2023-06
M23+,2023,7,0,True,12693.406,2263.9044616,10502,580.4399999999999,5.606864695619274,2023-07
M23+,2023,7,1,True,4553.203,759.6316977,3765,232.176,5.993961302281239,2023-07
M23+,2023,8,0,True,14743.114,2551.8841649,12191,580.4399999999999,5.777344521661599,2023-08
M23+,2023,8,1,True,3745.316,633.4111275,3097,232.176,5.91293053973069,2023-08
M23+,2023,9,0,True,13120.477,2390.6472457,10850,580.4399999999999,5.488253034235599,2023-09
M23+,2023,9,1,True,4080.378,720.3488928,3374,232.176,5.664446826786321,2023-09
M23+,2023,10,0,True,14103.196,2529.5339146,11661,580.4399999999999,5.575412892706823,2023-10
M23+,2023,10,1,True,4075.406,702.6644527,3370,232.176,5.7999319367020545,2023-10
M23+,2023,11,0,True,13645.199,2440.5864195,11281,580.4399999999999,5.590950966118822,2023-11
M23+,2023,11,1,True,3551.275,599.4511117,2936,232.176,5.924211217039604,2023-11
M23+,2023,12,0,True,12979.057,2283.10833,10732,580.4399999999999,5.684818731312675,2023-12
M23+,2023,12,1,True,4690.199,784.9411136,3878,232.176,5.975224024754154,2023-12
M23+,2024,1,0,True,14648.615,2539.6800645,12112,580.4399999999999,5.767897777661199,2024-01
M23+,2024,1,1,True,3731.526,601.7002765,3085,232.176,6.201635840531312,2024-01
M23+,2024,2,0,True,13490.06,2524.7044742,11154,580.4399999999999,5.343223390244349,2024-02
M23+,2024,2,1,True,3695.424,650.4369434,3055,232.176,5.681448505497051,2024-02
M23+,2024,3,0,True,13673.112,2511.9675189,11306,580.4399999999999,5.44318821685541,2024-03
M23+,2024,3,1,True,4580.342,792.0799978,3789,232.176,5.782676008385374,2024-03
M23+,2024,4,0,True,14302.327,2669.9186824,11825,580.4399999999999,5.356839927103541,2024-04
M23+,2024,4,1,True,3680.708,665.8041686,3043,232.176,5.528214110974252,2024-04
M23+,2024,5,0,True,14488.241,2747.7058324,11978,580.4399999999999,5.272850109775092,2024-05
M23+,2024,5,1,True,3593.484,637.6941804,2971,232.176,5.635121207701709,2024-05
M23+,2024,6,0,True,12806.091,2393.1861493,10588,580.4399999999999,5.351063478177719,2024-06
M23+,2024,6,1,True,4298.898,774.4513961,3555,232.176,5.550894506289857,2024-06
M23+,2024,7,0,True,14019.366,2606.9606064,11587,580.4399999999999,5.377666991048093,2024-07
M23+,2024,7,1,True,3596.225,622.723886,2973,232.176,5.774991261536417,2024-07
M23+,2024,8,0,True,13848.268,2547.8796865,11450,580.4399999999999,5.435212688171805,2024-08
M23+,2024,8,1,True,4093.917,703.6505633,3385,232.176,5.818110882765778,2024-08
M23+,2024,9,0,True,13150.116,2529.6836456,10874,580.4399999999999,5.1983243133474915,2024-09
M23+,2024,9,1,True,4134.857,747.9008167,3419,232.176,5.5286167733369185,2024-09
M23+,2024,10,0,True,14746.406,2799.7136285,12193,580.4399999999999,5.267112268157464,2024-10
M23+,2024,10,1,True,3591.352,654.345875,2969,232.176,5.488461282039869,2024-10
M23+,2024,11,0,True,13055.918,2450.4564168,10796,580.4399999999999,5.327953564279038,2024-11
M23+,2024,11,1,True,4033.763,709.977765,3335,232.176,5.681534266076628,2024-11
M23+,2024,12,0,True,13297.206,2457.579745,10995,580.4399999999999,5.410691566389029,2024-12
M23+,2024,12,1,True,4100.122,706.1411118,3390,232.176,5.8063776934733635,2024-12
M23+,2025,1,0,True,14656.491,2494.6778154,12118,580.4399999999999,5.875103754690647,2025-01
M23+,2025,1,1,True,3645.658,589.4730627,3015,232.176,6.184604913584289,2025-01
M23+,2025,2,0,True,12609.746,2196.7888924,10427,580.4399999999999,5.740080917026035,2025-02
M23+,2025,2,1,True,3380.115,555.8844256,2795,232.176,6.080607486622125,2025-02
M23+,2025,3,0,True,13303.152,2307.3455783,10999,606.936,5.765565472772163,2025-03
M23+,2025,3,1,True,4487.28,747.8041818,3711,258.672,6.000608326632922,2025-03
M23+,2025,4,0,True,14264.328,2483.294468,11792,580.4399999999999,5.744114596078583,2025-04
M23+,2025,4,1,True,3682.965,615.4555743,3045,232.176,5.984128105735154,2025-04
M23+,2025,5,0,True,13876.396999999999,2474.9544516,11471,580.4399999999999,5.606728233333439,2025-05
M23+,2025,5,1,True,4228.43,715.0694539,3496,232.176,5.913313702519492,2025-05
M23+,2025,6,0,True,13509.698,2375.5483916,11168,606.936,5.686980761061589,2025-06
M23+,2025,6,1,True,3851.257,664.3300252,3185,258.672,5.797204482577103,2025-06
M23+,2025,7,0,True,14780.034,2563.638118,12220,580.4399999999999,5.765257544044678,2025-07
M23+,2025,7,1,True,3729.837,606.680026,3084,232.176,6.147947583822382,2025-07
M23+,2025,8,0,True,13485.939,2301.2883488,11149,580.4399999999999,5.860169155695853,2025-08
M23+,2025,8,1,True,4491.114,735.678599,3713,232.176,6.1047229131100496,2025-08
M23+,2025,9,0,True,14024.084,2540.059465,11595,580.4399999999999,5.5211636551193894,2025-09
M23+,2025,9,1,True,3676.865,627.8441926,3040,232.176,5.856333535193712,2025-09
M3,2023,1,0,False,28930.864,5225.9892371,19671,1694.393,5.535959353803469,2023-01
M3,2023,1,0,True,8481.431,1532.2658395,6622,524.859,5.535221618441621,2023-01
M3,2023,1,1,False,11136.140000000001,1666.22587,7482,595.1940000000001,6.683451625919121,2023-01
M3,2023,1,1,True,3060.15,445.078349,2388,176.697,6.875531031503849,2023-01
M3,2023,2,0,False,26642.776,4789.6365452,18100,1591.9260000000002,5.56258825666019,2023-02
M3,2023,2,0,True,7785.652,1422.9589106,6080,479.362,5.471452437595073,2023-02
M3,2023,2,1,False,9925.084,1483.480584,6681,588.238,6.690403708040712,2023-02
M3,2023,2,1,True,2730.243,403.4514068,2130,176.697,6.767216457751611,2023-02
M3,2023,3,0,False,30156.981,5510.4398394,20504,1589.344,5.472699435782901,2023-03
M3,2023,3,0,True,8823.219000000001,1645.7611468,6892,478.355,5.361178332078,2023-03
M3,2023,3,1,False,9835.518,1492.2894892,6613,597.13,6.590891426349665,2023-03
M3,2023,3,1,True,2643.547,393.0614033,2066,176.697,6.725531883328521,2023-03
M3,2023,4,0,False,26331.799,4843.0923279,17828,1600.682,5.436980593640191,2023-04
M3,2023,4,0,True,7732.094,1452.6000469,6039,478.36,5.322933877429713,2023-04
M3,2023,4,1,False,11935.315,1820.1147551,7922,748.653,6.55745192249939,2023-04
M3,2023,4,1,True,3276.98,513.2522332,2550,221.186,6.384735979751798,2023-04
M3,2023,5,0,False,29991.57,5556.4817285,20288,1612.871,5.397582762878332,2023-05
M3,2023,5,0,True,8757.205,1625.8256053,6837,478.36,5.386312634917634,2023-05
M3,2023,5,1,False,9434.163,1475.528366,6319,596.365,6.39375237873265,2023-05
M3,2023,5,1,True,2476.134,391.9244681,1914,176.697,6.3178857191641615,2023-05
M3,2023,6,0,False,28831.293999999998,5331.7870198,19534,1596.762,5.407435423232919,2023-06
M3,2023,6,0,True,8438.571,1581.9930725,6589,478.36,5.334139034290873,2023-06
M3,2023,6,1,False,9218.117,1435.6178159,6157,605.788,6.4210104513234185,2023-06
M3,2023,6,1,True,2147.636,334.8988921,1678,176.697,6.412789204924335,2023-06
M3,2023,7,0,False,26630.619,4780.7453735,17290,1532.084,5.570390581271145,2023-07
M3,2023,7,0,True,9452.7,1776.0442288,7973,561.663,5.32233367092823,2023-07
M3,2023,7,1,False,11798.884,1804.7833519,7611,589.219,6.537562521051976,2023-07
M3,2023,7,1,True,3874.283,583.0802999,3241,232.402,6.644510199820592,2023-07
M3,2023,8,0,False,29759.016,5354.368366,19313,1521.828,5.557894781570955,2023-08
M3,2023,8,0,True,9704.112,1864.5472727,8047,558.24,5.204540609982894,2023-08
M3,2023,8,1,False,8347.008,1294.7327812,5258,581.014,6.446896318067829,2023-08
M3,2023,8,1,True,2547.2019999999998,395.4491761,2118,203.44,6.4412879175044,2023-08
M3,2023,9,0,False,25249.221,4601.2911534,16450,1533.251,5.487420847372975,2023-09
M3,2023,9,0,True,8509.176,1720.8822319,7150,558.24,4.944659106977441,2023-09
M3,2023,9,1,False,9791.866,1496.1189124,6313,585.474,6.544844743852861,2023-09
M3,2023,9,1,True,3074.795,495.1847427,2585,203.44,6.209389617367143,2023-09
M3,2023,10,0,False,27668.027,5010.5642486,18005,1534.671,5.521938374052525,2023-10
M3,2023,10,0,True,9748.155,1953.5714328,8202,579.158,4.989914797243037,2023-10
M3,2023,10,1,False,9402.559,1410.0483348,6055,577.573,6.668252972571787,2023-10
M3,2023,10,1,True,3004.493,487.7991761,2535,203.44,6.15928264582405,2023-10
M3,2023,11,0,False,26954.208,4860.3042105,17555,1548.44,5.54578619621571,2023-11
M3,2023,11,0,True,9423.445,1852.9200286999999,7922,588.67,5.085726773978176,2023-11
M3,2023,11,1,False,8123.518,1215.2441895,5213,578.41,6.684679564970675,2023-11
M3,2023,11,1,True,2707.189,438.8363877,2276,203.44,6.169016690226483,2023-11
M3,2023,12,0,False,24683.783,4434.4647817,16190,1608.006,5.5663499915173995,2023-12
M3,2023,12,0,True,8460.373,1676.8650185,7042,674.092,5.045351239760507,2023-12
M3,2023,12,1,False,9368.097,1416.4844826,6053,574.547,6.613624868522791,2023-12
M3,2023,12,1,True,3121.546,555.4972174,2632,203.44,5.6193728829288645,2023-12
M3,2024,1,0,False,28053.2,5060.7208866,18260,1535.204,5.543320927712196,2024-01
M3,2024,1,0,True,10101.917,1857.8670102,8523,558.24,5.437373581929593,2024-01
M3,2024,1,1,False,8958.215,1342.7530772,5758,572.779,6.671528184973725,2024-01
M3,2024,1,1,True,2994.882,439.3919639,2523,203.44,6.815968989095114,2024-01
M3,2024,2,0,False,25576.547,4661.2534008,16640,1535.721,5.487053545642971,2024-02
M3,2024,2,0,True,9108.528,1714.1902798,7679,561.663,5.313603808943964,2024-02
M3,2024,2,1,False,9357.794,1423.719463,6016,575.162,6.572779429650883,2024-02
M3,2024,2,1,True,3122.803,472.7919569,2626,203.44,6.6050256448429865,2024-02
M3,2024,3,0,False,25854.115999999998,4731.2792495,16826,1526.54,5.46450856874116,2024-03
M3,2024,3,0,True,9224.89,1770.6489375,7775,558.24,5.209892150063767,2024-03
M3,2024,3,1,False,10693.328,1631.2089202,6899,580.553,6.555461944561281,2024-03
M3,2024,3,1,True,3404.873,518.9044896,2862,260.164,6.561656467117219,2024-03
M3,2024,4,0,False,27338.496,4988.1825617,17797,1529.619,5.480652654918646,2024-04
M3,2024,4,0,True,9827.711,1949.7889348,8284,558.24,5.040397360244573,2024-04
M3,2024,4,1,False,8405.077,1301.9188816,5427,580.058,6.45591451110267,2024-04
M3,2024,4,1,True,2776.107,465.1886161,2341,203.44,5.967701925455609,2024-04
M3,2024,5,0,False,27285.412,5013.0092361,17776,1546.665,5.442920751773318,2024-05
M3,2024,5,0,True,9678.443,1897.5916922,8147,558.24,5.100382258092181,2024-05
M3,2024,5,1,False,7884.2789999999995,1210.3405632,5060,581.562,6.51409961767693,2024-05
M3,2024,5,1,True,2634.11,417.0983411,2216,203.44,6.315321209509361,2024-05
M3,2024,6,0,False,23439.444,4271.9856287,15257,1863.424,5.486779693856978,2024-06
M3,2024,6,0,True,8674.782,1703.1814575,7309,750.513,5.093281142652411,2024-06
M3,2024,6,1,False,9597.978000000001,1483.4441881,6201,848.25,6.470063435479242,2024-06
M3,2024,6,1,True,2987.575,458.4453037,2505,298.262,6.516753418320598,2024-06
M3,2024,7,0,False,28147.452,5077.5181222,18299,1537.997,5.543545354753791,2024-07
M3,2024,7,0,True,10081.269999999999,1921.6708623,8497,561.7489999999999,5.246096091572091,2024-07
M3,2024,7,1,False,8777.021,1343.4472504,5666,579.501,6.53320850326406,2024-07
M3,2024,7,1,True,2983.343,459.1069546,2510,203.474,6.498143776975144,2024-07
M3,2024,8,0,False,26348.04,4779.7934027,16910,2415.869,5.512380511073255,2024-08
M3,2024,8,0,True,9268.838,1774.0716981,7633,892.59,5.224612967968975,2024-08
M3,2024,8,1,False,8501.368,1305.8222275,5207,1124.439,6.510356326431884,2024-08
M3,2024,8,1,True,2730.743,431.91082819999997,2184,411.43300000000005,6.3224694119859075,2024-08
M3,2024,9,0,False,24830.701999999997,4554.8122858,16126,1535.027,5.451531356717322,2024-09
M3,2024,9,0,True,8689.754,1777.3505761,7322,558.44,4.889161495121424,2024-09
M3,2024,9,1,False,9115.005,1404.4847232,5866,584.96,6.4899281917657525,2024-09
M3,2024,9,1,True,2906.136,477.8361136,2452,203.50400000000002,6.081867647267756,2024-09
M3,2024,10,0,False,28141.119,5144.2797705,18285,1522.375,5.470371024798445,2024-10
M3,2024,10,0,True,9965.514000000001,2010.8847458,8407,558.44,4.955785765849734,2024-10
M3,2024,10,1,False,8239.17,1264.7233462,5304,589.48,6.5146026004465645,2024-10
M3,2024,10,1,True,2530.027,430.062496,2137,203.50400000000002,5.882928698809393,2024-10
M3,2024,11,0,False,25842.178,4685.76976,16746,1543.143,5.515033670796492,2024-11
M3,2024,11,0,True,9021.709,1771.4594438,7600,558.44,5.092811484663356,2024-11
M3,2024,11,1,False,9032.076,1392.2247108,5769,586.559,6.487513064475051,2024-11
M3,2024,11,1,True,3105.46,530.2038827,2612,203.50400000000002,5.857105353860888,2024-11
M3,2024,12,0,False,26147.303,4642.3142494,16955,1538.143,5.6323853998852895,2024-12
M3,2024,12,0,True,9130.067000000001,1896.0369632,7670,558.44,4.8153423046093495,2024-12
M3,2024,12,1,False,9393.507,1390.6005643,6034,578.37,6.75500013530377,2024-12
M3,2024,12,1,True,3056.5170000000003,550.2958414,2563,203.50400000000002,5.554316006139458,2024-12
M3,2025,1,0,False,28946.985,5208.1026035,18747,1532.453,5.558067343094732,2025-01
M3,2025,1,0,True,10284.708,1881.1500048,8667,558.44,5.467245022330609,2025-01
M3,2025,1,1,False,9145.268,1393.4197687,5861,583.353,6.5631823269825835,2025-01
M3,2025,1,1,True,3091.98,457.4239081,2604,203.50400000000002,6.759550485332404,2025-01
M3,2025,2,0,False,22425.044,4035.9234015,14713,1537.464,5.556360160766545,2025-02
M3,2025,2,0,True,7579.878000000001,1420.4452903,6352,578.2950000000001,5.336268881147207,2025-02
M3,2025,2,1,False,7751.9,1164.3297282,5028,580.842,6.657821931579535,2025-02
M3,2025,2,1,True,2438.502,365.6555659,2037,203.50400000000002,6.66884967003862,2025-02
M3,2025,3,0,False,26414.423,4805.3434324,17122,1736.991,5.496885575732404,2025-03
M3,2025,3,0,True,9250.115,1743.7078133,7826,617.937,5.304853788831732,2025-03
M3,2025,3,1,False,11174.608,1702.7278079,7189,782.982,6.5627682523032345,2025-03
M3,2025,3,1,True,3620.3830000000003,540.5624928,3069,253.77200000000002,6.697436555849774,2025-03
M3,2025,4,0,False,27823.532000000003,5130.6767768,18088,1518.185,5.422975020724951,2025-04
M3,2025,4,0,True,10134.102,1922.8220139,8385,568.795,5.270431650324888,2025-04
M3,2025,4,1,False,8674.255000000001,1321.0400154,5575,587.097,6.5662318316478165,2025-04
M3,2025,4,1,True,2823.504,450.314731,2336,207.318,6.270068033816997,2025-04
M3,2025,5,0,False,27179.695,5052.4909347,17644,1527.5030000000002,5.379464377329722,2025-05
M3,2025,5,0,True,9797.962,1881.6783533,8096,567.678,5.207033382095718,2025-05
M3,2025,5,1,False,9501.881000000001,1490.7242071,6104,571.501,6.374003289639075,2025-05
M3,2025,5,1,True,3104.916,497.6544573,2556,207.318,6.239100151630452,2025-05
M3,2025,6,0,False,26091.194,4790.2698068,16884,1510.992,5.446706563994035,2025-06
M3,2025,6,0,True,9481.344,1818.96811,7841,565.444,5.212485006128007,2025-06
M3,2025,6,1,False,9200.759,1422.0125276,5945,578.301,6.470237653622201,2025-06
M3,2025,6,1,True,2774.372,429.5458201,2281,207.318,6.45884995308327,2025-06
M3,2025,7,0,False,28531.129,5173.4950379,18454,1531.8890000000001,5.514865442217804,2025-07
M3,2025,7,0,True,10401.124,1991.227828,8610,572.343,5.223472600042429,2025-07
M3,2025,7,1,False,9121.399000000001,1415.0169828,5850,574.725,6.446141008110592,2025-07
M3,2025,7,1,True,3077.658,476.6805708,2544,207.318,6.456436843722937,2025-07
M3,2025,8,0,False,26485.736,4780.0323468999995,17166,1511.5810000000001,5.540911457885181,2025-08
M3,2025,8,0,True,9611.536,1799.8217004,7952,565.444,5.340271204566481,2025-08
M3,2025,8,1,False,10504.007,1661.3875182,6605,585.467,6.322430429344007,2025-08
M3,2025,8,1,True,3404.147,541.383892,2812,207.318,6.2878616270319325,2025-08
M3,2025,9,0,False,26958.654000000002,4878.7503345,17514,1525.613,5.525729367490348,2025-09
M3,2025,9,0,True,9752.983,1971.1403215,8067,566.561,4.947888739132568,2025-09
M3,2025,9,1,False,8730.968,1358.5544767,5622,571.373,6.426660211085521,2025-09
M3,2025,9,1,True,2734.248,444.0364069,2269,207.318,6.157711299145278,2025-09
M31,2023,1,0,False,10199.747,2024.4561563,10707,494.483,5.0382651994012955,2023-01
M31,2023,1,0,True,6359.285,1275.2819821,10706,308.815,4.986571667489725,2023-01
M31,2023,1,1,False,3233.7929999999997,526.764209,3398,176.415,6.138976309986921,2023-01
M31,2023,1,1,True,2012.2669999999998,363.5155822,3389,108.582,5.535572884721309,2023-01
M31,2023,2,0,False,9310.432999999999,1830.1259019,9756,494.483,5.087318304349496,2023-02
M31,2023,2,0,True,5796.204,1171.4909032,9756,308.815,4.947715756193505,2023-02
M31,2023,2,1,False,2901.886,471.7869868,3048,176.415,6.150839427943288,2023-02
M31,2023,2,1,True,1801.182,332.2272641,3034,108.582,5.421535781776917,2023-02
M31,2023,3,0,False,10832.908,2134.5795014,11358,492.945,5.074961130702817,2023-03
M31,2023,3,0,True,6710.58,1430.0941961,11301,308.815,4.69240419148639,2023-03
M31,2023,3,1,False,2826.508,464.0369786,2962,176.415,6.091126635053045,2023-03
M31,2023,3,1,True,1738.1899999999998,326.2914066,2929,108.582,5.327109341040181,2023-03
M31,2023,4,0,False,9410.609999999999,1855.0436933,9858,494.483,5.072985630467358,2023-04
M31,2023,4,0,True,5812.273999999999,1226.9864481,9788,308.098,4.737031944403592,2023-04
M31,2023,4,1,False,3528.451,590.3194607,3708,176.415,5.977189022052513,2023-04
M31,2023,4,1,True,2195.781,406.1308594,3698,108.582,5.406584969297706,2023-04
M31,2023,5,0,False,10742.176,2178.4280678,11284,494.483,4.931159379914045,2023-05
M31,2023,5,0,True,6639.173,1394.7197694,11192,307.381,4.760220042522328,2023-05
M31,2023,5,1,False,2731.7639999999997,451.01447509999997,2889,176.415,6.056931985152597,2023-05
M31,2023,5,1,True,1711.394,329.642533,2874,108.582,5.191666210136785,2023-05
M31,2023,6,0,False,10366.75,2077.0450242,10892,494.483,4.99110509363796,2023-06
M31,2023,6,0,True,6464.1759999999995,1374.8033794,10890,308.815,4.701891264495679,2023-06
M31,2023,6,1,False,2747.924,458.003359,2880,176.415,5.999790058308284,2023-06
M31,2023,6,1,True,1657.7189999999998,332.0561235,2792,108.582,4.992285588734219,2023-06
M31,2023,7,0,False,9837.844,1944.3642002,10321,492.945,5.059671433462962,2023-07
M31,2023,7,0,True,6085.436,1261.4425773,10254,308.815,4.8241878857659195,2023-07
M31,2023,7,1,False,3588.199,595.0533787,3772,177.95399999999998,6.030045586564115,2023-07
M31,2023,7,1,True,2232.158,406.3447378,3760,108.582,5.493261736537246,2023-07
M31,2023,8,0,False,10896.175,2104.337546,11431,496.02099999999996,5.177959696015422,2023-08
M31,2023,8,0,True,6765.731,1379.0389226,11393,308.098,4.906120406843983,2023-08
M31,2023,8,1,False,2893.283,466.5611511,3040,176.415,6.201294285172643,2023-08
M31,2023,8,1,True,1797.2069999999999,330.9355852,3027,108.582,5.430685246235647,2023-08
M31,2023,9,0,False,9141.288999999999,1895.0455821,9600,494.483,4.823783177748186,2023-09
M31,2023,9,0,True,5613.237,1345.705014,9477,308.815,4.1712239618659845,2023-09
M31,2023,9,1,False,3121.39,530.3213926,3285,176.415,5.885845910716142,2023-09
M31,2023,9,1,True,1928.34,385.8830616,3248,108.582,4.997213383776055,2023-09
M31,2023,10,0,False,9907.957,2060.511443,10416,494.483,4.808494043388819,2023-10
M31,2023,10,0,True,6118.982,1317.2278151,10315,308.815,4.645348306386519,2023-10
M31,2023,10,1,False,2822.6949999999997,481.382793,2968,177.95399999999998,5.86372226229532,2023-10
M31,2023,10,1,True,1719.187,334.2602719,2899,108.582,5.1432585458864395,2023-10
M31,2023,11,0,False,9964.383,2067.4408684,10478,496.02099999999996,4.819670130498809,2023-11
M31,2023,11,0,True,6150.79,1363.8761632,10373,308.815,4.509786273827591,2023-11
M31,2023,11,1,False,2722.45,449.8986339,2888,176.415,6.051251981807806,2023-11
M31,2023,11,1,True,1716.307,331.6425179,2895,108.582,5.175171780952156,2023-11
M31,2023,12,0,False,9198.529,1868.7802887,9662,494.483,4.922209986706823,2023-12
M31,2023,12,0,True,5645.597,1304.5850238,9527,308.815,4.327504069880769,2023-12
M31,2023,12,1,False,3460.498,568.0661347,3641,176.415,6.091716771371198,2023-12
M31,2023,12,1,True,2073.201,425.19335920000003,3505,108.582,4.875901646019875,2023-12
M31,2024,1,0,False,10640.768,2163.2528635,11169,499.08,4.918873877177697,2024-01
M31,2024,1,0,True,6602.174999999999,1350.4950513,10651,432.45799999999997,4.888707288223441,2024-01
M31,2024,1,1,False,2839.286,475.05668,2984,177.95399999999998,5.976731029232133,2024-01
M31,2024,1,1,True,1757.5949999999998,302.9894724,2890,131.293,5.800845112135321,2024-01
M31,2024,2,0,False,9780.167,2044.9608392,10262,494.488,4.782569334592273,2024-02
M31,2024,2,0,True,6086.706,1286.8864325,10249,308.88,4.729792657908063,2024-02
M31,2024,2,1,False,2841.212,490.100315,2981,176.415,5.797205006897414,2024-02
M31,2024,2,1,True,1775.972,310.5166966,2989,108.595,5.719409034831269,2024-02
M31,2024,3,0,False,9071.083999999999,1847.9158631,9527,496.02599999999995,4.908818729865039,2024-03
M31,2024,3,0,True,5633.302,1191.9375365,9489,308.88,4.72617215877067,2024-03
M31,2024,3,1,False,3141.1009999999997,532.7319435,3304,177.564,5.896212979764746,2024-03
M31,2024,3,1,True,1899.5929999999998,358.019191,3205,108.595,5.305841272626081,2024-03
M31,2024,4,0,False,10122.212,2137.4522641,10639,496.02599999999995,4.735643536938627,2024-04
M31,2024,4,0,True,6297.045,1352.9858603,10606,308.88,4.654183894134522,2024-04
M31,2024,4,1,False,2835.5499999999997,484.9042005,2986,177.95399999999998,5.8476499009003735,2024-04
M31,2024,4,1,True,1773.819,330.5458674,2987,108.595,5.366332406308583,2024-04
M31,2024,5,0,False,10654.064999999999,2250.0658785,11184,497.56399999999996,4.735001362316778,2024-05
M31,2024,5,0,True,6610.5689999999995,1430.6497573,11136,308.88,4.620676001424573,2024-05
M31,2024,5,1,False,2760.604,472.3333535,2901,177.564,5.844609489344478,2024-05
M31,2024,5,1,True,1719.581,318.4058613,2893,108.595,5.400594678060343,2024-05
M31,2024,6,0,False,9301.850999999999,1918.0333967,9474,558.41,4.849681458103883,2024-06
M31,2024,6,0,True,5776.085999999999,1238.7097663,9727,308.88,4.662985759168628,2024-06
M31,2024,6,1,False,3280.542,561.4744414,3370,214.56199999999998,5.842727216256152,2024-06
M31,2024,6,1,True,2026.846,400.9122507,3411,108.595,5.055585097389991,2024-06
M31,2024,7,0,False,10280.007,2070.1858473,10801,496.02599999999995,4.96574112580641,2024-07
M31,2024,7,0,True,6404.036,1367.6958562,10784,308.88,4.682353880776494,2024-07
M31,2024,7,1,False,2697.223,454.852519,2839,176.415,5.929884715005833,2024-07
M31,2024,7,1,True,1688.3059999999998,310.0883405,2843,108.595,5.444596843846825,2024-07
M31,2024,8,0,False,10123.393,2041.7269655,10620,492.95,4.958250133861985,2024-08
M31,2024,8,0,True,6292.938,1293.9983896,10596,308.88,4.863172976548501,2024-08
M31,2024,8,1,False,3146.037,529.8913962,3314,177.95399999999998,5.937135463155497,2024-08
M31,2024,8,1,True,1966.07,354.8783427,3311,108.595,5.540123933857629,2024-08
M31,2024,9,0,False,9017.483,1970.6697596,9509,494.488,4.575846843983814,2024-09
M31,2024,9,0,True,5435.875,1381.7361701,9195,308.88,3.934090398463399,2024-09
M31,2024,9,1,False,2972.136,531.4533398,3130,177.95399999999998,5.59246838324225,2024-09
M31,2024,9,1,True,1829.042,371.8508519,3083,108.595,4.918751673296892,2024-09
M31,2024,10,0,False,10837.842999999999,2262.9053239,11394,492.95,4.789348845280694,2024-10
M31,2024,10,0,True,6709.813999999999,1542.4025347,11305,308.88,4.350235330302456,2024-10
M31,2024,10,1,False,2708.426,474.4578112,2852,177.95399999999998,5.70846540211835,2024-10
M31,2024,10,1,True,1645.841,340.4880765,2776,108.595,4.8337698544929815,2024-10
M31,2024,11,0,False,9559.768,1987.8119718,10065,492.95,4.809191279466667,2024-11
M31,2024,11,0,True,5929.646,1316.7036530999999,9993,308.88,4.5034021026974855,2024-11
M31,2024,11,1,False,3095.159,544.0686252,3259,176.415,5.688912862531298,2024-11
M31,2024,11,1,True,1921.792,387.1180649,3240,108.595,4.964356288814462,2024-11
M31,2024,12,0,False,9197.062,1922.9119683,9672,496.02599999999995,4.7828824988441365,2024-12
M31,2024,12,0,True,5683.851,1306.7433735,9586,308.88,4.3496306277615115,2024-12
M31,2024,12,1,False,3036.739,522.5358465,3197,176.415,5.811541964709975,2024-12
M31,2024,12,1,True,1867.1589999999999,390.7039208,3149,108.595,4.778961511767864,2024-12
M31,2025,1,0,False,10644.030999999999,2047.5806052,11169,496.026,5.198345292472786,2025-01
M31,2025,1,0,True,6667.656,1322.9661557,11225,308.88,5.039929382374902,2025-01
M31,2025,1,1,False,2832.017,470.3783485,2978,175.267,6.0207214235754725,2025-01
M31,2025,1,1,True,1763.472,299.9391997,2970,108.595,5.879431570677755,2025-01
M31,2025,2,0,False,9293.698,1843.1584089,9775,492.95,5.042267639679703,2025-02
M31,2025,2,0,True,5819.346,1189.1733828,9799,308.88,4.893605999066262,2025-02
M31,2025,2,1,False,2575.517,428.5619649,2708,176.415,6.00967237165101,2025-02
M31,2025,2,1,True,1605.788,279.5644472,2704,108.595,5.743892029486931,2025-02
M31,2025,3,0,False,9839.737,1935.0647928,10333,569.49,5.084965132233167,2025-03
M31,2025,3,0,True,6091.847,1245.8133872,10255,343.299,4.889855144109178,2025-03
M31,2025,3,1,False,3580.5099999999998,595.9383796,3769,244.87699999999998,6.008188300279092,2025-03
M31,2025,3,1,True,2182.014,383.3247483,3681,138.097,5.692337918897683,2025-03
M31,2025,4,0,False,9813.295,1982.1244862,10324,496.026,4.950897417554944,2025-04
M31,2025,4,0,True,6112.6,1260.6813912,10297,308.88,4.848647757211379,2025-04
M31,2025,4,1,False,2652.908,433.9924956,2792,176.415,6.112796942104545,2025-04
M31,2025,4,1,True,1641.107,290.5186165,2763,108.595,5.648887564491069,2025-04
M31,2025,5,0,False,9799.306999999999,1987.2733576,10318,494.488,4.931031235599351,2025-05
M31,2025,5,0,True,6092.554,1304.3706081,10266,308.163,4.670876484157111,2025-05
M31,2025,5,1,False,2983.171,497.6088916,3150,173.728,5.9950114444458205,2025-05
M31,2025,5,1,True,1834.996,340.646942,3085,106.885,5.386797219509459,2025-05
M31,2025,6,0,False,9831.076,1979.0331105,10371,492.95,4.967615724992187,2025-06
M31,2025,6,0,True,6177.598,1294.5608953,10408,308.88,4.771964009130996,2025-06
M31,2025,6,1,False,3003.9739999999997,498.0727899,3172,173.728,6.031194758908872,2025-06
M31,2025,6,1,True,1846.504,334.0458569,3112,106.239,5.527696158652761,2025-06
M31,2025,7,0,False,10801.746,2129.858099,11359,492.95,5.07158012314134,2025-07
M31,2025,7,0,True,6814.91,1416.4997919,11478,308.88,4.811091423359072,2025-07
M31,2025,7,1,False,2816.529,460.5016945,2965,177.954,6.116218536520499,2025-07
M31,2025,7,1,True,1765.131,307.7058523,2972,108.595,5.736423232792704,2025-07
M31,2025,8,0,False,9541.298,1880.0281197,10048,494.488,5.075082601170096,2025-08
M31,2025,8,0,True,6170.221,1223.0500566,10393,308.163,5.0449455986722365,2025-08
M31,2025,8,1,False,3499.446,573.6330631,3684,224.78,6.1004956393002585,2025-08
M31,2025,8,1,True,2192.268,384.2275012,3692,120.223,5.705650931162446,2025-08
M31,2025,9,0,False,9345.598,1938.164461,9859,497.56399999999996,4.8218807991031465,2025-09
M31,2025,9,0,True,5757.6269999999995,1419.5063889,9721,308.88,4.056076848278002,2025-09
M31,2025,9,1,False,2742.507,467.50057449999997,2886,176.415,5.866317924706636,2025-09
M31,2025,9,1,True,1674.671,319.2325182,2822,108.595,5.245928608534843,2025-09
M34+,2023,1,0,True,7133.906,1289.3241937,9808,541.677,5.533058353250693,2023-01
M34+,2023,1,1,True,1811.721,304.9952893,2476,191.366,5.94016059775255,2023-01
M34+,2023,2,0,True,6499.068,1194.3347743,8926,541.736,5.441579814846391,2023-02
M34+,2023,2,1,True,1639.218,287.2911337,2248,190.281,5.705773021564014,2023-02
M34+,2023,3,0,True,7611.706,1430.7286182,10441,539.2040000000001,5.3201605833371035,2023-03
M34+,2023,3,1,True,1561.201,281.8205854,2145,195.294,5.539698236678206,2023-03
M34+,2023,4,0,True,6460.1990000000005,1203.9111205,8865,534.975,5.366009907207267,2023-04
M34+,2023,4,1,True,1876.4930000000002,352.5861135,2568,195.173,5.322084245952585,2023-04
M34+,2023,5,0,True,7723.687,1469.8305977,10610,545.133,5.254814406562275,2023-05
M34+,2023,5,1,True,1582.189,292.7883668,2154,189.193,5.403865656591381,2023-05
M34+,2023,6,0,True,7438.9980000000005,1417.6844332,10211,528.392,5.247287637354302,2023-06
M34+,2023,6,1,True,1524.8020000000001,283.3175318,2076,195.232,5.381954269869861,2023-06
M34+,2023,7,0,True,6742.271000000001,1313.7122295,9243,541.256,5.1322282373561485,2023-07
M34+,2023,7,1,True,1966.9270000000001,365.1253033,2678,194.327,5.386991759330091,2023-07
M34+,2023,8,0,True,7625.653,1450.4225081,10462,534.19,5.257539067005603,2023-08
M34+,2023,8,1,True,1663.077,318.3283479,2276,191.245,5.22440747414189,2023-08
M34+,2023,9,0,True,6610.857,1370.6036581,9068,549.966,4.823317784781271,2023-09
M34+,2023,9,1,True,1789.951,332.5311279,2447,186.356,5.382807351912874,2023-09
M34+,2023,10,0,True,7097.96,1489.0153195,9753,537.3340000000001,4.766881782239447,2023-10
M34+,2023,10,1,True,1708.48,350.4550028,2324,197.227,4.875033845571915,2023-10
M34+,2023,11,0,True,6826.133,1346.5469592,9390,544.169,5.069361267620024,2023-11
M34+,2023,11,1,True,1479.714,287.3172518,2015,202.24,5.150104947509455,2023-11
M34+,2023,12,0,True,6666.7390000000005,1278.2897352,9190,540.72,5.2153583154267675,2023-12
M34+,2023,12,1,True,1965.589,376.9855598,2681,192.275,5.213963635749849,2023-12
M34+,2024,1,0,True,7590.818,1392.9488858,10409,542.9590000000001,5.449459113239775,2024-01
M34+,2024,1,1,True,1599.346,277.4783551,2187,191.309,5.763858587901799,2024-01
M34+,2024,2,0,True,7095.072,1373.696443,9743,530.388,5.1649489493509595,2024-02
M34+,2024,2,1,True,1599.942,288.8105634,2172,195.292,5.5397627467804735,2024-02
M34+,2024,3,0,True,7195.472000000001,1402.6652973,9881,532.261,5.129856719098001,2024-03
M34+,2024,3,1,True,2124.9210000000003,397.6099969,2903,184.362,5.344234341608931,2024-03
M34+,2024,4,0,True,7484.972000000001,1459.4436268,10302,537.149,5.128647563052279,2024-04
M34+,2024,4,1,True,1682.969,317.6711431,2298,188.34900000000002,5.297834054351663,2024-04
M34+,2024,5,0,True,7414.851000000001,1487.365329,10214,540.184,4.985225119497189,2024-05
M34+,2024,5,1,True,1525.227,285.7505738,2076,189.314,5.3376165783923275,2024-05
M34+,2024,6,0,True,6425.7480000000005,1280.9900276,8836,535.2810000000001,5.016235771982523,2024-06
M34+,2024,6,1,True,1942.442,373.7516728,2644,198.312,5.1971459698039375,2024-06
M34+,2024,7,0,True,7234.753000000001,1412.5858412,9970,543.792,5.12163777165856,2024-07
M34+,2024,7,1,True,1549.474,284.031965,2118,191.245,5.455280359025787,2024-07
M34+,2024,8,0,True,7033.559,1368.9006263,9664,536.245,5.138107810653136,2024-08
M34+,2024,8,1,True,1838.6570000000002,353.6033332,2510,191.247,5.199772817073661,2024-08
M34+,2024,9,0,True,6698.539000000001,1353.6175403,9214,536.076,4.948620123905468,2024-09
M34+,2024,9,1,True,1786.737,352.499204,2445,188.346,5.068768892879542,2024-09
M34+,2024,10,0,True,7727.110000000001,1553.6647252,10644,532.318,4.97347328202055,2024-10
M34+,2024,10,1,True,1534.3600000000001,319.0386251,2100,198.25300000000001,4.8093236344629675,2024-10
M34+,2024,11,0,True,6727.398,1352.5261556,9263,541.149,4.973950390641894,2024-11
M34+,2024,11,1,True,1775.232,346.9316825,2431,194.14600000000002,5.116949790251572,2024-11
M34+,2024,12,0,True,6832.473,1377.402796,9422,541.814,4.960403027960747,2024-12
M34+,2024,12,1,True,1805.786,353.6227794,2466,194.324,5.106531889896684,2024-12
M34+,2025,1,0,True,7745.991,1381.3611472,10662,540.908,5.6075060571241755,2025-01
M34+,2025,1,1,True,1608.122,275.6483671,2203,192.154,5.833961640761703,2025-01
M34+,2025,2,0,True,6573.3150000000005,1205.7669816,9054,530.927,5.451563279065329,2025-02
M34+,2025,2,1,True,1483.049,253.5950094,2015,202.298,5.848100100663889,2025-02
M34+,2025,3,0,True,7106.1900000000005,1294.6836501,9768,609.39,5.488746227274227,2025-03
M34+,2025,3,1,True,1869.987,327.7058293,2546,265.153,5.70629763893553,2025-03
M34+,2025,4,0,True,7807.75,1393.611717,10624,537.241,5.6025289574972765,2025-04
M34+,2025,4,1,True,1611.633,286.1408677,2175,196.15,5.6323062586421315,2025-04
M34+,2025,5,0,True,7374.652,1380.4542067,10021,543.1129999999999,5.34219242058687,2025-05
M34+,2025,5,1,True,1864.403,327.3508185,2522,189.988,5.695427946516651,2025-05
M34+,2025,6,0,True,6999.745,1317.6589119,9494,539.295,5.312258686056096,2025-06
M34+,2025,6,1,True,1674.317,308.5980753,2258,199.141,5.42555878993196,2025-06
M34+,2025,7,0,True,7647.608,1432.3169513,10391,547.96,5.339326601600907,2025-07
M34+,2025,7,1,True,1628.493,279.8072591,2205,191.105,5.820052722141832,2025-07
M34+,2025,8,0,True,7190.852,1307.7380785999999,9775,536.304,5.498694362175469,2025-08
M34+,2025,8,1,True,2050.439,365.2247218,2770,192.087,5.614184576264355,2025-08
M34+,2025,9,0,True,7595.617,1457.9850329,10329,544.14,5.20966733443893,2025-09
M34+,2025,9,1,True,1587.107,288.3783273,2147,196.195,5.50355851932289,2025-09
M34A+,2023,1,0,True,7974.42,1436.2764193,9718,537.3870000000001,5.552148522974779,2023-01
M34A+,2023,1,1,True,2125.076,350.4214096,2586,205.42700000000002,6.064344077679893,2023-01
M34A+,2023,2,0,True,7231.606,1326.3908977,8813,497.627,5.4520926014644795,2023-02
M34A+,2023,2,1,True,1916.323,331.9069373,2334,205.42700000000002,5.773675644109534,2023-02
M34A+,2023,3,0,True,8254.099,1536.7336348,10052,492.7,5.371196942060971,2023-03
M34A+,2023,3,1,True,1885.779,333.731129,2294,205.42700000000002,5.650593654989852,2023-03
M34A+,2023,4,0,True,7108.75,1342.3789032,8665,492.4,5.295635966159752,2023-04
M34A+,2023,4,1,True,2075.46,379.4005777,2523,241.085,5.470365945623598,2023-04
M34A+,2023,5,0,True,8080.602,1550.5108527,9851,495.096,5.21157396991369,2023-05
M34A+,2023,5,1,True,1668.06,306.101673,2026,205.301,5.4493658386506105,2023-05
M34A+,2023,6,0,True,8046.527,1543.3691778,9809,492.4,5.213611309427564,2023-06
M34A+,2023,6,1,True,1679.692,316.1002824,2041,205.301,5.31379468327865,2023-06
M34A+,2023,7,0,True,7127.409,1385.1311553,8694,495.109,5.145656404253143,2023-07
M34A+,2023,7,1,True,2091.675,377.7730562,2543,205.301,5.536855965960233,2023-07
M34A+,2023,8,0,True,8150.137,1550.0905683,9928,492.4,5.257845681196768,2023-08
M34A+,2023,8,1,True,1687.1209999999999,311.7463854,2052,205.301,5.411838208918652,2023-08
M34A+,2023,9,0,True,6970.413,1459.648375,8481,495.817,4.775405583553642,2023-09
M34A+,2023,9,1,True,1975.056,373.129462,2405,205.301,5.293219113316761,2023-09
M34A+,2023,10,0,True,7610.375,1597.5108498,9276,492.4,4.7638956573927365,2023-10
M34A+,2023,10,1,True,1835.027,354.9477801,2224,205.301,5.169850617133076,2023-10
M34A+,2023,11,0,True,7102.754,1419.2117142,8653,495.817,5.004717709791294,2023-11
M34A+,2023,11,1,True,1614.885,295.9539104,1967,205.301,5.4565421954296305,2023-11
M34A+,2023,12,0,True,7162.437,1391.5953044999999,8720,495.109,5.146925242445729,2023-12
M34A+,2023,12,1,True,2052.85,378.018346,2488,205.301,5.430556537062886,2023-12
M34A+,2024,1,0,True,8312.003,1526.6075152,10142,495.817,5.444754409525522,2024-01
M34A+,2024,1,1,True,1869.666,322.423069,2275,205.301,5.798797231844475,2024-01
M34A+,2024,2,0,True,7795.5599999999995,1558.8297565,9506,497.324,5.000905305723165,2024-02
M34A+,2024,2,1,True,1834.652,344.8439098,2234,205.301,5.320238948294166,2024-02
M34A+,2024,3,0,True,7768.251,1540.2816722,9474,492.4,5.0433963736675045,2024-03
M34A+,2024,3,1,True,2092.306,395.4863916,2547,205.301,5.290462692117571,2024-03
M34A+,2024,4,0,True,7853.821,1592.187806,9584,492.4,4.932722741879861,2024-04
M34A+,2024,4,1,True,1841.914,362.0652804,2241,205.301,5.0872428252858235,2024-04
M34A+,2024,5,0,True,7979.786,1649.0369631,9736,495.817,4.8390582980013495,2024-05
M34A+,2024,5,1,True,1693.763,321.0647398,2059,205.301,5.275456286651382,2024-05
M34A+,2024,6,0,True,6921.095,1427.3452975,8437,492.4,4.848928295152071,2024-06
M34A+,2024,6,1,True,2249.381,430.2597349,2737,205.301,5.227960735212176,2024-06
M34A+,2024,7,0,True,7315.456999999999,1506.2469757,8905,495.109,4.8567446892965735,2024-07
M34A+,2024,7,1,True,1702.267,321.7680742,2074,205.301,5.2903539427654005,2024-07
M34A+,2024,8,0,True,7468.978,1508.0961528,9117,492.4,4.952587397118384,2024-08
M34A+,2024,8,1,True,1862.964,364.7377759,2266,205.301,5.107680429873455,2024-08
M34A+,2024,9,0,True,6957.95,1469.1050521,8481,495.109,4.736182746124259,2024-09
M34A+,2024,9,1,True,1667.8519999999999,330.6883447,2028,205.301,5.043576608401705,2024-09
M34A+,2024,10,0,True,8222.722,1725.8283392,10015,492.4,4.764507461855451,2024-10
M34A+,2024,10,1,True,1623.377,337.1177889,1971,205.301,4.815459324460466,2024-10
M34A+,2024,11,0,True,7061.352,1496.1269719,8617,495.817,4.719754494521589,2024-11
M34A+,2024,11,1,True,1853.446,357.2300017,2256,205.301,5.188382809897682,2024-11
M34A+,2024,12,0,True,6495.945,1361.8158423,7922,495.817,4.770061265426945,2024-12
M34A+,2024,12,1,True,1675.815,323.5169595,2040,203.678,5.179991189920911,2024-12
M34A+,2025,1,0,True,8193.547,1489.8325145,9997,495.817,5.499643027155856,2025-01
M34A+,2025,1,1,True,1930.599,322.5247251,2350,205.301,5.985894567932459,2025-01
M34A+,2025,2,0,True,6051.823,1120.9008429,7271,495.109,5.399070790546196,2025-02
M34A+,2025,2,1,True,1663.017,281.1702868,1993,205.301,5.914625684409268,2025-02
M34A+,2025,3,0,True,7445.211,1388.1986712,9078,539.0,5.363217206917609,2025-03
M34A+,2025,3,1,True,2372.891,410.5594502,2888,254.231,5.779652615094037,2025-03
M34A+,2025,4,0,True,8130.389,1515.0083651,9934,492.3,5.3665637677606775,2025-04
M34A+,2025,4,1,True,1836.327,325.0102933,2239,205.259,5.6500579761791805,2025-04
M34A+,2025,5,0,True,7847.785,1521.924773,9583,495.009,5.156486798312994,2025-05
M34A+,2025,5,1,True,2075.2509999999997,368.4172283,2530,205.259,5.63288261402948,2025-05
M34A+,2025,6,0,True,7525.056,1447.0128253,9183,492.3,5.200407258615608,2025-06
M34A+,2025,6,1,True,1937.662,345.15777429999997,2358,205.259,5.613844288831944,2025-06
M34A+,2025,7,0,True,7987.823,1525.3949892,9759,497.223,5.23656040340689,2025-07
M34A+,2025,7,1,True,1923.422,330.9964036,2345,205.259,5.811005736256888,2025-07
M34A+,2025,8,0,True,7772.08,1437.1742245,9495,492.3,5.407889918638045,2025-08
M34A+,2025,8,1,True,2285.941,404.1516633,2784,205.259,5.6561464607981975,2025-08
M34A+,2025,9,0,True,7480.901,1456.7205999,9132,495.716,5.1354398369279215,2025-09
M34A+,2025,9,1,True,1771.526,316.9975043,2159,205.259,5.588454091813492,2025-09
M35,2023,1,0,False,10194.375,798.3111437,6704,608.3,12.769926964505682,2023-01
M35,2023,1,1,False,4393.135,322.9891866,2890,243.32,13.601492502721452,2023-01
M35,2023,2,0,False,9538.144,742.1586517,6272,608.3,12.851893565010368,2023-02
M35,2023,2,1,False,3938.4399999999996,291.6894301,2591,243.32,13.502169066084372,2023-02
M35,2023,3,0,False,10500.528,846.1980587,6906,608.3,12.409066520587137,2023-03
M35,2023,3,1,False,3912.178,293.1238948,2573,243.32,13.34649978866206,2023-03
M35,2023,4,0,False,8927.708999999999,738.465563,5873,608.3,12.089540050766049,2023-04
M35,2023,4,1,False,4419.742,356.8419473,2907,243.32,12.385713152395411,2023-04
M35,2023,5,0,False,9480.643,805.4153029,6232,608.3,11.771123500961233,2023-05
M35,2023,5,1,False,3455.477,288.6766816,2271,243.32,11.970059309425011,2023-05
M35,2023,6,0,False,8717.610999999999,733.9666818000001,5728,610.5749999999999,11.877393369710857,2023-06
M35,2023,6,1,False,3295.841,271.7924999,2167,243.32,12.126313276534972,2023-06
M35,2023,7,0,False,8594.134,728.1480856,5651,608.3,11.802728277337108,2023-07
M35,2023,7,1,False,4097.343,334.6872526,2695,243.32,12.242303727345485,2023-07
M35,2023,8,0,False,9213.002999999999,791.6483564,6056,608.3,11.637746640308693,2023-08
M35,2023,8,1,False,2895.1079999999997,247.6686104,1903,243.32,11.689442579437994,2023-08
M35,2023,9,0,False,8521.102,728.3216767,5531,639.8,11.699640794173277,2023-09
M35,2023,9,1,False,3524.643,323.9249964,2287,268.515,10.881046659479102,2023-09
M35,2023,10,0,False,9129.872,780.6780989,5916,616.9,11.694797142207879,2023-10
M35,2023,10,1,False,3797.406,305.9577821,2461,246.76,12.411535911705775,2023-10
M35,2023,11,0,False,8728.488,736.7155578,5660,616.9,11.847839926260342,2023-11
M35,2023,11,1,False,3361.619,274.4777885,2179,246.76,12.247326162058467,2023-11
M35,2023,12,0,False,8644.313,717.1900291,5604,616.9,12.053030088619229,2023-12
M35,2023,12,1,False,4233.798,333.1894548,2746,246.76,12.706878741229596,2023-12
M35,2024,1,0,False,9865.922,793.9894942,6396,616.9,12.425758869694628,2024-01
M35,2024,1,1,False,3720.555,263.4525018,2413,246.76,14.122298989684523,2024-01
M35,2024,2,0,False,8261.111,665.851123,5358,616.9,12.406843984552385,2024-02
M35,2024,2,1,False,3815.364,277.9697316,2473,246.76,13.725825391270767,2024-02
M35,2024,3,0,False,8807.129,736.6683546,5709,616.9,11.95535133958909,2024-03
M35,2024,3,1,False,4684.773,351.0522357,3042,345.12,13.344945633684794,2024-03
M35,2024,4,0,False,8870.258,795.3952833,5863,605.1,11.152012321720541,2024-04
M35,2024,4,1,False,3377.2000000000003,284.0813959,2231,242.04000000000002,11.888142091461752,2024-04
M35,2024,5,0,False,9186.551,813.8064327,6073,605.1,11.288373538067757,2024-05
M35,2024,5,1,False,3326.931,285.5177893,2200,242.04000000000002,11.652272203972267,2024-05
M35,2024,6,0,False,7089.567,646.6150012,4687,605.1,10.96412391738987,2024-06
M35,2024,6,1,False,3958.284,345.1505718,2605,313.92,11.468281739639291,2024-06
M35,2024,7,0,False,8741.293,772.9652968,5548,630.7,11.308778073463438,2024-07
M35,2024,7,1,False,3091.66,280.46445,1960,252.28,11.023357862288785,2024-07
M35,2024,8,0,False,7693.318,660.3400107,4955,830.06,11.650540441801523,2024-08
M35,2024,8,1,False,3036.997,272.9369505,1996,351.96,11.127100945608314,2024-08
M35,2024,9,0,False,8074.714,673.6489232,5237,616.6,11.986531443772074,2024-09
M35,2024,9,1,False,3341.972,287.2766735,2168,246.64,11.633287030525295,2024-09
M35,2024,10,0,False,8874.928,741.3316893,5759,616.6,11.971602088641484,2024-10
M35,2024,10,1,False,3150.044,256.8861129,2043,246.64,12.262414516841716,2024-10
M35,2024,11,0,False,8098.632,657.3402942,5253,616.6,12.320303610561774,2024-11
M35,2024,11,1,False,3641.832,290.9952808,2363,246.64,12.515089557424877,2024-11
M35,2024,12,0,False,8087.034,642.8175203,5246,616.6,12.58060607344028,2024-12
M35,2024,12,1,False,3782.432,285.4425044,2453,246.64,13.251116920903808,2024-12
M35,2025,1,0,False,8732.554,667.065311,5664,616.6,13.091003018743393,2025-01
M35,2025,1,1,False,3378.138,255.7438896,2191,246.64,13.209066325235089,2025-01
M35,2025,2,0,False,6713.128,571.2602873,4435,616.6,11.75143476492804,2025-02
M35,2025,2,1,False,2979.65,233.04001350000001,1969,246.64,12.786001662328259,2025-02
M35,2025,3,0,False,8426.322,731.9808562,5471,685.66,11.51166991407992,2025-03
M35,2025,3,1,False,4387.2789999999995,363.6994627,2846,315.7,12.062924062164141,2025-03
M35,2025,4,0,False,9690.672999999999,856.2314371,6291,616.3,11.31781966896903,2025-04
M35,2025,4,1,False,3463.047,289.8852925,2246,246.51999999999998,11.946266642692816,2025-04
M35,2025,5,0,False,9340.734999999999,805.7483573,6067,616.3,11.59262059348166,2025-05
M35,2025,5,1,False,3869.621,327.0039099,2512,246.51999999999998,11.833561871426419,2025-05
M35,2025,6,0,False,8768.57,760.3436229,5694,616.3,11.532377909025007,2025-06
M35,2025,6,1,False,4020.549,322.7816797,2609,246.51999999999998,12.455939270583082,2025-06
M35,2025,7,0,False,11869.927,917.2872491,7703,616.3,12.940250735684186,2025-07
M35,2025,7,1,False,3800.342,285.4319589,2468,246.51999999999998,13.314353496524317,2025-07
M35,2025,8,0,False,10924.25,838.2767328,7084,616.3,13.03179436164353,2025-08
M35,2025,8,1,False,4728.507,358.3489019,3068,246.51999999999998,13.195260191754477,2025-08
M35,2025,9,0,False,11955.989,940.3628068,7756,616.3,12.714229990322071,2025-09
M35,2025,9,1,False,3989.2529999999997,327.9669451,2587,246.51999999999998,12.16358251830422,2025-09
M4,2023,1,0,False,38821.043,7090.0072888,39715,1785.617,5.475458827993751,2023-01
M4,2023,1,0,True,5261.468999999998,1015.8252938,4217,258.0299999999999,5.179501861307165,2023-01
M4,2023,1,1,False,11251.904,1681.076451,11545,594.128,6.693273225799295,2023-01
M4,2023,1,1,True,1477.2129999999993,212.4250181,1185,84.77699999999997,6.954044364513576,2023-01
M4,2023,2,0,False,34955.595,6386.6951033000005,35790,1800.033,5.473189879056301,2023-02
M4,2023,2,0,True,4712.3499999999985,918.8669464,3776,260.38999999999993,5.128435643987812,2023-02
M4,2023,2,1,False,9583.856,1447.094486,9823,599.411,6.622826700481257,2023-02
M4,2023,2,1,True,1273.6749999999995,183.6936124,1022,84.77699999999997,6.93369237699198,2023-02
M4,2023,3,0,False,41275.128,7601.1010036,42240,1784.143,5.4301512347292125,2023-03
M4,2023,3,0,True,5559.2019999999975,1113.9555491,4453,256.8499999999999,4.990506133293606,2023-03
M4,2023,3,1,False,9458.884,1446.1908634,9690,596.517,6.5405502409012115,2023-03
M4,2023,3,1,True,1238.3709999999994,178.1188953,994,84.77699999999997,6.95249652157482,2023-03
M4,2023,4,0,False,35804.22,6620.8096238,36596,1774.746,5.407831071187068,2023-04
M4,2023,4,0,True,4887.686999999998,979.3605577,3917,256.8499999999999,4.990692101669471,2023-04
M4,2023,4,1,False,12066.465,1854.6144422,12373,596.721,6.5061851808327305,2023-04
M4,2023,4,1,True,1525.9219999999993,225.4538864,1224,84.77699999999997,6.768222204396648,2023-04
M4,2023,5,0,False,39787.331,7458.6347522,40590,1793.167,5.334398629489709,2023-05
M4,2023,5,0,True,5373.200999999998,1050.4791683,4304,256.8499999999999,5.1150000515436185,2023-05
M4,2023,5,1,False,9288.561,1448.0338962,9546,600.865,6.414601912548792,2023-05
M4,2023,5,1,True,1191.5429999999994,183.4941723,956,84.77699999999997,6.493628571766905,2023-05
M4,2023,6,0,False,38950.305,7245.9895641,39822,1783.47,5.375429353773557,2023-06
M4,2023,6,0,True,5253.2019999999975,1054.8447365,4210,256.8499999999999,4.980071301706682,2023-06
M4,2023,6,1,False,9155.795,1409.4239276,9429,596.842,6.496125701222272,2023-06
M4,2023,6,1,True,1041.5649999999996,158.9447275,832,85.95699999999997,6.55300126265591,2023-06
M4,2023,7,0,False,35274.906,6449.2881373,35749,1708.631,5.469581331927879,2023-07
M4,2023,7,0,True,6578.353999999998,1331.3239261,5973,334.5249999999999,4.941212180622882,2023-07
M4,2023,7,1,False,11500.84,1757.7402808,11672,590.788,6.542968904806361,2023-07
M4,2023,7,1,True,2066.9689999999996,313.1527774,1864,131.94499999999994,6.600513069567301,2023-07
M4,2023,8,0,False,39552.833,7220.9517854,40074,2107.094,5.4775096379914405,2023-08
M4,2023,8,0,True,7428.576999999998,1521.5605573,6746,332.9699999999999,4.88220923206761,2023-08
M4,2023,8,1,False,8614.118,1334.3420053,8878,713.18,6.455704733707524,2023-08
M4,2023,8,1,True,1621.5169999999996,263.1152925,1456,110.71399999999997,6.162762280341419,2023-08
M4,2023,9,0,False,34098.38,6271.3047449,34473,1785.489,5.43720667182212,2023-09
M4,2023,9,0,True,6277.294,1349.6925329,5699,352.81999999999994,4.650906667248407,2023-09
M4,2023,9,1,False,9872.210000000001,1499.4367119,10034,624.929,6.583945772203019,2023-09
M4,2023,9,1,True,1699.129,273.5458317,1551,128.57899999999998,6.211496587026955,2023-09
M4,2023,10,0,False,37774.825000000004,6910.2059529,38249,1702.536,5.466526650214684,2023-10
M4,2023,10,0,True,7102.562999999999,1486.2080755,6462,332.96999999999997,4.778982914361105,2023-10
M4,2023,10,1,False,9707.733,1455.4769894,9874,575.107,6.669794899335287,2023-10
M4,2023,10,1,True,1692.61,269.4000055,1534,112.69999999999999,6.282887770765097,2023-10
M4,2023,11,0,False,36324.432,6597.5717048999995,36783,1705.356,5.5057275047153995,2023-11
M4,2023,11,0,True,6708.659,1380.950027,6080,334.43699999999995,4.858002729160306,2023-11
M4,2023,11,1,False,8409.433,1255.7011438,8646,576.484,6.697001943114739,2023-11
M4,2023,11,1,True,1545.3439999999998,244.7264004,1404,112.69999999999999,6.3145782288881325,2023-11
M4,2023,12,0,False,32956.997,5953.7013979,33331,1722.0130000000001,5.535547518662029,2023-12
M4,2023,12,0,True,6081.552,1331.5725191,5522,333.48799999999994,4.567195487115096,2023-12
M4,2023,12,1,False,10568.937,1583.2511042,10768,571.581,6.675464790116393,2023-12
M4,2023,12,1,True,1779.9419999999998,341.794177,1632,112.69899999999998,5.207642844073379,2023-12
M4,2024,1,0,False,38048.876000000004,6978.0025626999995,38512,1714.662,5.452688739810056,2024-01
M4,2024,1,0,True,7058.4529999999995,1364.9783123,6411,333.48799999999994,5.171109999620761,2024-01
M4,2024,1,1,False,9040.623,1352.5000669,9177,569.784,6.6843789669612175,2024-01
M4,2024,1,1,True,1660.359,228.4377811,1509,110.71399999999998,7.268320467852767,2024-01
M4,2024,2,0,False,34547.286,6391.1850944,34982,1719.357,5.405458532294827,2024-02
M4,2024,2,0,True,6393.299999999999,1262.1289121,5807,336.9409999999999,5.065488904269274,2024-02
M4,2024,2,1,False,9124.223,1375.4933567,9260,570.451,6.633418442594503,2024-02
M4,2024,2,1,True,1664.817,239.7202876,1513,110.71399999999998,6.944831481171642,2024-02
M4,2024,3,0,False,35785.648,6548.598971,36236,1706.987,5.464626580200463,2024-03
M4,2024,3,0,True,6683.718999999999,1361.4050356,6065,332.96999999999997,4.909427264645266,2024-03
M4,2024,3,1,False,10836.385,1636.2450169,11000,576.688,6.622715356243172,2024-03
M4,2024,3,1,True,1898.0639999999999,281.69584100000003,1716,110.71399999999998,6.737990853049192,2024-03
M4,2024,4,0,False,37428.452,6821.0670119,37906,1698.707,5.487184326836624,2024-04
M4,2024,4,0,True,6988.855,1463.9266769,6343,332.96999999999997,4.7740471638918045,2024-04
M4,2024,4,1,False,8921.947,1374.3338988,9066,571.7330000000001,6.491833613207242,2024-04
M4,2024,4,1,True,1576.7359999999999,252.1344497,1438,110.71399999999998,6.2535524275880014,2024-04
M4,2024,5,0,False,37142.83,6840.676253,37610,1715.549,5.429701483637805,2024-05
M4,2024,5,0,True,6896.678,1453.4631021,6269,335.47399999999993,4.74499695935556,2024-05
M4,2024,5,1,False,8163.645,1254.9647298,8306,572.4780000000001,6.505079231430685,2024-05
M4,2024,5,1,True,1507.05,237.4416724,1366,112.69999999999999,6.347032451242118,2024-05
M4,2024,6,0,False,33619.384,6118.7226487,34019,1687.15,5.494510199304893,2024-06
M4,2024,6,0,True,6316.652999999999,1352.9600235,5727,332.96999999999997,4.668765440429881,2024-06
M4,2024,6,1,False,9785.256,1503.6828031,9996,600.932,6.5075267069801335,2024-06
M4,2024,6,1,True,1579.562,245.2861141,1435,127.19899999999998,6.439671506867416,2024-06
M4,2024,7,0,False,38840.951,6925.9686739,39328,1708.216,5.608017135042676,2024-07
M4,2024,7,0,True,7205.009999999999,1528.793356,6632,331.1739999999999,4.712873699851427,2024-07
M4,2024,7,1,False,8887.387999999999,1351.8203091,9015,572.911,6.574385619281712,2024-07
M4,2024,7,1,True,1602.85,253.7558225,1474,109.25199999999998,6.316505308956999,2024-07
M4,2024,8,0,False,36907.924,6630.0895954,37190,2626.946,5.566730806414284,2024-08
M4,2024,8,0,True,6776.289999999999,1441.8592003,6222,514.1019999999999,4.6996891226203585,2024-08
M4,2024,8,1,False,9429.389,1428.6555715,9608,1084.2079999999999,6.600183548858963,2024-08
M4,2024,8,1,True,1627.4049999999997,273.5858345,1473,205.62299999999996,5.94842566675359,2024-08
M4,2024,9,0,False,34028.759,6168.9339826,34457,1691.509,5.516148996890061,2024-09
M4,2024,9,0,True,6244.848,1381.779469,5742,329.428,4.519424510279794,2024-09
M4,2024,9,1,False,9760.557999999999,1482.8486052,9901,571.008,6.582302445288094,2024-09
M4,2024,9,1,True,1663.848,276.1986235,1536,109.841,6.024099537194109,2024-09
M4,2024,10,0,False,38525.501,6983.5918011,39036,1691.971,5.516574006220089,2024-10
M4,2024,10,0,True,7048.442,1528.7747545,6487,328.90999999999997,4.6105170034059455,2024-10
M4,2024,10,1,False,8827.088,1328.3147774,8940,573.467,6.645328464445645,2024-10
M4,2024,10,1,True,1385.4099999999999,246.03388710000002,1260,111.324,5.630972287313018,2024-10
M4,2024,11,0,False,34638.996999999996,6250.5384743,35068,1685.286,5.541762064568242,2024-11
M4,2024,11,0,True,6227.425,1344.8778023,5722,330.911,4.630476456187993,2024-11
M4,2024,11,1,False,9467.283,1420.2747361,9685,570.206,6.6658110289257575,2024-11
M4,2024,11,1,True,1765.292,309.0088924,1619,109.841,5.712754692233576,2024-11
M4,2024,12,0,False,35005.181,6210.6983991,35412,1691.683,5.636271277489927,2024-12
M4,2024,12,0,True,6361.836,1492.9639048,5839,329.428,4.261212196454437,2024-12
M4,2024,12,1,False,9455.213,1386.8341814,9597,572.105,6.817839599579976,2024-12
M4,2024,12,1,True,1650.179,337.2327924,1518,112.36,4.893293407963371,2024-12
M4,2025,1,0,False,39080.888,7030.7909268,39600,1688.793,5.558533656722929,2025-01
M4,2025,1,0,True,7192.119000000001,1380.6075023,6606,329.428,5.209387163272987,2025-01
M4,2025,1,1,False,9169.48,1375.4988975,9298,564.961,6.666293965531876,2025-01
M4,2025,1,1,True,1657.141,241.3608443,1522,110.35900000000001,6.865823679089608,2025-01
M4,2025,2,0,False,33658.692,6068.6929229,34100,1688.932,5.546283594773779,2025-02
M4,2025,2,0,True,6267.222000000001,1218.1369736,5761,330.39300000000003,5.1449238762355884,2025-02
M4,2025,2,1,False,8480.793,1268.9719563,8604,573.996,6.683199701849865,2025-02
M4,2025,2,1,True,1544.414,225.7008368,1423,109.84100000000001,6.842748223253375,2025-02
M4,2025,3,0,False,35995.53,6498.4704121,36508,1835.5629999999999,5.539077308558205,2025-03
M4,2025,3,0,True,6582.033,1297.8983563,6046,369.322,5.071300821093428,2025-03
M4,2025,3,1,False,11306.303,1691.8764362,11501,685.857,6.68270020084579,2025-03
M4,2025,3,1,True,2012.9170000000001,289.5655693,1864,135.247,6.951506716996965,2025-03
M4,2025,4,0,False,37963.873,6897.3431535,38462,1678.269,5.504129946142457,2025-04
M4,2025,4,0,True,7040.121,1394.7105765,6493,327.86,5.047728983074791,2025-04
M4,2025,4,1,False,9162.449,1374.7369595,9297,571.549,6.664874277718145,2025-04
M4,2025,4,1,True,1568.3120000000001,239.3114029,1439,109.491,6.553436154713212,2025-04
M4,2025,5,0,False,36565.697,6788.8272523,36960,1675.479,5.386158115543718,2025-05
M4,2025,5,0,True,6774.933,1361.6114087,6242,327.86,4.975672909841711,2025-05
M4,2025,5,1,False,9850.09,1519.0728142,10058,569.98,6.484277717251771,2025-05
M4,2025,5,1,True,1750.362,265.6780526,1614,108.983,6.588282256928889,2025-05
M4,2025,6,0,False,35596.298,6544.9114879,35921,1902.184,5.438774545050636,2025-06
M4,2025,6,0,True,6635.771000000001,1369.9078044,6119,368.272,4.843954446194555,2025-06
M4,2025,6,1,False,9731.805,1491.7453009,9834,753.332,6.523771178718381,2025-06
M4,2025,6,1,True,1554.89,243.6250095,1430,139.315,6.382308627472829,2025-06
M4,2025,7,0,False,39275.707,6959.6383609,38093,1712.388,5.64335457725148,2025-07
M4,2025,7,0,True,7208.996,1465.7375067,6645,327.86,4.918340403412698,2025-07
M4,2025,7,1,False,9400.199,1412.0975734,9098,576.991,6.6569047189611155,2025-07
M4,2025,7,1,True,1685.0240000000001,258.1463944,1553,108.983,6.527396998576866,2025-07
M4,2025,8,0,False,37031.875,6482.5162478,35913,1698.28,5.712577274691393,2025-08
M4,2025,8,0,True,6854.34,1369.6719597000001,6323,327.86,5.004366156040246,2025-08
M4,2025,8,1,False,10378.726,1591.5336526,10048,585.862,6.521210521087538,2025-08
M4,2025,8,1,True,1879.656,298.2366719,1707,108.983,6.3025649663575125,2025-08
M4,2025,9,0,False,36744.587999999996,6572.1569955,35600,1709.1209999999999,5.590947998527616,2025-09
M4,2025,9,0,True,6664.247,1429.2330678,6143,327.86,4.6628133298498255,2025-09
M4,2025,9,1,False,8946.17,1365.794528,8705,586.88,6.550158033727311,2025-09
M4,2025,9,1,True,1501.458,233.1350092,1401,108.983,6.4402939959649785,2025-09
M42,2023,1,0,True,11968.334,2262.9978168,22966,503.06,5.288707709371044,2023-01
M42,2023,1,1,True,3159.134,557.3827846,6049,200.64000000000001,5.667799737064215,2023-01
M42,2023,2,0,True,10583.53,2107.1028502,20307,502.33000000000004,5.022787567771285,2023-02
M42,2023,2,1,True,2782.6530000000002,513.3024941,5327,200.64000000000001,5.421078276424452,2023-02
M42,2023,3,0,True,12986.25,2638.4820202,24926,502.33000000000004,4.921864125121318,2023-03
M42,2023,3,1,True,2743.607,529.1741955,5248,200.64000000000001,5.184695367482257,2023-03
M42,2023,4,0,True,11150.948,2286.8478435,21399,502.33000000000004,4.876121527584264,2023-04
M42,2023,4,1,True,3488.434,684.6122777,6678,200.64000000000001,5.095488517558615,2023-04
M42,2023,5,0,True,12529.487000000001,2546.3789712,24045,502.33000000000004,4.92051149562211,2023-05
M42,2023,5,1,True,2622.5080000000003,554.5261159,5022,200.64000000000001,4.729277710831798,2023-05
M42,2023,6,0,True,12463.159,2561.5744602,23908,501.6,4.8654291310458,2023-06
M42,2023,6,1,True,2608.147,547.7544839,4992,200.64000000000001,4.761525604373058,2023-06
M42,2023,7,0,True,11485.109,2428.4370013000002,22049,501.47999999999996,4.729424314426006,2023-07
M42,2023,7,1,True,3180.243,688.1594663,6093,223.454,4.621375067466684,2023-07
M42,2023,8,0,True,12690.961,2652.9561669,24357,501.47999999999996,4.783705497414791,2023-08
M42,2023,8,1,True,2509.145,530.8772393,4806,200.59199999999998,4.726412839451337,2023-08
M42,2023,9,0,True,10769.117999999999,2398.4731172,20662,502.019,4.48998903626319,2023-09
M42,2023,9,1,True,2950.877,617.0313982,5653,200.59199999999998,4.782377377566651,2023-09
M42,2023,10,0,True,12206.49,2659.8347969,23424,501.47999999999996,4.589191033302704,2023-10
M42,2023,10,1,True,2659.7129999999997,590.8791636,5094,200.59199999999998,4.501280742064738,2023-10
M42,2023,11,0,True,11552.157,2516.5400183,22170,501.47999999999996,4.590492070856809,2023-11
M42,2023,11,1,True,2487.105,529.4039169,4764,200.59199999999998,4.697934640460534,2023-11
M42,2023,12,0,True,10870.207,2412.530619,20847,501.47999999999996,4.505728099113506,2023-12
M42,2023,12,1,True,2770.171,612.6458361,5301,200.59199999999998,4.521651559136418,2023-12
M42,2024,1,0,True,12699.765,2533.4277812,24364,501.47999999999996,5.012878241188523,2024-01
M42,2024,1,1,True,2908.522,528.8955902,5578,200.59199999999998,5.499236624189195,2024-01
M42,2024,2,0,True,11665.521999999999,2475.6589321,22381,501.47999999999996,4.712087698649432,2024-02
M42,2024,2,1,True,2977.051,574.3361294,5700,200.59199999999998,5.183464608277523,2024-02
M42,2024,3,0,True,11668.171999999999,2521.8989314,22390,501.47999999999996,4.626740530605864,2024-03
M42,2024,3,1,True,3313.598,679.3483901,6334,226.72799999999998,4.8776122064736755,2024-03
M42,2024,4,0,True,12598.283,2724.3005205,24174,501.47999999999996,4.624410157836697,2024-04
M42,2024,4,1,True,2688.99,551.068055,5149,200.59199999999998,4.879596949237059,2024-04
M42,2024,5,0,True,12293.506,2712.0669415,23593,501.47999999999996,4.532891799934946,2024-05
M42,2024,5,1,True,2502.632,538.2964228,4794,200.59199999999998,4.649170780259549,2024-05
M42,2024,6,0,True,10478.576,2321.4069789,20112,501.47999999999996,4.5138901085604894,2024-06
M42,2024,6,1,True,2785.997,604.5936118,5330,200.59199999999998,4.608049019415723,2024-06
M42,2024,7,0,True,12175.405999999999,2593.6358752,23382,501.47999999999996,4.694338984288275,2024-07
M42,2024,7,1,True,2453.808,515.7688828,4696,200.59199999999998,4.757572784691461,2024-07
M42,2024,8,0,True,12079.158,2521.9597707,23182,501.47999999999996,4.789591864364786,2024-08
M42,2024,8,1,True,2780.066,580.5433615,5316,200.59199999999998,4.788731013678123,2024-08
M42,2024,9,0,True,10721.615,2300.5872857,20595,501.47999999999996,4.660381749757316,2024-09
M42,2024,9,1,True,2684.565,566.0697479,5143,200.59199999999998,4.742463291774861,2024-09
M42,2024,10,0,True,12920.492999999999,2767.3233913,24791,501.47999999999996,4.668949440683319,2024-10
M42,2024,10,1,True,2454.957,534.9742128,4696,200.59199999999998,4.588925860839175,2024-10
M42,2024,11,0,True,11219.773,2407.6662047,21529,501.47999999999996,4.6600201382143025,2024-11
M42,2024,11,1,True,2829.018,608.3125229,5414,200.59199999999998,4.650599639989756,2024-11
M42,2024,12,0,True,11018.989,2428.460606,21135,501.47999999999996,4.537437820805234,2024-12
M42,2024,12,1,True,2565.1859999999997,569.5005791,4910,200.59199999999998,4.504272856146776,2024-12
M42,2025,1,0,True,12887.764,2464.3470257,24719,501.48,5.229687160776075,2025-01
M42,2025,1,1,True,2587.689,443.380842,4954,200.59199999999998,5.836267052783485,2025-01
M42,2025,2,0,True,8233.324,1610.5052917,15794,552.312,5.1122613768683465,2025-02
M42,2025,2,1,True,1862.1779999999999,326.8897204,3567,200.59199999999998,5.696655121859867,2025-02
M42,2025,3,0,True,11657.661,2315.0080771,22303,570.356,5.0356891258036125,2025-03
M42,2025,3,1,True,3506.725,629.4458659,6680,278.736,5.571130402113266,2025-03
M42,2025,4,0,True,12503.132,2471.5939403,23802,506.406,5.058732260236234,2025-04
M42,2025,4,1,True,2667.0879999999997,494.4900491,5059,202.416,5.393613086561097,2025-04
M42,2025,5,0,True,12071.351,2425.2583917,22984,506.406,4.977346348460014,2025-05
M42,2025,5,1,True,3280.661,628.4294627,6223,202.416,5.220412464280217,2025-05
M42,2025,6,0,True,11947.455,2402.0400434,22736,506.406,4.9738783634467705,2025-06
M42,2025,6,1,True,2781.587,553.7658387,5280,202.416,5.023038269261877,2025-06
M42,2025,7,0,True,12715.931,2548.5425505,24253,506.406,4.989491345751812,2025-07
M42,2025,7,1,True,2817.851,537.7194651,5347,202.416,5.240373806211316,2025-07
M42,2025,8,0,True,11988.402,2333.4703251,22847,506.03999999999996,5.137584939926862,2025-08
M42,2025,8,1,True,3292.004,629.7897242,6248,202.416,5.227147845547525,2025-08
M42,2025,9,0,True,11636.201,2340.665905,22304,506.03999999999996,4.971320757543141,2025-09
M42,2025,9,1,True,2616.715,489.8252678,4990,202.416,5.342139681263704,2025-09
M5,2023,1,0,False,24505.346,3314.3548118,18028,1732.279,7.393700249820671,2023-01
M5,2023,1,0,True,5955.916999999999,1007.9375100999999,7065,548.6629999999999,5.909014140578117,2023-01
M5,2023,1,1,False,9203.133,1175.3842001,6760,557.602,7.829893407804027,2023-01
M5,2023,1,1,True,2166.4179999999997,352.8325054,2570,221.14599999999996,6.140074870777481,2023-01
M5,2023,2,0,False,22373.704,3040.9692826,16460,1732.279,7.357425189402339,2023-02
M5,2023,2,0,True,5449.342999999998,921.4172595,6454,439.7239999999999,5.914088263288059,2023-02
M5,2023,2,1,False,8153.419,1036.9800244,5995,556.537,7.86265772546351,2023-02
M5,2023,2,1,True,1952.1579999999997,306.15694410000003,2315,137.82199999999997,6.376330955806661,2023-02
M5,2023,3,0,False,25503.888,3462.6456357,18756,1563.225,7.365434030284243,2023-03
M5,2023,3,0,True,6170.9299999999985,1101.263942,7315,396.90499999999986,5.6034977307919505,2023-03
M5,2023,3,1,False,7923.364,1017.7769396,5833,557.602,7.784971040033573,2023-03
M5,2023,3,1,True,1829.8709999999996,295.6836151,2169,137.82199999999997,6.188611429757914,2023-03
M5,2023,4,0,False,21829.353,3001.5909357,16051,1561.075,7.2725942567217885,2023-04
M5,2023,4,0,True,5295.127999999999,958.2283264,6277,396.90499999999986,5.525956449120474,2023-04
M5,2023,4,1,False,10215.597,1325.074166,7500,559.688,7.709452996761541,2023-04
M5,2023,4,1,True,2231.4869999999996,364.8163729,2628,137.82199999999997,6.1167402719934225,2023-04
M5,2023,5,0,False,24931.139,3476.3845107,18320,1730.983,7.171571189338862,2023-05
M5,2023,5,0,True,6010.589999999998,1112.6805823,7139,441.05399999999986,5.401900685258322,2023-05
M5,2023,5,1,False,7697.559,1022.0372453,5671,556.537,7.531583643745317,2023-05
M5,2023,5,1,True,1586.1279999999997,270.0502647,1859,138.59399999999997,5.873454713188436,2023-05
M5,2023,6,0,False,24368.8,3330.4403344,17901,1561.075,7.3169904136385595,2023-06
M5,2023,6,0,True,5889.381999999998,1104.1333645,6970,398.2349999999999,5.333940798598155,2023-06
M5,2023,6,1,False,7785.781,1026.8516897,5743,556.537,7.582186481355118,2023-06
M5,2023,6,1,True,1516.8609999999999,254.5877832,1799,140.48099999999997,5.958106005457374,2023-06
M5,2023,7,0,False,23242.301,3157.9161993,17090,1738.322,7.360011961416839,2023-07
M5,2023,7,0,True,5677.598999999998,1065.7050287,6682,437.7539999999999,5.327552040291877,2023-07
M5,2023,7,1,False,9837.102,1288.1027748,7242,559.99,7.636892173861965,2023-07
M5,2023,7,1,True,2268.5749999999994,377.4161099,2613,180.52999999999997,6.0108059526157485,2023-07
M5,2023,8,0,False,25692.924,3479.6044992,18891,1566.028,7.38386331145022,2023-08
M5,2023,8,0,True,6284.660999999998,1165.0653136,7405,393.5999999999999,5.394256379138672,2023-08
M5,2023,8,1,False,7723.513,1010.4436268,5694,557.602,7.643685204349096,2023-08
M5,2023,8,1,True,1699.1969999999997,289.4986167,1941,138.48999999999998,5.869447734739381,2023-08
M5,2023,9,0,False,22298.452,3105.0506353,16389,1737.011,7.181348911511582,2023-09
M5,2023,9,0,True,5399.607999999998,1103.3405771,6335,435.7499999999999,4.893872401749447,2023-09
M5,2023,9,1,False,8797.377,1170.9750286,6488,557.627,7.512864736763866,2023-09
M5,2023,9,1,True,1909.1069999999995,332.5255731,2195,137.82199999999997,5.741233620627056,2023-09
M5,2023,10,0,False,23832.619,3289.7942149,17513,1568.509,7.244410271031023,2023-10
M5,2023,10,0,True,5837.993999999998,1175.2913935,6863,395.7019999999999,4.967273675521898,2023-10
M5,2023,10,1,False,8055.075,1064.7286544,5923,557.602,7.565378246102737,2023-10
M5,2023,10,1,True,1743.5639999999996,311.3805674,2024,140.59199999999998,5.599463108949295,2023-10
M5,2023,11,0,False,23481.526,3190.7425277,17282,1690.675,7.359266940578347,2023-11
M5,2023,11,0,True,5560.861999999998,1139.2786167,6517,406.34199999999987,4.881037806280806,2023-11
M5,2023,11,1,False,7407.386,967.6072536,5441,558.598,7.655364273511478,2023-11
M5,2023,11,1,True,1586.9579999999996,303.5436312,1878,137.82199999999997,5.228105079082943,2023-11
M5,2023,12,0,False,21290.749,2846.0697575,15657,1744.469,7.480754448795341,2023-12
M5,2023,12,0,True,5027.217999999999,1141.5128038,5885,442.8219999999999,4.403996156035055,2023-12
M5,2023,12,1,False,8793.706,1135.8591538,6472,557.602,7.741898254357317,2023-12
M5,2023,12,1,True,1838.8489999999997,425.0927699,2129,138.48999999999998,4.3257592935127445,2023-12
M5,2024,1,0,False,25247.189,3430.2886631,18567,1737.327,7.360077089600896,2024-01
M5,2024,1,0,True,6159.252999999998,1094.0658784,7249,435.7499999999999,5.6296911562652,2024-01
M5,2024,1,1,False,8012.386,1042.5108962,5881,558.598,7.685661635965164,2024-01
M5,2024,1,1,True,1901.8489999999997,297.6313942,2226,137.82199999999997,6.389947556143927,2024-01
M5,2024,2,0,False,22361.959,3066.0348193,16454,1732.044,7.293445873228997,2024-02
M5,2024,2,0,True,5468.713999999998,1009.7942133,6424,436.4179999999999,5.415671755662256,2024-02
M5,2024,2,1,False,7918.955,1042.5277849,5820,557.602,7.595917456300306,2024-02
M5,2024,2,1,True,1864.7999999999997,300.5105595,2175,138.48999999999998,6.2054391802495035,2024-02
M5,2024,3,0,False,23173.956,3165.9831684,17050,1570.08,7.319671257668585,2024-03
M5,2024,3,0,True,5628.5729999999985,1046.1275235,6624,394.26799999999986,5.380388980846845,2024-03
M5,2024,3,1,False,9662.58,1261.0488887000001,7107,558.598,7.662335763969496,2024-03
M5,2024,3,1,True,2124.6319999999996,352.839452,2498,138.48999999999998,6.021526186929912,2024-03
M5,2024,4,0,False,23925.585,3278.888963,17587,1563.051,7.296857341002919,2024-04
M5,2024,4,0,True,5828.180999999999,1121.9214156,6858,394.93599999999986,5.194821062296155,2024-04
M5,2024,4,1,False,7554.093,1004.7233806,5554,556.537,7.518579885628671,2024-04
M5,2024,4,1,True,1668.2949999999996,283.9305537,1919,137.82199999999997,5.87571495303994,2024-04
M5,2024,5,0,False,23677.266,3307.4716959,17400,1727.0049999999999,7.158720671548226,2024-05
M5,2024,5,0,True,5669.3629999999985,1123.429472,6658,437.0859999999999,5.046478787766748,2024-05
M5,2024,5,1,False,6436.013,866.0269598,4739,561.08,7.431654323424678,2024-05
M5,2024,5,1,True,1347.0559999999998,233.7369557,1537,141.35799999999998,5.763128025543971,2024-05
M5,2024,6,0,False,21234.691,2926.7886922000002,15603,1567.103,7.255286675321397,2024-06
M5,2024,6,0,True,5127.173999999998,1003.4989179,6045,393.5999999999999,5.109296989307693,2024-06
M5,2024,6,1,False,8563.705,1163.7727822,6318,556.537,7.358571304452699,2024-06
M5,2024,6,1,True,1630.5409999999997,271.3613942,1878,139.92399999999998,6.0087434500658965,2024-06
M5,2024,7,0,False,24851.445,3361.1931197,18268,1736.42,7.393637947889793,2024-07
M5,2024,7,0,True,6034.793999999998,1168.7850522,7086,436.4179999999999,5.163305253297624,2024-07
M5,2024,7,1,False,7370.874,969.9983518,5437,556.537,7.598852087039185,2024-07
M5,2024,7,1,True,1730.2709999999997,293.9830679,2015,137.82199999999997,5.88561447555395,2024-07
M5,2024,8,0,False,23904.999,3248.5017744,17580,1928.97,7.358776648479826,2024-08
M5,2024,8,0,True,5844.986999999998,1102.9158358,6714,586.9049999999999,5.2995766406421545,2024-08
M5,2024,8,1,False,8320.873,1074.0500107,6155,775.813,7.7471932564638815,2024-08
M5,2024,8,1,True,1819.6449999999998,316.8119518,1961,258.26599999999996,5.743612226942506,2024-08
M5,2024,9,0,False,21370.771,2962.768134,15725,1730.043,7.213109508892808,2024-09
M5,2024,9,0,True,5092.953,1049.2316852,5900,439.69,4.853983225858457,2024-09
M5,2024,9,1,False,8322.79,1098.8806138,6126,556.537,7.573880088046377,2024-09
M5,2024,9,1,True,1852.7730000000004,319.3266792,2101,137.61300000000003,5.8021240337378,2024-09
M5,2024,10,0,False,24149.511,3309.7623146,17753,1563.24,7.296448718831514,2024-10
M5,2024,10,0,True,5993.272,1243.5919795,6954,400.00100000000003,4.81932345881618,2024-10
M5,2024,10,1,False,7370.649,977.6883592,5455,562.051,7.538853184291856,2024-10
M5,2024,10,1,True,1439.3330000000003,274.8416825,1610,139.05200000000002,5.2369530957153865,2024-10
M5,2024,11,0,False,22073.876,3013.1172381,16226,1693.712,7.325926691760345,2024-11
M5,2024,11,0,True,5126.551,1031.1247477,5966,413.556,4.971804829081207,2024-11
M5,2024,11,1,False,8315.783,1087.0464321,6108,556.537,7.64988758017929,2024-11
M5,2024,11,1,True,1875.4080000000004,377.0208524,2168,136.92000000000002,4.974281894653104,2024-11
M5,2024,12,0,False,21816.814,2896.4236224,16036,1735.328,7.532328431268079,2024-12
M5,2024,12,0,True,4996.548,1169.3561126,5771,446.136,4.272905358907686,2024-12
M5,2024,12,1,False,7978.472,1023.240854,5863,557.602,7.797257086453274,2024-12
M5,2024,12,1,True,1717.5120000000002,395.6835934,1971,139.745,4.340619698789867,2024-12
M5,2025,1,0,False,25575.489999999998,3435.4072664,18802,1732.0729999999999,7.444674827971947,2025-01
M5,2025,1,0,True,6270.198,1102.4375307,7306,441.822,5.6875766883758905,2025-01
M5,2025,1,1,False,7974.327,1045.6369722,5853,559.99,7.6262863804654595,2025-01
M5,2025,1,1,True,1928.549,319.4728052,2232,139.052,6.036660925779482,2025-01
M5,2025,2,0,False,18978.42,2598.7792438,13916,1730.124,7.302821140070858,2025-02
M5,2025,2,0,True,4546.04,835.1030668,5484,456.366,5.443687349179305,2025-02
M5,2025,2,1,False,6551.331,861.7477848,4791,558.692,7.602376374568199,2025-02
M5,2025,2,1,True,1487.388,239.5386223,1796,140.49,6.209386969493312,2025-02
M5,2025,3,0,False,23626.793999999998,3227.8703793,17362,1722.222,7.319622916557057,2025-03
M5,2025,3,0,True,5785.45,1078.1708657,6744,427.461,5.365986212439352,2025-03
M5,2025,3,1,False,9927.578,1312.6927893,7302,698.865,7.562758080886488,2025-03
M5,2025,3,1,True,2301.742,369.4255656,2655,165.451,6.23059748521097,2025-03
M5,2025,4,0,False,24439.847,3373.4801123,17927,1565.92,7.2446987047263764,2025-04
M5,2025,4,0,True,6065.421,1108.9897321,6997,401.313,5.469321152788696,2025-04
M5,2025,4,1,False,7726.96,1023.8225351,5678,557.112,7.547167341110814,2025-04
M5,2025,4,1,True,1741.965,288.5872319,1987,140.251,6.036181810717177,2025-04
M5,2025,5,0,False,23554.278,3286.032002,17266,1732.752,7.168000185531972,2025-05
M5,2025,5,0,True,5810.885,1107.4694265,6678,444.881,5.246993606283541,2025-05
M5,2025,5,1,False,8323.963,1126.6675144,6133,559.173,7.388127281217366,2025-05
M5,2025,5,1,True,1724.8129999999999,291.3361203,1936,140.943,5.9203541195780796,2025-05
M5,2025,6,0,False,22788.236,3165.1803505,16712,1564.829,7.19966430867049,2025-06
M5,2025,6,0,True,5651.7519999999995,1074.8894689,6510,401.313,5.257984344924117,2025-06
M5,2025,6,1,False,8121.5689999999995,1073.2142095,6010,557.112,7.567519073180889,2025-06
M5,2025,6,1,True,1580.843,256.0591739,1799,140.943,6.173740920594292,2025-06
M5,2025,7,0,False,25214.722,3484.6681678,18474,1736.23,7.235903330192553,2025-07
M5,2025,7,0,True,6248.934,1171.6552782,7209,444.881,5.333423675264078,2025-07
M5,2025,7,1,False,7847.384,1034.9591808,5767,557.112,7.582312564186493,2025-07
M5,2025,7,1,True,1891.213,312.4372313,2168,138.812,6.053097424180125,2025-07
M5,2025,8,0,False,23289.355,3188.108113,17075,1565.917,7.3050706483365735,2025-08
M5,2025,8,0,True,5823.311,1060.4744709,6729,401.313,5.491231670157879,2025-08
M5,2025,8,1,False,8750.932999999999,1141.6863526,6462,559.173,7.66491863555276,2025-08
M5,2025,8,1,True,2036.6779999999999,335.5505583,2271,140.251,6.069660590995357,2025-08
M5,2025,9,0,False,22884.493,3206.0142153,16782,1734.934,7.137988624875327,2025-09
M5,2025,9,0,True,5493.8099999999995,1139.7808548,6295,444.881,4.820058151410177,2025-09
M5,2025,9,1,False,7479.445,1003.533622,5493,560.5649999999999,7.453108531723912,2025-09
M5,2025,9,1,True,1726.5339999999999,293.845564,1954,140.251,5.875651061385428,2025-09
M50,2023,1,0,True,5632.138,1043.6475681,11119,490.54499999999996,5.396589971702345,2023-01
M50,2023,1,1,True,1174.715,195.0594535,2320,159.762,6.022343336463823,2023-01
M50,2023,2,0,True,5107.268,958.4777989,10087,489.417,5.328519873763765,2023-02
M50,2023,2,1,True,1144.317,194.6508522,2263,159.762,5.878818340976161,2023-02
M50,2023,3,0,True,6237.905,1217.5833939,12313,490.54499999999996,5.12318501652653,2023-03
M50,2023,3,1,True,1094.776,196.3633525,2170,159.762,5.575256207748847,2023-03
M50,2023,4,0,True,5336.169,1050.5084072,10541,489.917,5.079606182517756,2023-04
M50,2023,4,1,True,1421.886,250.7986154,2815,159.905,5.669433213306329,2023-04
M50,2023,5,0,True,6085.485,1244.6803543,12016,490.54499999999996,4.889195028246779,2023-05
M50,2023,5,1,True,1071.975,200.6386168,2111,159.762,5.342814943090257,2023-05
M50,2023,6,0,True,5759.231,1167.5278156,11372,490.231,4.932842646699852,2023-06
M50,2023,6,1,True,1099.253,202.2697301,2171,159.762,5.4345897404250305,2023-06
M50,2023,7,0,True,5331.909,1058.6636567,10522,490.231,5.0364522917696934,2023-07
M50,2023,7,1,True,1422.9289999999999,246.5227764,2809,159.762,5.771998112219865,2023-07
M50,2023,8,0,True,6315.876,1239.9000672,12470,490.54499999999996,5.0938589061155595,2023-08
M50,2023,8,1,True,1143.827,207.8600238,2261,159.762,5.502871495389486,2023-08
M50,2023,9,0,True,5186.633,1145.4058976000001,10163,490.231,4.528205250966223,2023-09
M50,2023,9,1,True,1249.434,233.2800158,2455,159.762,5.355940995268057,2023-09
M50,2023,10,0,True,6021.836,1257.9814462,11889,490.231,4.786903668722806,2023-10
M50,2023,10,1,True,1255.629,238.5155701,2486,159.762,5.264348149152549,2023-10
M50,2023,11,0,True,5554.840999999999,1182.1652703,10961,490.54499999999996,4.69887006458102,2023-11
M50,2023,11,1,True,1078.062,205.57389369999999,2126,159.762,5.244158100995292,2023-11
M50,2023,12,0,True,4532.121999999999,1128.2541639,8877,488.27099999999996,4.016933546545894,2023-12
M50,2023,12,1,True,903.583,217.2013973,1796,156.018,4.160115962568902,2023-12
M50,2024,1,0,True,5882.611,1173.7983658,11611,490.54499999999996,5.0116026494812145,2024-01
M50,2024,1,1,True,1170.108,198.3380832,2305,159.762,5.899562913593792,2024-01
M50,2024,2,0,True,5346.443,1073.3636693,10553,490.231,4.981017294433593,2024-02
M50,2024,2,1,True,1212.9189999999999,209.8161607,2393,159.762,5.780865477441747,2024-02
M50,2024,3,0,True,5576.903,1148.3445164,11003,490.54499999999996,4.856472008490361,2024-03
M50,2024,3,1,True,1426.069,262.4241945,2819,159.762,5.434213117114092,2024-03
M50,2024,4,0,True,5752.269,1185.2675587,11347,490.231,4.853139662667458,2024-04
M50,2024,4,1,True,1199.182,216.4489002,2369,159.762,5.540254530708861,2024-04
M50,2024,5,0,True,5992.562,1281.0711889,11822,490.231,4.677774390621924,2024-05
M50,2024,5,1,True,1144.194,220.0377957,2247,159.762,5.199988467254037,2024-05
M50,2024,6,0,True,5152.139999999999,1095.0267367,10150,490.54499999999996,4.705035801707106,2024-06
M50,2024,6,1,True,1374.453,252.59581790000001,2715,159.762,5.44131336546566,2024-06
M50,2024,7,0,True,5753.1359999999995,1168.3183849,11361,490.54499999999996,4.924287826295251,2024-07
M50,2024,7,1,True,1145.264,206.4319651,2260,159.762,5.547900488401638,2024-07
M50,2024,8,0,True,5703.379,1167.9089351,11262,489.603,4.883410708311482,2024-08
M50,2024,8,1,True,1163.238,224.0863993,2291,159.762,5.191024549609959,2024-08
M50,2024,9,0,True,4865.465999999999,1047.811178,9537,490.231,4.643456857643868,2024-09
M50,2024,9,1,True,1216.578,235.9964099,2393,159.762,5.1550699458331035,2024-09
M50,2024,10,0,True,5902.465,1279.7469974,11643,490.54499999999996,4.612212423230336,2024-10
M50,2024,10,1,True,1038.666,204.8883419,2036,159.762,5.069424596675893,2024-10
M50,2024,11,0,True,5238.63,1086.8803113,10329,489.603,4.819877538985097,2024-11
M50,2024,11,1,True,1152.335,230.5475207,2272,159.762,4.998253707093541,2024-11
M50,2024,12,0,True,4292.174,996.8483749,8512,485.659,4.305744091151851,2024-12
M50,2024,12,1,True,739.756,171.7441824,1463,155.267,4.307313293891228,2024-12
M50,2025,1,0,True,5981.253,1119.0117541,11807,489.91700000000003,5.34512079795856,2025-01
M50,2025,1,1,True,1046.2160000000001,175.4074917,2065,159.762,5.964488687799872,2025-01
M50,2025,2,0,True,4634.261,886.8598009,9217,513.269,5.225471935132335,2025-02
M50,2025,2,1,True,886.167,146.5389132,1762,159.762,6.047315219204179,2025-02
M50,2025,3,0,True,5407.946,1067.3325897,10673,542.8190000000001,5.0667861659879,2025-03
M50,2025,3,1,True,1448.459,240.8980649,2862,203.40800000000002,6.012746514179243,2025-03
M50,2025,4,0,True,5884.727,1178.5183732,11566,492.357,4.993326479943927,2025-04
M50,2025,4,1,True,1117.882,196.5208295,2195,160.46,5.688363940067738,2025-04
M50,2025,5,0,True,5825.726,1220.889525,11440,492.357,4.771706105022074,2025-05
M50,2025,5,1,True,1211.854,218.8375149,2382,160.46,5.537688547385346,2025-05
M50,2025,6,0,True,5613.3550000000005,1165.2103504,11026,492.044,4.817460639680223,2025-06
M50,2025,6,1,True,1229.14,226.0972429,2413,160.46,5.436333429964175,2025-06
M50,2025,7,0,True,5959.126,1223.447553,11694,492.67,4.8707653919350316,2025-07
M50,2025,7,1,True,1211.257,213.6503186,2376,160.46,5.669343289245159,2025-07
M50,2025,8,0,True,5837.602,1119.766186,11479,492.67,5.213232970405127,2025-08
M50,2025,8,1,True,1459.2160000000001,262.6261147,2865,160.46,5.556248668061341,2025-08
M50,2025,9,0,True,5249.838,1125.8639458,10259,492.044,4.662941752051262,2025-09
M50,2025,9,1,True,1043.878,184.3697305,2041,160.46,5.66187300469043,2025-09
M55,2023,1,0,True,10834.923999999999,1662.8997849,13328,1069.596,6.515680679248851,2023-01
M55,2023,1,1,True,4873.205,656.0383856,6010,395.421,7.428231498288109,2023-01
M55,2023,2,0,True,9683.744,1504.8305853,12180,907.1809999999999,6.435105781737862,2023-02
M55,2023,2,1,True,3995.054,542.8475186000001,5023,348.187,7.359440474745498,2023-02
M55,2023,3,0,True,10990.955,1748.2711399,13793,905.79,6.286756527153263,2023-03
M55,2023,3,1,True,4271.456999999999,587.5716922,5357,348.187,7.269677992836428,2023-03
M55,2023,4,0,True,9235.038,1503.7661684,11645,902.85,6.141272622076634,2023-04
M55,2023,4,1,True,4927.677,685.2755684,6199,410.132,7.190796268288499,2023-04
M55,2023,5,0,True,11128.399,1825.1158716,14050,902.85,6.097365747109642,2023-05
M55,2023,5,1,True,3892.19,580.0972353,4916,347.067,6.7095475778076,2023-05
M55,2023,6,0,True,10392.924,1713.2711628,13109,902.85,6.066129066816743,2023-06
M55,2023,6,1,True,3763.1440000000002,544.3111324,4770,347.067,6.913589996602465,2023-06
M55,2023,7,0,True,9773.841,1603.077531,12340,903.596,6.096923455662857,2023-07
M55,2023,7,1,True,4836.828,701.9413972,6018,453.64,6.890643605426041,2023-07
M55,2023,8,0,True,11126.09,1793.3697702,14036,901.907,6.2040133523379275,2023-08
M55,2023,8,1,True,4006.569,575.7347321,5046,346.824,6.959053843053705,2023-08
M55,2023,9,0,True,9297.986,1613.9708691,11751,902.205,5.760937931416844,2023-09
M55,2023,9,1,True,4212.755,628.6041749,5323,343.549,6.70176108943307,2023-09
M55,2023,10,0,True,10236.286,1762.0653149,12939,902.205,5.80925457952217,2023-10
M55,2023,10,1,True,4265.557,643.868069,5378,343.549,6.624892901778609,2023-10
M55,2023,11,0,True,10128.557999999999,1705.1883949,12773,901.907,5.939846899200826,2023-11
M55,2023,11,1,True,3811.316,551.6427945,4819,346.824,6.909028882457378,2023-11
M55,2023,12,0,True,9732.81,1635.0183775,12322,902.205,5.9527220818654065,2023-12
M55,2023,12,1,True,4759.144,693.6697685,6002,346.824,6.860820834517888,2023-12
M55,2024,1,0,True,11356.593,1783.7558778,14333,970.665,6.36667446557019,2024-01
M55,2024,1,1,True,4282.1449999999995,577.5366923,5415,346.824,7.414498606048133,2024-01
M55,2024,2,0,True,10314.384,1709.0998068,13018,903.596,6.0349804961431355,2024-02
M55,2024,2,1,True,4117.172,598.1925108,5204,346.824,6.882687304951126,2024-02
M55,2024,3,0,True,9996.763,1674.4483704,12617,902.205,5.970182883340815,2024-03
M55,2024,3,1,True,4859.398,701.5897599,6128,411.374,6.926266997814545,2024-03
M55,2024,4,0,True,10232.55,1775.7919609,12944,898.956,5.762245930437695,2024-04
M55,2024,4,1,True,3692.26,553.0655799,4668,346.30400000000003,6.675989492362912,2024-04
M55,2024,5,0,True,10348.678,1812.7775483,13110,900.84,5.708741268174277,2024-05
M55,2024,5,1,True,3850.704,580.2869612,4857,346.30400000000003,6.6358616640928245,2024-05
M55,2024,6,0,True,9371.747,1607.3581514,11862,900.84,5.830528181810171,2024-06
M55,2024,6,1,True,4629.243,671.6133544,5877,346.30400000000003,6.89272029758198,2024-06
M55,2024,7,0,True,10599.02,1832.3383263,13420,902.231,5.78442302268619,2024-07
M55,2024,7,1,True,4095.502,612.7252601,5178,346.30400000000003,6.684075664403965,2024-07
M55,2024,8,0,True,10492.767,1745.3466872,13258,900.84,6.01185258891641,2024-08
M55,2024,8,1,True,4259.28,638.6619438,5366,346.30400000000003,6.669068106136935,2024-08
M55,2024,9,0,True,9783.813,1716.0659133,12387,900.84,5.701303734415246,2024-09
M55,2024,9,1,True,4273.895,654.6886427,5407,346.30400000000003,6.5281337131098525,2024-09
M55,2024,10,0,True,10762.857,1922.7750721,13605,900.84,5.597564247723014,2024-10
M55,2024,10,1,True,3731.619,560.7744658,4701,346.30400000000003,6.654402487239639,2024-10
M55,2024,11,0,True,9749.623,1666.4561863,12323,900.84,5.850512650828761,2024-11
M55,2024,11,1,True,4552.594,698.5297628,5748,346.30400000000003,6.517394451098685,2024-11
M55,2024,12,0,True,9753.441,1676.5997747,12327,900.84,5.817393719825126,2024-12
M55,2024,12,1,True,4177.253,629.2977642,5283,346.30400000000003,6.637959385268701,2024-12
M55,2025,1,0,True,11282.923,1727.6903471,14261,900.84,6.530639601557568,2025-01
M55,2025,1,1,True,4096.581,546.3386255,5177,346.304,7.498245243507865,2025-01
M55,2025,2,0,True,8406.079,1347.6719693,10430,933.894,6.237481517380106,2025-02
M55,2025,2,1,True,3509.6,473.5563884,4344,346.304,7.411155431474272,2025-02
M55,2025,3,0,True,10063.363,1601.5661613,12707,1025.867,6.283451313576402,2025-03
M55,2025,3,1,True,5267.958,724.2133517,6637,463.298,7.274041534354661,2025-03
M55,2025,4,0,True,10258.195,1692.3583678,12950,902.625,6.061479173193828,2025-04
M55,2025,4,1,True,3837.212,540.5053102,4846,346.983,7.0993049052194115,2025-04
M55,2025,5,0,True,9887.737000000001,1691.0449945,12510,902.625,5.8471164470248524,2025-05
M55,2025,5,1,True,4252.878,623.7066878,5368,346.983,6.8187147631864775,2025-05
M55,2025,6,0,True,9695.959,1623.1664329,12255,902.625,5.973484174803255,2025-06
M55,2025,6,1,True,3774.287,526.4366687,4764,346.983,7.169498677438917,2025-06
M55,2025,7,0,True,10702.577,1757.3591846,13511,902.625,6.0901477021819295,2025-07
M55,2025,7,1,True,3989.295,559.9852957,5038,346.983,7.123928129243555,2025-07
M55,2025,8,0,True,9902.847,1588.3803315,12500,902.625,6.234556550223815,2025-08
M55,2025,8,1,True,4809.22,684.7491969,6030,346.983,7.023330617651434,2025-08
M55,2025,9,0,True,10214.678,1704.9711519,12933,902.625,5.991114857642536,2025-09
M55,2025,9,1,True,3964.471,596.832525,5011,346.983,6.64251835135828,2025-09
M57,2023,1,0,False,4566.577,872.3902882,6505,287.765,5.23455735554118,2023-01
M57,2023,1,0,True,5038.576,1089.4036198,9728,310.29999999999995,4.625077343624961,2023-01
M57,2023,1,1,False,1464.255,247.3789003,2085,108.407,5.919077974007794,2023-01
M57,2023,1,1,True,1635.387,321.2477907,3161,118.27399999999999,5.090733842671685,2023-01
M57,2023,2,0,False,4184.501,803.4789147,5960,287.765,5.207978608327754,2023-02
M57,2023,2,0,True,4625.072999999999,1017.4280792,8932,310.29999999999995,4.545847607859101,2023-02
M57,2023,2,1,False,1286.1299999999999,218.8588836,1833,108.407,5.876526366417049,2023-02
M57,2023,2,1,True,1426.771,289.7397346,2758,118.27399999999999,4.924319413661808,2023-02
M57,2023,3,0,False,4863.667,940.7491517,6928,287.765,5.169993500617047,2023-03
M57,2023,3,0,True,5364.687,1231.4200401,10361,310.29999999999995,4.356504543782111,2023-03
M57,2023,3,1,False,1288.6,225.1222232,1837,108.407,5.724001751951426,2023-03
M57,2023,3,1,True,1433.695,291.2994624,2771,118.27399999999999,4.921722093778914,2023-03
M57,2023,4,0,False,4332.64,819.4086542,6178,287.765,5.287520430486564,2023-04
M57,2023,4,0,True,4770.165999999999,1094.8317131000001,9211,310.29999999999995,4.356985592327558,2023-04
M57,2023,4,1,False,1590.731,267.0372119,2267,108.407,5.956963782994022,2023-04
M57,2023,4,1,True,1773.926,352.9580649,3430,118.27399999999999,5.025883175392488,2023-04
M57,2023,5,0,False,4844.366,927.688633,6902,287.765,5.2219740844878935,2023-05
M57,2023,5,0,True,5343.584,1233.2900297,10318,310.29999999999995,4.332787804422481,2023-05
M57,2023,5,1,False,1283.774,225.0566804,1829,108.407,5.704225254359523,2023-05
M57,2023,5,1,True,1438.668,299.1597415,2777,118.27399999999999,4.809029426173641,2023-05
M57,2023,6,0,False,4727.783,896.0383483,6737,287.765,5.276317703332386,2023-06
M57,2023,6,0,True,5184.808,1197.0344491,10011,310.29999999999995,4.331377433538558,2023-06
M57,2023,6,1,False,1194.756,205.51418569999998,1707,108.407,5.813496503565204,2023-06
M57,2023,6,1,True,1314.456,279.4494572,2539,118.27399999999999,4.703734310921395,2023-06
M57,2023,7,0,False,4464.467,819.5155761,6365,287.765,5.447690233352234,2023-07
M57,2023,7,0,True,4896.352999999999,1119.7541855,9458,310.29999999999995,4.37270345885213,2023-07
M57,2023,7,1,False,1521.825,258.2536124,2172,108.407,5.892753971018607,2023-07
M57,2023,7,1,True,1683.6249999999998,328.070284,3256,118.27399999999999,5.13190338202042,2023-07
M57,2023,8,0,False,5157.291,958.3031124,7350,438.23,5.381690754487838,2023-08
M57,2023,8,0,True,4466.231,994.6122628,9060,409.49999999999994,4.490424225644285,2023-08
M57,2023,8,1,False,1259.543,217.7930628,1796,163.267,5.783209914067107,2023-08
M57,2023,8,1,True,1108.598,219.0811271,2248,155.97,5.0602168003909265,2023-08
M57,2023,9,0,False,4221.532,859.9372279,6016,308.305,4.909116459941087,2023-09
M57,2023,9,0,True,4197.844999999999,1111.2061345,8959,289.85999999999996,3.777737423928881,2023-09
M57,2023,9,1,False,1471.411,268.06917,2098,127.92,5.4889228776289345,2023-09
M57,2023,9,1,True,1420.753,323.1025259,3031,115.10099999999998,4.397220343736099,2023-09
M57,2023,10,0,False,4754.558,945.6145047,6773,287.765,5.028008746025319,2023-10
M57,2023,10,0,True,4788.736999999999,1157.2167139,10213,281.79999999999995,4.138150566337062,2023-10
M57,2023,10,1,False,1424.145,254.8586324,2031,108.407,5.587980232762169,2023-10
M57,2023,10,1,True,1437.781,315.8863963,3061,107.44399999999999,4.55157618954419,2023-10
M57,2023,11,0,False,4643.356,904.2911401,6619,287.765,5.134802050019554,2023-11
M57,2023,11,0,True,4644.918,1139.8281047,9903,281.79999999999995,4.075103939661613,2023-11
M57,2023,11,1,False,1245.362,224.5480513,1775,108.407,5.546082421067976,2023-11
M57,2023,11,1,True,1251.9279999999999,269.6719477,2669,107.44399999999999,4.642410939207972,2023-11
M57,2023,12,0,False,4360.638,818.1436131,6216,287.765,5.329917547699548,2023-12
M57,2023,12,0,True,4400.4619999999995,1119.1789495,9379,281.79999999999995,3.931866304281306,2023-12
M57,2023,12,1,False,1487.842,263.0983341,2137,108.407,5.655079516522108,2023-12
M57,2023,12,1,True,1524.454,344.2919453,3249,107.44399999999999,4.4277945528805835,2023-12
M57,2024,1,0,False,5027.684,954.3900514,7166,287.765,5.267955164269434,2024-01
M57,2024,1,0,True,5041.089999999999,1147.173659,10748,281.79999999999995,4.394356478158987,2024-01
M57,2024,1,1,False,1331.045,228.3100048,1895,108.407,5.829989803407862,2024-01
M57,2024,1,1,True,1346.155,263.3663989,2868,107.44399999999999,5.111339205086424,2024-01
M57,2024,2,0,False,4470.999,844.4125177,6372,287.765,5.294804264837345,2024-02
M57,2024,2,0,True,4475.433,1066.2611201,9540,281.79999999999995,4.197314255986628,2024-02
M57,2024,2,1,False,1362.403,235.4255674,1942,108.407,5.7869797874808055,2024-02
M57,2024,2,1,True,1372.598,279.0830819,2924,107.44399999999999,4.918241516667155,2024-02
M57,2024,3,0,False,4584.645,874.2542135,6531,287.765,5.244063945252007,2024-03
M57,2024,3,0,True,4564.526,1070.9095027,9734,281.79999999999995,4.262289192963382,2024-03
M57,2024,3,1,False,1605.003,282.5066827,2292,108.407,5.681292154438653,2024-03
M57,2024,3,1,True,1623.697,345.4280905,3458,107.44399999999999,4.700535493942406,2024-03
M57,2024,4,0,False,4774.803,912.9716921,6804,287.765,5.229957337469127,2024-04
M57,2024,4,0,True,4772.103,1159.1492014,10171,281.79999999999995,4.1169014258357235,2024-04
M57,2024,4,1,False,1348.749,233.2100206,1923,108.407,5.783409291461638,2024-04
M57,2024,4,1,True,1357.2259999999999,287.7866964,2889,107.44399999999999,4.716083185838329,2024-04
M57,2024,5,0,False,4861.322,929.8180748,6926,287.765,5.228250699520603,2024-05
M57,2024,5,0,True,4873.625,1182.5066929,10387,281.79999999999995,4.1214354466339955,2024-05
M57,2024,5,1,False,1252.7839999999999,220.8555608,1787,108.407,5.672413207356289,2024-05
M57,2024,5,1,True,1270.9879999999998,267.368354,2707,107.44399999999999,4.753696467757735,2024-05
M57,2024,6,0,False,4408.028,830.661162,6281,287.765,5.30664993339366,2024-06
M57,2024,6,0,True,4384.424,1055.359777,9347,281.79999999999995,4.154435383602838,2024-06
M57,2024,6,1,False,1468.766,251.5686055,2096,108.407,5.838431218715804,2024-06
M57,2024,6,1,True,1475.599,324.7808246,3141,107.44399999999999,4.543368598861547,2024-06
M57,2024,7,0,False,4807.552,878.8341753,6850,287.765,5.470374429122408,2024-07
M57,2024,7,0,True,4857.422,1168.4783957,10349,281.79999999999995,4.1570490459004725,2024-07
M57,2024,7,1,False,1210.529,205.6599983,1727,108.407,5.886069289148681,2024-07
M57,2024,7,1,True,1219.185,249.0947157,2594,107.44399999999999,4.894463523940584,2024-07
M57,2024,8,0,False,4782.846,890.3072258,6816,287.765,5.372129823727192,2024-08
M57,2024,8,0,True,4766.848999999999,1094.5422308,10189,282.65799999999996,4.355107428350127,2024-08
M57,2024,8,1,False,1463.6399999999999,245.3916716,2088,108.407,5.964505602234953,2024-08
M57,2024,8,1,True,1479.514,296.8675188,3151,107.44399999999999,4.983751694966502,2024-08
M57,2024,9,0,False,4297.442,844.6239307,6128,287.765,5.087994601856004,2024-09
M57,2024,9,0,True,4224.804999999999,1143.0411569,8994,281.79999999999995,3.696109255993842,2024-09
M57,2024,9,1,False,1374.644,243.9897241,1961,108.407,5.634024158478894,2024-09
M57,2024,9,1,True,1390.423,309.9694594,2958,107.44399999999999,4.485677404126866,2024-09
M57,2024,10,0,False,4953.794,951.930294,7058,287.765,5.20394616204955,2024-10
M57,2024,10,0,True,4939.902,1270.4544726,10532,281.79999999999995,3.8882951782525765,2024-10
M57,2024,10,1,False,1159.885,204.9391688,1654,108.407,5.659655041989221,2024-10
M57,2024,10,1,True,1241.4499999999998,294.0166619,2642,107.44399999999999,4.222379752145605,2024-10
M57,2024,11,0,False,4448.463,844.2814336,6348,287.765,5.268933821074139,2024-11
M57,2024,11,0,True,4449.312,1110.6600323,9482,281.79999999999995,4.006007122437082,2024-11
M57,2024,11,1,False,1362.385,245.3744659,1948,108.407,5.552268835320571,2024-11
M57,2024,11,1,True,1372.183,311.1230708,2919,107.15799999999999,4.4104186696012775,2024-11
M57,2024,12,0,False,4306.887,817.4116666,6150,287.765,5.268932627196735,2024-12
M57,2024,12,0,True,4320.044,1104.033367,9201,281.79999999999995,3.9129650689262183,2024-12
M57,2024,12,1,False,1386.099,242.1738989,1977,108.407,5.723568915956367,2024-12
M57,2024,12,1,True,1425.869,334.7383498,3034,107.44399999999999,4.259652354897281,2024-12
M57,2025,1,0,False,4980.344,934.9008666,7100,287.765,5.327135932724357,2025-01
M57,2025,1,0,True,4998.9839999999995,1111.269206,10660,281.8,4.498445536877407,2025-01
M57,2025,1,1,False,1331.3519999999999,229.7891882,1899,108.407,5.7937973950334,2025-01
M57,2025,1,1,True,1340.0349999999999,256.2228025,2854,107.444,5.229959968141398,2025-01
M57,2025,2,0,False,4310.281,826.9872613,6142,287.765,5.2120282883491615,2025-02
M57,2025,2,0,True,4292.061,987.0222612,9152,281.8,4.348494627448226,2025-02
M57,2025,2,1,False,1278.915,224.6150196,1824,108.407,5.693808910363712,2025-02
M57,2025,2,1,True,1285.5539999999999,252.4608552,2737,107.444,5.092092391834692,2025-02
M57,2025,3,0,False,4624.008,875.0478082,6594,296.375,5.284291848592508,2025-03
M57,2025,3,0,True,4575.956999999999,1053.9006101,9758,301.65999999999997,4.341924614281993,2025-03
M57,2025,3,1,False,1662.395,289.0330526,2382,116.197,5.751574032955427,2025-03
M57,2025,3,1,True,1679.1589999999999,329.2711305,3577,126.31099999999999,5.099624122680259,2025-03
M57,2025,4,0,False,4798.6089999999995,905.250582,6828,288.185,5.300862651088579,2025-04
M57,2025,4,0,True,4747.963,1100.3625322,10126,281.8,4.314907915400575,2025-04
M57,2025,4,1,False,1316.945,225.9336209,1877,108.563,5.82890228888462,2025-04
M57,2025,4,1,True,1325.548,262.2300174,2822,107.444,5.054905663137862,2025-04
M57,2025,5,0,False,4661.592,888.4347544,6636,288.185,5.246971684654753,2025-05
M57,2025,5,0,True,4653.134,1119.3539469,9929,281.8,4.156981813381409,2025-05
M57,2025,5,1,False,1472.594,256.7558485,2097,108.563,5.735386393739732,2025-05
M57,2025,5,1,True,1453.541,296.9952873,3099,107.444,4.894155099948618,2025-05
M57,2025,6,0,False,4442.316,829.6094595,6318,288.185,5.354707506200994,2025-06
M57,2025,6,0,True,4429.441,1030.7011389,9446,281.8,4.297502770519157,2025-06
M57,2025,6,1,False,1465.319,247.4914001,2086,108.563,5.92068653459446,2025-06
M57,2025,6,1,True,1461.28,295.276683,3114,107.444,4.948849957109549,2025-06
M57,2025,7,0,False,4914.157999999999,908.7963916,6994,288.185,5.407325607167386,2025-07
M57,2025,7,0,True,4907.257,1113.7472785,10462,281.8,4.4060776575895355,2025-07
M57,2025,7,1,False,1330.604,221.6675084,1896,108.563,6.002702018010322,2025-07
M57,2025,7,1,True,1341.344,253.8394382,2856,107.444,5.284222221383723,2025-07
M57,2025,8,0,False,4657.289,859.3472756,6629,288.185,5.41956567762231,2025-08
M57,2025,8,0,True,4604.755999999999,998.9489377,9825,281.8,4.6096009778058145,2025-08
M57,2025,8,1,False,1645.253,271.5794462,2343,108.563,6.058091004384705,2025-08
M57,2025,8,1,True,1674.7459999999999,321.4127653,3569,107.444,5.210577117050179,2025-08
M57,2025,9,0,False,4477.589,869.0672417,6372,288.185,5.152177858230277,2025-09
M57,2025,9,0,True,4363.4529999999995,1139.3861329,9289,281.8,3.8296525418419898,2025-09
M57,2025,9,1,False,1267.8029999999999,218.2194564,1805,108.563,5.809761516755386,2025-09
M57,2025,9,1,True,1272.658,266.8858487,2711,107.444,4.768548074763471,2025-09
M60+,2023,1,0,False,50730.517,4638.496438,10805,4392.4800000000005,10.936845091525756,2023-01
M60+,2023,1,1,False,19398.43,1648.6467037,4130,1673.616,11.76627470061644,2023-01
M60+,2023,2,0,False,46526.756,4287.5372085,9911,2257.92,10.851627341626603,2023-02
M60+,2023,2,1,False,16292.104,1390.2764255,3467,903.168,11.71860768202316,2023-02
M60+,2023,3,0,False,54892.238,5178.1902778,11670,2257.92,10.600660666205076,2023-03
M60+,2023,3,1,False,16965.6,1471.4166702,3611,903.168,11.53011267548979,2023-03
M60+,2023,4,0,False,46106.562999999995,4370.1314205,9750,2263.92,10.55038363004763,2023-04
M60+,2023,4,1,False,21092.191,1841.569184,4480,1228.964,11.453379641261417,2023-04
M60+,2023,5,0,False,53818.676,5114.8683685,11363,2263.92,10.522006065970963,2023-05
M60+,2023,5,1,False,17868.626,1576.2127794,3793,905.568,11.336430102287242,2023-05
M60+,2023,6,0,False,50879.623,4806.4133762,10756,2263.92,10.585777588740392,2023-06
M60+,2023,6,1,False,17460.237,1511.4477795,3702,905.568,11.551994873270447,2023-06
M60+,2023,7,0,False,49819.112,4618.9830921,10563,2263.92,10.785731622444619,2023-07
M60+,2023,7,1,False,21492.21,1854.34835,4561,1120.748,11.590168589413095,2023-07
M60+,2023,8,0,False,54470.943,5022.893631,11551,2263.92,10.844534446005273,2023-08
M60+,2023,8,1,False,17256.524999999998,1512.9805741,3659,905.568,11.405648754125664,2023-08
M60+,2023,9,0,False,47675.577,4520.0039194,10116,2263.92,10.547684880399087,2023-09
M60+,2023,9,1,False,18351.086,1618.8494648,3896,905.568,11.335881685742272,2023-09
M60+,2023,10,0,False,51279.765,4823.883126,10875,2263.92,10.630391255461774,2023-10
M60+,2023,10,1,False,18236.993,1556.6836466,3869,905.568,11.715285273171572,2023-10
M60+,2023,11,0,False,50057.958999999995,4716.6194853,10624,2263.92,10.613101005076322,2023-11
M60+,2023,11,1,False,15449.323,1336.7105514,3275,905.568,11.55771755060899,2023-11
M60+,2023,12,0,False,46951.401,4325.971434,9967,2263.92,10.853377493661924,2023-12
M60+,2023,12,1,False,20345.248,1722.1691517,4319,905.568,11.813733848336938,2023-12
M60+,2024,1,0,False,53754.259999999995,4914.8541676,11405,2263.92,10.937101726102492,2024-01
M60+,2024,1,1,False,17438.607,1469.0008331,3701,905.568,11.871066787075739,2024-01
M60+,2024,2,0,False,49096.167,4527.2872612,10413,2263.92,10.844500065362894,2024-02
M60+,2024,2,1,False,17192.382999999998,1454.4433269,3648,905.568,11.82059326893392,2024-02
M60+,2024,3,0,False,50829.032,4747.3944948,10785,2263.92,10.706721772474344,2024-03
M60+,2024,3,1,False,21751.952999999998,1846.4547372,4609,1131.24,11.780387876165914,2024-03
M60+,2024,4,0,False,53639.188,4953.8422482,11264,2289.12,10.827794934223034,2024-04
M60+,2024,4,1,False,18223.48,1549.6839006,3827,915.648,11.759482042076007,2024-04
M60+,2024,5,0,False,54600.872,5208.0456162,11455,2289.12,10.483946574922475,2024-05
M60+,2024,5,1,False,17815.442,1550.5989064,3745,915.648,11.489394147298748,2024-05
M60+,2024,6,0,False,46986.869,4421.8486403,9865,2289.12,10.626069054415256,2024-06
M60+,2024,6,1,False,22151.014,1916.0738961,4655,972.504,11.56062615595695,2024-06
M60+,2024,7,0,False,53689.977,4994.0811137,11397,2263.92,10.750721860066532,2024-07
M60+,2024,7,1,False,17901.995,1546.0550037,3802,905.568,11.579144957428527,2024-07
M60+,2024,8,0,False,51652.434,4833.3678053,10970,2377.296,10.68663426428273,2024-08
M60+,2024,8,1,False,19527.722,1729.5458326,4145,962.256,11.290664654225598,2024-08
M60+,2024,9,0,False,47421.891,4507.5636545,10071,2263.08,10.520514990988023,2024-09
M60+,2024,9,1,False,18690.504,1654.3911251,3971,905.232,11.297512248725495,2024-09
M60+,2024,10,0,False,55098.175,5169.2383388,11698,2263.08,10.658857531570238,2024-10
M60+,2024,10,1,False,18051.949,1546.7447307,3834,905.232,11.67092968975582,2024-10
M60+,2024,11,0,False,50099.353,4701.0444725,10636,2263.08,10.657068507449651,2024-11
M60+,2024,11,1,False,19984.92,1711.774454,4239,905.232,11.674972688896078,2024-11
M60+,2024,12,0,False,50782.008,4742.5058568,10778,2263.08,10.707842970227789,2024-12
M60+,2024,12,1,False,20504.518,1725.2741679,4353,905.232,11.884788158022475,2024-12
M60+,2025,1,0,False,55272.189,5018.4919477,11734,2263.08,11.013704829262807,2025-01
M60+,2025,1,1,False,18254.517,1549.7361228,3875,905.232,11.779113057659444,2025-01
M60+,2025,2,0,False,35250.362,3257.8361273,7485,2263.08,10.820176529018504,2025-02
M60+,2025,2,1,False,11051.983,968.7077961,2345,905.232,11.408995617145937,2025-02
M60+,2025,3,0,False,50024.632,4642.7244879,10615,2263.08,10.774843980161995,2025-03
M60+,2025,3,1,False,22735.077,1954.8880688,4822,905.232,11.629861250294415,2025-03
M60+,2025,4,0,False,53384.734,5022.4014221,11341,2263.08,10.629324403479963,2025-04
M60+,2025,4,1,False,18105.65,1565.0000252,3849,905.232,11.569105245021438,2025-04
M60+,2025,5,0,False,51287.197,4940.3911435,10909,2263.08,10.38120171263723,2025-05
M60+,2025,5,1,False,19196.966,1695.758886,4087,905.232,11.320575205878649,2025-05
M60+,2025,6,0,False,50406.192,4777.4778032,10715,2263.08,10.550795644981847,2025-06
M60+,2025,6,1,False,20185.26,1769.6897288999999,4295,905.232,11.406101120644866,2025-06
M60+,2025,7,0,False,56155.733,5248.7741559,11925,2263.08,10.698828208654572,2025-07
M60+,2025,7,1,False,18242.686,1556.1894573,3871,905.232,11.722663917574145,2025-07
M60+,2025,8,0,False,50125.103,4726.1958612,10667,2263.08,10.605803160107088,2025-08
M60+,2025,8,1,False,21512.363,1867.5677852000001,4573,905.232,11.518919511505825,2025-08
M60+,2025,9,0,False,51817.114,4919.9275438,11014,2263.08,10.532088844539784,2025-09
M60+,2025,9,1,False,17315.689,1525.6366641,3682,905.232,11.349811791665894,2025-09
M66,2023,1,0,False,10497.238,1889.0327609,18590,413.144,5.556938035843674,2023-01
M66,2023,1,1,False,2808.774,419.1950112,4981,165.648,6.7003993963561745,2023-01
M66,2023,2,0,False,9781.996,1770.3319775,17330,413.632,5.525515058375541,2023-02
M66,2023,2,1,False,2560.864,371.6964073,4546,165.648,6.889665731778517,2023-02
M66,2023,3,0,False,11467.287,2117.6847478,20322,414.12,5.415011375943953,2023-03
M66,2023,3,1,False,2372.296,365.0158456,4207,165.648,6.499158950484751,2023-03
M66,2023,4,0,False,10657.047,2010.0058877,18935,414.12,5.301997902202464,2023-04
M66,2023,4,1,False,3130.84,490.9391756,5562,165.648,6.377246216241864,2023-04
M66,2023,5,0,False,12018.255,2360.6272942,21338,414.12,5.091127697086507,2023-05
M66,2023,5,1,False,2609.551,421.0161529,4635,165.16,6.198220619387547,2023-05
M66,2023,6,0,False,11665.528,2163.2789695,20710,414.12,5.392521336578361,2023-06
M66,2023,6,1,False,2429.087,385.173662,4319,165.648,6.306472221872741,2023-06
M66,2023,7,0,False,10756.187,1877.8084033,19105,414.12,5.728053501676435,2023-07
M66,2023,7,1,False,3173.777,469.9519623,5638,165.648,6.753407272664983,2023-07
M66,2023,8,0,False,11893.401,2051.3233888,21111,414.12,5.7979161476618755,2023-08
M66,2023,8,1,False,2522.201,371.4244666,4483,165.648,6.790616200079911,2023-08
M66,2023,9,0,False,10322.986,2055.9233522,18329,414.12,5.021094774254883,2023-09
M66,2023,9,1,False,2774.358,435.1561176,4928,165.648,6.375546356331404,2023-09
M66,2023,10,0,False,11566.289,2258.2359495,20529,414.12,5.121824848533172,2023-10
M66,2023,10,1,False,2721.884,439.8394587,4835,165.648,6.188357925059441,2023-10
M66,2023,11,0,False,11210.332,2233.6353032,19893,414.12,5.018873038019952,2023-11
M66,2023,11,1,False,2268.823,369.4830684,4030,165.648,6.140533069146722,2023-11
M66,2023,12,0,False,10175.277,1933.752003,18056,414.12,5.261934821121941,2023-12
M66,2023,12,1,False,2876.474,463.3316832,5113,165.648,6.2082393764519495,2023-12
M66,2024,1,0,False,11187.257,2082.9350763,19823,413.144,5.370910081303333,2024-01
M66,2024,1,1,False,2530.42,387.7177943,4493,165.648,6.526447940230636,2024-01
M66,2024,2,0,False,10329.997,2210.2131254,18312,413.144,4.67375606509915,2024-02
M66,2024,2,1,False,2534.845,442.2642017,4496,165.648,5.73151747361966,2024-02
M66,2024,3,0,False,10701.604,2165.314737,18959,413.144,4.942285671978964,2024-03
M66,2024,3,1,False,2973.891,523.8436114,5272,165.648,5.677058830692079,2024-03
M66,2024,4,0,False,11354.59,2444.146945,20117,413.144,4.645624938070162,2024-04
M66,2024,4,1,False,2370.497,435.8486351,4209,165.648,5.438807900490772,2024-04
M66,2024,5,0,False,11105.479,2463.344993,19664,413.632,4.508292192753368,2024-05
M66,2024,5,1,False,2439.695,436.3827893,4324,165.648,5.590722319533971,2024-05
M66,2024,6,0,False,9709.736,2004.2161589,17213,413.144,4.844655082178921,2024-06
M66,2024,6,1,False,2801.408,512.201669,4959,165.648,5.469345708047663,2024-06
M66,2024,7,0,False,11462.412,2282.9094858,20322,414.12,5.020966477776594,2024-07
M66,2024,7,1,False,2234.038,373.5752754,3966,165.648,5.980154863321557,2024-07
M66,2024,8,0,False,11028.108,2230.3439533,19526,414.12,4.9445772629297355,2024-08
M66,2024,8,1,False,2791.61,460.0922328,4955,165.648,6.067500820457233,2024-08
M66,2024,9,0,False,10226.301,2287.1280651,18092,414.12,4.471241097534639,2024-09
M66,2024,9,1,False,2708.523,494.4177893,4799,165.16,5.478207011593869,2024-09
M66,2024,10,0,False,11771.739,2607.105888,20850,414.12,4.515251587663937,2024-10
M66,2024,10,1,False,2415.078,436.0130756,4284,165.648,5.539003610560528,2024-10
M66,2024,11,0,False,10121.61,2198.2728147,17910,414.12,4.604346618088576,2024-11
M66,2024,11,1,False,2779.524,502.8611169,4926,165.648,5.527418817217362,2024-11
M66,2024,12,0,False,10314.695,2181.4363827,18272,414.12,4.728395969646995,2024-12
M66,2024,12,1,False,2695.179,465.1172396,4783,165.648,5.794622883292499,2024-12
M66,2025,1,0,False,11572.957,2086.581437,20506,414.12,5.54637206810347,2025-01
M66,2025,1,1,False,2451.857,377.9716712,4350,165.648,6.4868803321046355,2025-01
M66,2025,2,0,False,7362.553,1346.2344945,13039,421.748,5.468997436984036,2025-02
M66,2025,2,1,False,1657.155,252.84391639999998,2939,165.16,6.554063169067414,2025-02
M66,2025,3,0,False,10495.494999999999,1900.372502,18639,428.101,5.522861959407577,2025-03
M66,2025,3,1,False,3071.756,466.8883205,5458,181.636,6.579209342204995,2025-03
M66,2025,4,0,False,10887.895,2033.8092024,19335,412.699,5.353449569975257,2025-04
M66,2025,4,1,False,2385.187,351.8422309,4238,164.79399999999998,6.7791378934210815,2025-04
M66,2025,5,0,False,10409.386,1984.0605954,18486,411.747,5.2465060916657125,2025-05
M66,2025,5,1,False,2592.437,397.3219399,4608,165.26999999999998,6.52477686143503,2025-05
M66,2025,6,0,False,10450.547999999999,1874.5886767,18554,411.747,5.574848568058674,2025-06
M66,2025,6,1,False,2714.719,414.5975336,4821,165.26999999999998,6.547841653633995,2025-06
M66,2025,7,0,False,11387.88,2000.1705946,20220,413.175,5.693454363715102,2025-07
M66,2025,7,1,False,2568.438,371.949181,4569,165.26999999999998,6.905346566685948,2025-07
M66,2025,8,0,False,10508.545,1802.7947269000001,18644,413.175,5.829030251308752,2025-08
M66,2025,8,1,False,3099.013,453.7908574,5510,165.26999999999998,6.829165791827167,2025-08
M66,2025,9,0,False,10961.134,2139.0166742,19467,413.175,5.124379876140752,2025-09
M66,2025,9,1,False,2493.529,407.0266834,4434,165.26999999999998,6.126205238366444,2025-09
M7,2023,1,0,False,18349.13,3195.7947676,17370,1137.864,5.741648426873155,2023-01
M7,2023,1,0,True,11655.651,2002.2516631,9451,736.548,5.8212717286267885,2023-01
M7,2023,1,1,False,7422.22,1121.3769928,7025,456.288,6.6188445524169675,2023-01
M7,2023,1,1,True,4671.362,753.1588911,3782,296.16,6.202359230171743,2023-01
M7,2023,2,0,False,16996.331000000002,2970.7998212,16091,1137.864,5.721129669765042,2023-02
M7,2023,2,0,True,10823.182,1890.5144647,8768,736.548,5.724992959372833,2023-02
M7,2023,2,1,False,6741.385,1037.8244618,6380,456.288,6.49568905738429,2023-02
M7,2023,2,1,True,4299.839,692.9758437,3483,296.16,6.2048901691030185,2023-02
M7,2023,3,0,False,19466.717,3463.0503593,18432,1137.15,5.621263042774488,2023-03
M7,2023,3,0,True,12273.122000000001,2216.1186507,9934,735.585,5.53811592900196,2023-03
M7,2023,3,1,False,6696.307000000001,1051.5114241,6338,456.288,6.368268424407696,2023-03
M7,2023,3,1,True,4181.939,683.4847493999999,3370,296.16,6.118554954841543,2023-03
M7,2023,4,0,False,16943.091999999997,3016.2814704,16043,1137.1499999999999,5.61721184387779,2023-04
M7,2023,4,0,True,10775.991,1973.7586465,8663,740.505,5.459629534294228,2023-04
M7,2023,4,1,False,8372.177,1318.1122465,7919,566.504,6.3516419198977525,2023-04
M7,2023,4,1,True,5082.555,839.4900125,4130,343.272,6.054336471334732,2023-04
M7,2023,5,0,False,19348.316,3434.2822596,18320,1137.8639999999998,5.633874718921196,2023-05
M7,2023,5,0,True,12210.277,2269.256406,9815,741.4680000000001,5.380739244677492,2023-05
M7,2023,5,1,False,6369.19,1017.2350471,6025,456.28799999999995,6.261276602843858,2023-05
M7,2023,5,1,True,3798.156,678.8077801,3078,298.128,5.595333629559264,2023-05
M7,2023,6,0,False,18129.976,3195.0478546,17169,1137.1499999999999,5.674398890112949,2023-06
M7,2023,6,0,True,11577.449,2169.6761635,9308,740.505,5.3360262673135095,2023-06
M7,2023,6,1,False,6530.500999999999,1036.1828055,6184,456.28799999999995,6.302460304626237,2023-06
M7,2023,6,1,True,3665.8520000000003,630.5311202,2938,298.128,5.813911292494521,2023-06
M7,2023,7,0,False,17289.411,3000.3239813,16367,1137.8639999999998,5.762514684333767,2023-07
M7,2023,7,0,True,11099.61,2079.6161635,8928,741.4680000000001,5.337335896312387,2023-07
M7,2023,7,1,False,7865.744999999999,1215.9822515,7432,456.28799999999995,6.468634710989446,2023-07
M7,2023,7,1,True,4716.264,798.8002604,3726,298.128,5.904184354720073,2023-07
M7,2023,8,0,False,19631.143999999997,3399.9333625,18588,1137.1499999999999,5.77397904809671,2023-08
M7,2023,8,0,True,12550.602,2326.0825328,10101,740.505,5.395596167816252,2023-08
M7,2023,8,1,False,6222.879999999999,991.1336279,5877,456.28799999999995,6.278547942304157,2023-08
M7,2023,8,1,True,3646.733,625.1094623,2947,298.128,5.833751078702877,2023-08
M7,2023,9,0,False,17069.323999999997,3023.9194983,16163,1137.8639999999998,5.64476799385569,2023-09
M7,2023,9,0,True,10627.489,2152.5572278,8554,741.4680000000001,4.9371458573771445,2023-09
M7,2023,9,1,False,6747.825999999999,1081.4969809,6381,456.28799999999995,6.239338730640371,2023-09
M7,2023,9,1,True,4164.211,741.8247265,3351,298.128,5.613470205620061,2023-09
M7,2023,10,0,False,18132.103,3192.7837054,17173,1137.1499999999999,5.67908905615276,2023-10
M7,2023,10,0,True,11389.778,2177.1802935,9167,740.505,5.231435372625928,2023-10
M7,2023,10,1,False,6345.641,983.3755799,5999,456.28799999999995,6.452917003130473,2023-10
M7,2023,10,1,True,3887.9900000000002,717.5841746,3101,298.128,5.418165753400661,2023-10
M7,2023,11,0,False,17970.409,3098.0522995,17017,1137.8639999999998,5.800550559750161,2023-11
M7,2023,11,0,True,10857.655,2105.1114382,8751,741.4680000000001,5.157757828385543,2023-11
M7,2023,11,1,False,6152.392,944.3025268,5825,456.28799999999995,6.515276434607121,2023-11
M7,2023,11,1,True,3766.954,689.8230663,3036,298.128,5.4607539005687205,2023-11
M7,2023,12,0,False,16743.456,2838.9806509,15854,1137.8639999999998,5.897699934901659,2023-12
M7,2023,12,0,True,10443.408,2133.9428284,8422,741.4680000000001,4.8939492947101675,2023-12
M7,2023,12,1,False,7641.893999999999,1166.688653,7228,456.28799999999995,6.550071418239806,2023-12
M7,2023,12,1,True,4416.936,894.2502995,3538,298.128,4.939261415366179,2023-12
M7,2024,1,0,False,19550.297,3379.521726,18514,1388.9389999999999,5.7849301129185875,2024-01
M7,2024,1,0,True,12449.969000000001,2214.0775326,10031,740.505,5.623095314724573,2024-01
M7,2024,1,1,False,6940.972999999999,1060.6169835,6568,507.35999999999996,6.544278573679844,2024-01
M7,2024,1,1,True,4406.62,703.512244,3542,298.128,6.263743151000511,2024-01
M7,2024,2,0,False,17448.384,3035.380053,16523,1137.292,5.74833585756584,2024-02
M7,2024,2,0,True,11144.688,2072.6414348,8974,741.4680000000001,5.377045837682681,2024-02
M7,2024,2,1,False,6867.330999999999,1065.9778017,6503,456.28799999999995,6.4422833093223115,2024-02
M7,2024,2,1,True,4406.198,728.0969676,3542,298.128,6.0516637152383606,2024-02
M7,2024,3,0,False,17861.499,3111.1906142,16908,1136.435,5.741049397126971,2024-03
M7,2024,3,0,True,11412.428,2114.1467114,9183,740.505,5.3981248976059115,2024-03
M7,2024,3,1,False,8173.087999999999,1270.579733,7740,500.496,6.43256600725269,2024-03
M7,2024,3,1,True,5102.823,866.8410985,4084,348.528,5.886687893352117,2024-03
M7,2024,4,0,False,18767.664999999997,3289.77118,17765,1136.435,5.7048542202865296,2024-04
M7,2024,4,0,True,12088.223,2264.8125119,9708,741.345,5.33740560708,2024-04
M7,2024,4,1,False,6313.061999999999,1004.0530526,5971,456.28799999999995,6.287578115172596,2024-04
M7,2024,4,1,True,3799.8579999999997,663.6391791,3073,298.464,5.72578913311479,2024-04
M7,2024,5,0,False,18401.483999999997,3249.5147834,17417,1137.292,5.662840524377101,2024-05
M7,2024,5,0,True,11756.396999999999,2260.6028188,9454,742.308,5.200558409566466,2024-05
M7,2024,5,1,False,6089.062999999999,963.9797247,5749,456.28799999999995,6.316588247636615,2024-05
M7,2024,5,1,True,3650.583,658.6264087,2942,298.464,5.542721870514635,2024-05
M7,2024,6,0,False,16154.984999999999,2860.1536828,15299,1136.435,5.648292641458616,2024-06
M7,2024,6,0,True,10329.551,1967.6244783,8316,741.345,5.249757315951155,2024-06
M7,2024,6,1,False,7647.766,1224.1005947,7226,456.28799999999995,6.247661371224394,2024-06
M7,2024,6,1,True,4289.448,724.7183402000001,3463,336.447,5.918779423763781,2024-06
M7,2024,7,0,False,19022.865999999998,3303.4542254,18010,1137.292,5.75847724897614,2024-07
M7,2024,7,0,True,12256.304,2264.035892,9813,744.708,5.413476015688536,2024-07
M7,2024,7,1,False,6632.226,1033.3627939,6272,456.28799999999995,6.418100244319237,2024-07
M7,2024,7,1,True,3948.514,663.1908541,3103,299.424,5.953812504483994,2024-07
M7,2024,8,0,False,17925.421,3153.0014059,16964,1134.5929999999998,5.68519283450282,2024-08
M7,2024,8,0,True,11578.416000000001,2127.0081066000002,9276,743.745,5.44352227152908,2024-08
M7,2024,8,1,False,7114.197999999999,1138.590598,6720,456.28799999999995,6.248249381732554,2024-08
M7,2024,8,1,True,4071.349,718.4608476,3293,299.424,5.666765299181211,2024-08
M7,2024,9,0,False,17305.296,3056.3922868,16371,1137.292,5.662000939715236,2024-09
M7,2024,9,0,True,10905.935,2128.4594752,8748,744.708,5.1238631165271435,2024-09
M7,2024,9,1,False,6949.674999999999,1122.8855645,6566,456.28799999999995,6.189121331428425,2024-09
M7,2024,9,1,True,4136.2300000000005,732.6522255,3309,299.424,5.645557136166784,2024-09
M7,2024,10,0,False,19253.462,3379.4061706,18236,1136.435,5.697291484965722,2024-10
M7,2024,10,0,True,12153.93,2398.0528082,9761,743.745,5.068249522462706,2024-10
M7,2024,10,1,False,6251.263999999999,986.1061311,5929,456.28799999999995,6.339341986472311,2024-10
M7,2024,10,1,True,3427.861,655.5458578,2785,299.424,5.229017862310715,2024-10
M7,2024,11,0,False,17539.424,3093.4145402999998,16603,1136.435,5.6699235655299605,2024-11
M7,2024,11,0,True,10845.678,2068.3055906,8673,743.745,5.243750270410356,2024-11
M7,2024,11,1,False,7088.2789999999995,1130.8686014,6706,456.28799999999995,6.267995230590722,2024-11
M7,2024,11,1,True,4190.088,777.4530718,3356,299.424,5.389506006193903,2024-11
M7,2024,12,0,False,17613.735999999997,3000.9117431,16689,1137.292,5.869461519652913,2024-12
M7,2024,12,0,True,10768.724,2242.1066709,8602,744.708,4.802949003170016,2024-12
M7,2024,12,1,False,7073.869999999999,1077.0630858,6691,456.28799999999995,6.5677397111291835,2024-12
M7,2024,12,1,True,4191.664,851.3555603,3353,299.424,4.923517500165201,2024-12
M7,2025,1,0,False,19458.577,3338.7189423,18431,1136.435,5.828156648188913,2025-01
M7,2025,1,0,True,12614.998,2199.5942257,10110,743.745,5.735147807084916,2025-01
M7,2025,1,1,False,6603.62,1030.3794717,6249,456.288,6.408920384550009,2025-01
M7,2025,1,1,True,4252.439,691.4630777,3401,299.424,6.149914778016498,2025-01
M7,2025,2,0,False,14417.184,2510.3903471,13918,1171.252,5.743004874383266,2025-02
M7,2025,2,0,True,9303.681,1617.743373,7728,822.468,5.751024022275503,2025-02
M7,2025,2,1,False,5279.2519999999995,832.6419585,5098,456.288,6.340362680629911,2025-02
M7,2025,2,1,True,3313.553,524.7672172,2756,299.424,6.314329270948216,2025-02
M7,2025,3,0,False,17710.517,3071.1417402,16776,1166.027,5.7667533764972525,2025-03
M7,2025,3,0,True,11384.539999999999,2041.1936361,9120,792.729,5.5773934420802105,2025-03
M7,2025,3,1,False,8109.653,1265.887214,7692,485.952,6.4062997953623375,2025-03
M7,2025,3,1,True,5098.346,811.7302744,4070,348.336,6.280837564877696,2025-03
M7,2025,4,0,False,17921.955,3178.3542293,17389,1109.435,5.638753174452531,2025-04
M7,2025,4,0,True,11935.154,2154.644767,9556,743.865,5.539267624434354,2025-04
M7,2025,4,1,False,6317.504,993.5361283,6124,445.488,6.358605208257126,2025-04
M7,2025,4,1,True,3984.468,664.4169488,3215,299.472,5.996939131664727,2025-04
M7,2025,5,0,False,17413.499,3103.0233886,16904,1110.292,5.611784643317335,2025-05
M7,2025,5,0,True,11475.08,2086.9769924,9183,744.828,5.4984219000918575,2025-05
M7,2025,5,1,False,6650.697,1078.7269574,6448,444.25,6.165320106609585,2025-05
M7,2025,5,1,True,3779.176,625.6472144,3057,299.472,6.040426478401659,2025-05
M7,2025,6,0,False,16976.005,3050.1823258,16483,1188.301,5.565570574718856,2025-06
M7,2025,6,0,True,11185.489,2044.3281214,8958,741.829,5.471474409078683,2025-06
M7,2025,6,1,False,6843.051,1095.9114351,6643,525.212,6.2441642461515,2025-06
M7,2025,6,1,True,3952.2259999999997,662.6827897,3222,299.472,5.9639786356745335,2025-06
M7,2025,7,0,False,19215.694,3360.2411879,18669,1107.75,5.71854605829915,2025-07
M7,2025,7,0,True,12829.136999999999,2328.357806,10288,743.865,5.509950818959308,2025-07
M7,2025,7,1,False,6235.084,974.5780616,6052,444.816,6.397726611825878,2025-07
M7,2025,7,1,True,3861.34,608.7519476,3032,299.472,6.343043361459958,2025-07
M7,2025,8,0,False,17424.655,3063.0025365,16939,1107.75,5.688749778154158,2025-08
M7,2025,8,0,True,11606.368,2051.674479,9296,743.865,5.657022163504721,2025-08
M7,2025,8,1,False,7458.512,1196.3894356,7232,555.168,6.234184102653405,2025-08
M7,2025,8,1,True,4343.264,684.9908443,3497,405.71999999999997,6.340616135444016,2025-08
M7,2025,9,0,False,17954.504,3122.1072997,17430,1108.608,5.750764556274293,2025-09
M7,2025,9,0,True,11556.966999999999,2200.6572742,9319,742.188,5.251597845557881,2025-09
M7,2025,9,1,False,5879.92,959.7916653999999,5702,444.816,6.126246155252351,2025-09
M7,2025,9,1,True,3450.286,575.8155541,2789,297.275,5.99199861037585,2025-09
M72,2023,1,0,False,9456.14,1610.0795316,15692,597.54,5.87308876015774,2023-01
M72,2023,1,1,False,2701.075,382.3833403,4514,228.91199999999998,7.063788390678484,2023-01
M72,2023,2,0,False,8545.876999999999,1455.6797716,14186,597.54,5.870712203829595,2023-02
M72,2023,2,1,False,2447.873,345.2061163,4062,228.91199999999998,7.091047592774068,2023-02
M72,2023,3,0,False,9679.262999999999,1677.0845248,16074,597.54,5.771481912132184,2023-03
M72,2023,3,1,False,2404.9429999999998,352.0016853,3992,228.91199999999998,6.832191720759354,2023-03
M72,2023,4,0,False,8985.893,1577.9001269,14908,597.54,5.69484268795517,2023-04
M72,2023,4,1,False,3131.957,463.109177,5205,228.91199999999998,6.7628912479961505,2023-04
M72,2023,5,0,False,10085.172999999999,1840.2664603,16737,597.54,5.480278653970531,2023-05
M72,2023,5,1,False,2358.4669999999996,363.4122254,3915,228.91199999999998,6.489784424296914,2023-05
M72,2023,6,0,False,9803.453,1719.5514573,16266,597.54,5.701168731171997,2023-06
M72,2023,6,1,False,2300.815,352.7197427,3838,228.91199999999998,6.523068378275952,2023-06
M72,2023,7,0,False,9170.197,1555.1567327,15218,597.54,5.896638459121143,2023-07
M72,2023,7,1,False,3140.3509999999997,450.8044658,5210,228.91199999999998,6.966104460449645,2023-07
M72,2023,8,0,False,10314.319,1742.2475869,17111,597.54,5.920122419771795,2023-08
M72,2023,8,1,False,2264.484,335.8108429,3775,228.91199999999998,6.743331991439994,2023-08
M72,2023,9,0,False,9232.643,1738.6037458,15340,597.54,5.310377952597644,2023-09
M72,2023,9,1,False,2792.3849999999998,443.8800348,4645,228.91199999999998,6.290855143458234,2023-09
M72,2023,10,0,False,9960.323999999999,1818.7743111,16550,597.54,5.4763936015656425,2023-10
M72,2023,10,1,False,2799.359,440.1575285,4653,228.91199999999998,6.359902577470057,2023-10
M72,2023,11,0,False,9333.608999999999,1725.2264567,15502,597.54,5.4100775951774205,2023-11
M72,2023,11,1,False,2283.388,355.7669545,3799,228.91199999999998,6.4182127404415805,2023-11
M72,2023,12,0,False,8736.283,1538.9525832,14527,597.54,5.676772043121907,2023-12
M72,2023,12,1,False,3087.9599999999996,474.3252811,5126,228.91199999999998,6.510215927851794,2023-12
M72,2024,1,0,False,10198.762999999999,1771.9978443,16925,597.54,5.755516595466775,2024-01
M72,2024,1,1,False,2511.7,367.3864155,4193,228.91199999999998,6.836670856709997,2024-01
M72,2024,2,0,False,8833.925,1531.7331684,14660,593.985,5.767274080267934,2024-02
M72,2024,2,1,False,2518.7259999999997,366.7336155,4180,228.91199999999998,6.867998714996443,2024-02
M72,2024,3,0,False,9361.487,1632.8743074,15538,597.54,5.733133871710033,2024-03
M72,2024,3,1,False,2947.937,439.7336211,4919,228.91199999999998,6.703915412757598,2024-03
M72,2024,4,0,False,9890.412999999999,1754.17314,16417,597.54,5.638219383521058,2024-04
M72,2024,4,1,False,2351.5,358.3305777,3914,228.91199999999998,6.5623760469828305,2024-04
M72,2024,5,0,False,9999.143,1832.8856079,16596,597.54,5.455410286873474,2024-05
M72,2024,5,1,False,2360.576,358.3952951,3918,228.91199999999998,6.586515035978216,2024-05
M72,2024,6,0,False,8830.654999999999,1572.0923151,14654,597.064,5.617135148604989,2024-06
M72,2024,6,1,False,2947.868,443.1944734,4947,228.91199999999998,6.651409656319058,2024-06
M72,2024,7,0,False,9926.762999999999,1701.8197969,16471,597.064,5.833028278365539,2024-07
M72,2024,7,1,False,2434.5829999999996,363.2439012,4042,228.91199999999998,6.702336892531975,2024-07
M72,2024,8,0,False,9799.628999999999,1686.9567573,16258,597.54,5.809057616678008,2024-08
M72,2024,8,1,False,2856.9069999999997,420.6395099,4744,228.91199999999998,6.791818012243266,2024-08
M72,2024,9,0,False,9011.510999999999,1653.8275478,14954,597.54,5.44888190548497,2024-09
M72,2024,9,1,False,2536.604,397.3816582,4225,228.91199999999998,6.383294114504251,2024-09
M72,2024,10,0,False,9949.812,1820.8952762,16539,626.644,5.464241755167886,2024-10
M72,2024,10,1,False,2270.153,365.637228,3773,225.96699999999998,6.208757823752016,2024-10
M72,2024,11,0,False,8949.891,1625.0719951,14867,633.92,5.50738122802323,2024-11
M72,2024,11,1,False,2342.81,369.4744623,3900,225.833,6.34092539282924,2024-11
M72,2024,12,0,False,8878.975,1574.1194435,14734,737.603,5.640598009677022,2024-12
M72,2024,12,1,False,2637.248,396.9236262,4377,228.91199999999998,6.644220262845114,2024-12
M72,2025,1,0,False,10231.481,1731.3634264,16980,703.042,5.909493549412775,2025-01
M72,2025,1,1,False,2356.52,346.3822749,3918,255.63,6.8032349538680155,2025-01
M72,2025,2,0,False,7704.942,1334.4870237,12748,597.54,5.773710694194141,2025-02
M72,2025,2,1,False,2058.752,305.6330654,3405,228.912,6.736025100247546,2025-02
M72,2025,3,0,False,9404.189,1604.4029408,15616,632.765,5.861488258872681,2025-03
M72,2025,3,1,False,3087.152,452.900301,5142,253.223,6.81640527326565,2025-03
M72,2025,4,0,False,9652.975,1656.4622896,16015,597.54,5.827464386364621,2025-04
M72,2025,4,1,False,2473.797,367.1069773,4106,228.912,6.7386270296312345,2025-04
M72,2025,5,0,False,9686.667,1697.1181474,16067,597.54,5.7077151728299285,2025-05
M72,2025,5,1,False,2559.464,384.7550068,4269,226.785,6.652191536861373,2025-05
M72,2025,6,0,False,9409.059,1590.9754017,15619,597.54,5.9140191545049445,2025-06
M72,2025,6,1,False,2583.618,382.1175172,4324,228.912,6.761317876583335,2025-06
M72,2025,7,0,False,10094.4,1657.6792095,16748,597.54,6.089477350110904,2025-07
M72,2025,7,1,False,2471.552,352.0133743,4101,228.912,7.02118777422827,2025-07
M72,2025,8,0,False,9555.847,1559.4829488999999,15865,597.54,6.12757389026942,2025-08
M72,2025,8,1,False,3098.366,445.7783277,5144,228.912,6.95046350948927,2025-08
M72,2025,9,0,False,9385.380000000001,1673.2578551,15600,593.741,5.609045833189349,2025-09
M72,2025,9,1,False,2397.295,372.7942261,4008,228.912,6.430611935918071,2025-09
M79+,2023,1,0,False,17489.585,2737.9114261,20207,623.04,6.38792943894205,2023-01
M79+,2023,1,1,False,5251.245,762.7769354,6066,249.21599999999998,6.884378323849355,2023-01
M79+,2023,2,0,False,15705.267,2472.1652731,18148,623.04,6.352838611112031,2023-02
M79+,2023,2,1,False,4519.219,659.5536198,5220,249.21599999999998,6.851935709746218,2023-02
M79+,2023,3,0,False,18495.331,2929.0038894,21364,623.04,6.314546411813993,2023-03
M79+,2023,3,1,False,4606.250999999999,678.2975253,5319,249.21599999999998,6.790900494532586,2023-03
M79+,2023,4,0,False,16222.247,2624.9286784,18739,623.04,6.180071532415164,2023-04
M79+,2023,4,1,False,5658.534,842.4286297,6539,249.21599999999998,6.716929838929,2023-04
M79+,2023,5,0,False,18318.586,3031.0283602,21167,623.04,6.043686769988276,2023-05
M79+,2023,5,1,False,4603.8369999999995,700.3269541,5316,249.21599999999998,6.573839508885468,2023-05
M79+,2023,6,0,False,17824.024999999998,2872.5533942,20591,623.04,6.204941233116382,2023-06
M79+,2023,6,1,False,4355.98,674.6172504,5032,249.21599999999998,6.456965038200867,2023-06
M79+,2023,7,0,False,16215.544999999998,2501.3008687,18726,623.04,6.482844668113715,2023-07
M79+,2023,7,1,False,5386.776,772.5286127,6223,249.21599999999998,6.972914545097728,2023-07
M79+,2023,8,0,False,18640.240999999998,2862.2214774,21529,623.04,6.512508255277478,2023-08
M79+,2023,8,1,False,4459.83,634.8319694,5150,249.21599999999998,7.025213308358001,2023-08
M79+,2023,9,0,False,16559.992,2740.7503639,19122,623.04,6.042138028373974,2023-09
M79+,2023,9,1,False,5073.3949999999995,764.4541587,5861,249.21599999999998,6.636624240003627,2023-09
M79+,2023,10,0,False,17488.228,2828.0983807,20215,623.04,6.1837410322590625,2023-10
M79+,2023,10,1,False,5298.706999999999,792.2914294,6123,249.21599999999998,6.687825720912689,2023-10
M79+,2023,11,0,False,16630.574,2715.9644953,19214,623.04,6.123266349313237,2023-11
M79+,2023,11,1,False,4436.688,645.0858637,5139,249.21599999999998,6.877670477155737,2023-11
M79+,2023,12,0,False,16272.317,2618.8694422,18791,623.04,6.213489201787136,2023-12
M79+,2023,12,1,False,5752.246,834.4133295,6647,249.21599999999998,6.8937609175621395,2023-12
M79+,2024,1,0,False,17885.834,2808.2516858,20655,623.04,6.369028136060667,2024-01
M79+,2024,1,1,False,4505.971,649.6700329,5206,249.21599999999998,6.935783970035105,2024-01
M79+,2024,2,0,False,16376.574999999999,2689.375618,18926,623.04,6.0893595116991195,2024-02
M79+,2024,2,1,False,4759.6179999999995,720.0869657,5499,249.21599999999998,6.6097821884238,2024-02
M79+,2024,3,0,False,17192.053,2742.4030936999998,19861,623.04,6.268973747693961,2024-03
M79+,2024,3,1,False,5814.602,892.3719832,6765,261.45599999999996,6.515894839222917,2024-03
M79+,2024,4,0,False,16856.265,2943.3088859,20873,581.28,5.726977919562024,2024-04
M79+,2024,4,1,False,4337.211,704.8566978,5371,232.512,6.153323098918278,2024-04
M79+,2024,5,0,False,17354.913,3138.7822476,21482,581.28,5.529186681640642,2024-05
M79+,2024,5,1,False,4251.479,685.0625215,5260,232.512,6.2059722530011445,2024-05
M79+,2024,6,0,False,14845.894,2587.8572189,18366,581.28,5.736751584119632,2024-06
M79+,2024,6,1,False,5007.048,801.4422248,6145,255.19199999999998,6.247547040898063,2024-06
M79+,2024,7,0,False,17698.376,2698.6769898000002,20089,633.48,6.55816760097385,2024-07
M79+,2024,7,1,False,4696.079,658.1680681,5336,253.392,7.135075716384485,2024-07
M79+,2024,8,0,False,17180.145,2582.2973005,19499,633.48,6.653046880649056,2024-08
M79+,2024,8,1,False,5191.78,712.4344726,5900,253.392,7.287378979645403,2024-08
M79+,2024,9,0,False,16807.096999999998,2763.2353083,19082,633.48,6.082398031581348,2024-09
M79+,2024,9,1,False,5268.311,792.1883624,5977,253.392,6.650326172476476,2024-09
M79+,2024,10,0,False,19397.713,3180.5244807,22015,633.48,6.09890384988666,2024-10
M79+,2024,10,1,False,4832.553,730.9286617,5486,253.392,6.611524835762231,2024-10
M79+,2024,11,0,False,16858.391,2764.8467092,19137,632.535,6.097405307825519,2024-11
M79+,2024,11,1,False,5335.291,787.2700409,6064,253.392,6.776951646604949,2024-11
M79+,2024,12,0,False,16920.275,2736.230252,19192,633.48,6.183790632251223,2024-12
M79+,2024,12,1,False,5424.804,783.4644594,6161,253.392,6.924122638765865,2024-12
M79+,2025,1,0,False,18754.874,2890.9128014,21273,633.48,6.487526704685615,2025-01
M79+,2025,1,1,False,4311.13,616.5939306,4898,253.392,6.991846312539749,2025-01
M79+,2025,2,0,False,13302.429,2095.4505965,15396,683.472,6.348242722695945,2025-02
M79+,2025,2,1,False,3707.553,531.4683483,4297,253.392,6.976056075322821,2025-02
M79+,2025,3,0,False,16593.696,2561.3006198,18830,656.568,6.478621006735135,2025-03
M79+,2025,3,1,False,5812.481,824.2466639,6597,276.48,7.0518708228647276,2025-03
M79+,2025,4,0,False,17940.612,2782.5944578,20374,633.48,6.447440427299769,2025-04
M79+,2025,4,1,False,4642.805,653.4039119,5281,252.456,7.105566580554169,2025-04
M79+,2025,5,0,False,17532.93,2764.656429,19908,633.48,6.341811523517883,2025-05
M79+,2025,5,1,False,5301.7570000000005,769.7080712,6018,253.392,6.888010140954335,2025-05
M79+,2025,6,0,False,17276.487,2641.161139,19625,632.544,6.541246857259625,2025-06
M79+,2025,6,1,False,5177.734,731.202801,5898,253.392,7.081118935702764,2025-06
M79+,2025,7,0,False,18568.305,2717.5305887,21087,633.48,6.832786014336134,2025-07
M79+,2025,7,1,False,4795.179,628.669187,5450,253.392,7.627507597250826,2025-07
M79+,2025,8,0,False,17063.877,2467.7322331,19393,633.48,6.914800873093155,2025-08
M79+,2025,8,1,False,5848.402,766.6444761,6651,253.392,7.6285712378069,2025-08
M79+,2025,9,0,False,17994.54,2804.0256122,20431,632.544,6.417395020112434,2025-09
M79+,2025,9,1,False,4664.758,682.8036459,5303,253.392,6.831770785071609,2025-09
M8,2023,1,0,True,4996.264999999999,842.4092379,10462,440.52,5.93092380189816,2023-01
M8,2023,1,1,True,1354.105,232.6811176,2829,158.99599999999998,5.819574076173339,2023-01
M8,2023,2,0,True,4509.880999999999,785.0867381,9436,440.52,5.74443660953238,2023-02
M8,2023,2,1,True,1050.508,180.6580462,2198,158.99599999999998,5.814897382633157,2023-02
M8,2023,3,0,True,5281.964,908.8189609,11055,440.52,5.811898988957373,2023-03
M8,2023,3,1,True,1170.531,198.5805758,2450,158.99599999999998,5.894488900963293,2023-03
M8,2023,4,0,True,4578.5689999999995,792.9434131,9584,440.52,5.774143431118438,2023-04
M8,2023,4,1,True,1407.6309999999999,248.174466,2941,158.99599999999998,5.6719412866592,2023-04
M8,2023,5,0,True,5425.125999999999,939.8584061,11352,440.52,5.772280127292675,2023-05
M8,2023,5,1,True,1112.48,201.513081,2327,158.99599999999998,5.520634166672287,2023-05
M8,2023,6,0,True,5197.393,898.721164,10871,440.52,5.783098482812629,2023-06
M8,2023,6,1,True,971.2719999999999,177.2302849,2020,158.99599999999998,5.480282337457327,2023-06
M8,2023,7,0,True,4772.164,802.6869966,9988,440.52,5.945236462299506,2023-07
M8,2023,7,1,True,1409.9209999999998,239.0155796,2939,158.99599999999998,5.898866518908711,2023-07
M8,2023,8,0,True,5433.5,913.0317379,11365,440.52,5.951052712030811,2023-08
M8,2023,8,1,True,1184.463,206.2928137,2476,158.99599999999998,5.741659046458582,2023-08
M8,2023,9,0,True,4829.04,849.7972972,10107,440.52,5.682578676010409,2023-09
M8,2023,9,1,True,1305.472,241.7530788,2728,158.99599999999998,5.400022231278404,2023-09
M8,2023,10,0,True,5070.339,903.3703138,10601,440.52,5.612691631045271,2023-10
M8,2023,10,1,True,1264.4009999999998,227.5855701,2639,158.99599999999998,5.555716908784806,2023-10
M8,2023,11,0,True,4962.946,861.576446,10389,440.52,5.760308354576351,2023-11
M8,2023,11,1,True,1162.443,198.7641884,2428,158.99599999999998,5.848352308116285,2023-11
M8,2023,12,0,True,4796.0199999999995,831.3628653,10043,440.52,5.76886483649873,2023-12
M8,2023,12,1,True,1475.5259999999998,244.0941626,3084,158.99599999999998,6.044904901793829,2023-12
M8,2024,1,0,True,5331.157999999999,916.1753069,11159,440.52,5.818927840391896,2024-01
M8,2024,1,1,True,1175.118,202.7641918,2459,158.99599999999998,5.795490759823599,2024-01
M8,2024,2,0,True,4767.553,888.3844726,9992,440.52,5.366542467865281,2024-02
M8,2024,2,1,True,1161.685,209.3841644,2430,158.99599999999998,5.548103426679195,2024-02
M8,2024,3,0,True,4915.78,893.1656115,10291,440.52,5.503772129946138,2024-03
M8,2024,3,1,True,1385.203,252.7975291,2897,158.99599999999998,5.47949580413838,2024-03
M8,2024,4,0,True,4905.896,931.4022766,10277,438.476,5.2672149545398685,2024-04
M8,2024,4,1,True,1109.433,221.9863919,2322,158.99599999999998,4.9977522969055475,2024-04
M8,2024,5,0,True,4986.911,940.2362233,10447,440.52,5.303891592792668,2024-05
M8,2024,5,1,True,1070.8799999999999,209.1677918,2245,158.99599999999998,5.119717480327676,2024-05
M8,2024,6,0,True,4322.507,805.3528096,9036,440.52,5.36722160582874,2024-06
M8,2024,6,1,True,1350.163,260.1539013,2826,165.53,5.189862590002221,2024-06
M8,2024,7,0,True,4946.763,889.8219522,10429,434.04200000000003,5.559272827299438,2024-07
M8,2024,7,1,True,1125.575,200.6222233,2369,157.88,5.610420328743311,2024-07
M8,2024,8,0,True,4747.338,854.057807,10012,434.237,5.5585675361667874,2024-08
M8,2024,8,1,True,1210.031,226.6472618,2548,157.88,5.3388291144137705,2024-08
M8,2024,9,0,True,4523.189,870.9219604,9525,434.709,5.193564068498829,2024-09
M8,2024,9,1,True,1252.574,248.9072187,2637,157.88,5.032292781792271,2024-09
M8,2024,10,0,True,4988.804,952.4820034,10503,457.581,5.237688462555575,2024-10
M8,2024,10,1,True,1080.752,213.8197553,2269,157.88,5.054500219045008,2024-10
M8,2024,11,0,True,4481.472,815.7500336,9436,459.82,5.493682887419252,2024-11
M8,2024,11,1,True,1243.773,238.6122326,2621,157.88,5.212528236492432,2024-11
M8,2024,12,0,True,4466.151,801.8275573,9395,527.02,5.569964463480033,2024-12
M8,2024,12,1,True,1248.327,218.0044712,2634,157.88,5.726153198274403,2024-12
M8,2025,1,0,True,5106.558,876.1225353,10700,503.682,5.828588803792638,2025-01
M8,2025,1,1,True,1113.792,193.5169786,2333,177.50900000000001,5.755525990834171,2025-01
M8,2025,2,0,True,3724.479,663.168665,7982,448.318,5.616186645368716,2025-02
M8,2025,2,1,True,937.311,163.3463963,2013,158.996,5.738179851109455,2025-02
M8,2025,3,0,True,4729.256,833.9294894,9872,452.6,5.671050202820661,2025-03
M8,2025,3,1,True,1497.265,263.8122025,3133,168.95,5.675495620791081,2025-03
M8,2025,4,0,True,4857.301,886.3589535,10458,428.02,5.480060849861998,2025-04
M8,2025,4,1,True,1157.546,205.2477989,2489,154.496,5.6397486657772875,2025-04
M8,2025,5,0,True,4786.666,873.8933655,10306,428.02,5.477402837657772,2025-05
M8,2025,5,1,True,1118.25,207.2303048,2402,154.496,5.3961702226864645,2025-05
M8,2025,6,0,True,4640.382,833.0928556,9998,428.02,5.570065772149684,2025-06
M8,2025,6,1,True,1171.568,211.1375373,2522,154.496,5.548838046431074,2025-06
M8,2025,7,0,True,4914.092,853.5267032,10605,428.02,5.757396905774979,2025-07
M8,2025,7,1,True,1091.255,191.4172327,2351,154.496,5.700923498932184,2025-07
M8,2025,8,0,True,4662.44,779.4206037,10051,428.02,5.981930651905859,2025-08
M8,2025,8,1,True,1401.267,248.2385975,3011,154.496,5.644839336477479,2025-08
M8,2025,9,0,True,4866.983,874.9650295,10475,428.02,5.562488597722865,2025-09
M8,2025,9,1,True,1144.562,212.5683597,2462,154.496,5.384441981936223,2025-09
M86+,2023,1,0,False,19187.118000000002,3199.6158629,16428,560.64,5.996694235229096,2023-01
M86+,2023,1,1,False,5734.8730000000005,870.4216963,4910,224.256,6.588614489250296,2023-01
M86+,2023,2,0,False,17349.232,2896.9305433,14854,560.64,5.988832573195508,2023-02
M86+,2023,2,1,False,4812.859,728.0027849,4121,224.256,6.611044764974498,2023-02
M86+,2023,3,0,False,20290.786,3361.0709033,17372,560.64,6.037000284664599,2023-03
M86+,2023,3,1,False,5027.932,779.1750165,4306,224.256,6.452891704080966,2023-03
M86+,2023,4,0,False,17389.646,2926.7364273,14888,560.64,5.941650856494262,2023-04
M86+,2023,4,1,False,6105.514,962.8522206,5229,224.256,6.341070695350692,2023-04
M86+,2023,5,0,False,19683.041,3459.3794929,16855,560.64,5.689760559775908,2023-05
M86+,2023,5,1,False,4970.474,782.2041906,4256,224.256,6.354445629072037,2023-05
M86+,2023,6,0,False,19265.954,3303.1766926,16496,560.64,5.832553264002164,2023-06
M86+,2023,6,1,False,4850.767,780.8797341000001,4154,224.256,6.211925842320307,2023-06
M86+,2023,7,0,False,17598.584,2890.4461275,15068,560.64,6.088535549085407,2023-07
M86+,2023,7,1,False,6051.059,925.4480735,5181,224.256,6.5385181224865345,2023-07
M86+,2023,8,0,False,19728.586,3210.8225042999998,16890,560.64,6.144402555288893,2023-08
M86+,2023,8,1,False,4926.504,751.218366,4218,224.256,6.558018577517047,2023-08
M86+,2023,9,0,False,18053.304,3171.9938322,15458,560.64,5.6914688221442,2023-09
M86+,2023,9,1,False,5653.528,899.9058402,4841,224.256,6.282355050327854,2023-09
M86+,2023,10,0,False,19628.709,3373.0758754,16806,560.64,5.8192313855591244,2023-10
M86+,2023,10,1,False,5629.575,892.9602916,4821,224.256,6.304395674653088,2023-10
M86+,2023,11,0,False,18697.433,3231.2550375,16010,560.64,5.786430592141088,2023-11
M86+,2023,11,1,False,4909.0740000000005,774.8186405,4205,224.256,6.335771680495599,2023-11
M86+,2023,12,0,False,17388.467,2968.2352634,14888,558.2570000000001,5.85818355249987,2023-12
M86+,2023,12,1,False,6267.243,982.1480649,5368,224.256,6.381159036991145,2023-12
M86+,2024,1,0,False,19483.606,3305.2422554,16681,560.64,5.894758838983225,2024-01
M86+,2024,1,1,False,5101.585,778.6669383,4369,224.256,6.5516907795493085,2024-01
M86+,2024,2,0,False,18436.103,3119.4905888,15783,560.64,5.90997230964302,2024-02
M86+,2024,2,1,False,5027.472,788.9747251,4304,224.256,6.372158498946571,2024-02
M86+,2024,3,0,False,18733.879,3141.3752888999998,16039,560.64,5.963591509169843,2024-03
M86+,2024,3,1,False,6170.3820000000005,993.6705806,5283,224.256,6.209685705170208,2024-03
M86+,2024,4,0,False,19916.127,3376.8656124,17050,560.64,5.897814507887759,2024-04
M86+,2024,4,1,False,5110.254,814.6569764,4375,224.256,6.272890490157472,2024-04
M86+,2024,5,0,False,19700.865,3432.069191,16866,560.64,5.740229553548065,2024-05
M86+,2024,5,1,False,5132.059,801.6499989,4394,224.256,6.401869902129429,2024-05
M86+,2024,6,0,False,17342.925,2931.0502777,14848,560.64,5.9169660554608505,2024-06
M86+,2024,6,1,False,6138.224,967.8521987,5255,224.256,6.34210885530326,2024-06
M86+,2024,7,0,False,19201.698,3140.2658236,16439,560.64,6.114672794797728,2024-07
M86+,2024,7,1,False,4894.187,743.0055653000001,4190,224.256,6.587012572407712,2024-07
M86+,2024,8,0,False,18600.633,3043.0310953,15924,560.64,6.11253464636918,2024-08
M86+,2024,8,1,False,5385.9710000000005,821.4461234,4611,224.256,6.556694159937404,2024-08
M86+,2024,9,0,False,18034.788,3151.3383345,15440,560.64,5.722898047017046,2024-09
M86+,2024,9,1,False,5552.677000000001,889.5122139,4754,224.256,6.242384211515997,2024-09
M86+,2024,10,0,False,20322.612,3519.9267592,17398,560.64,5.77358944951993,2024-10
M86+,2024,10,1,False,5107.845,799.3633208,4373,224.256,6.389891638870904,2024-10
M86+,2024,11,0,False,18200.58,3156.4041727,15582,560.64,5.766238733752261,2024-11
M86+,2024,11,1,False,5589.7390000000005,876.3608397,4787,224.256,6.378353238505621,2024-11
M86+,2024,12,0,False,18085.973,3110.5995209,15484,560.64,5.814304566846692,2024-12
M86+,2024,12,1,False,5607.616,881.3888908,4801,224.256,6.36224946619216,2024-12
M86+,2025,1,0,False,20286.901,3414.6033167,17368,560.64,5.941217505641627,2025-01
M86+,2025,1,1,False,5003.8820000000005,780.8019413,4284,224.256,6.408644414573001,2025-01
M86+,2025,2,0,False,15016.888,2520.3611007,12895,587.568,5.958228761675953,2025-02
M86+,2025,2,1,False,4013.3140000000003,622.6766709,3447,224.256,6.445261541915912,2025-02
M86+,2025,3,0,False,18538.755,3128.2536336,15874,560.52,5.926231428576835,2025-03
M86+,2025,3,1,False,6199.335,968.4766945,5309,224.20800000000003,6.401119443767885,2025-03
M86+,2025,4,0,False,19530.462,3371.3914078,16724,560.52,5.792997500917461,2025-04
M86+,2025,4,1,False,5201.484,807.0172178,4454,224.20800000000003,6.445319734540117,2025-04
M86+,2025,5,0,False,18645.429,3265.8659018,15966,560.52,5.7091838920034865,2025-05
M86+,2025,5,1,False,5927.643,938.254752,5076,224.20800000000003,6.317732990282792,2025-05
M86+,2025,6,0,False,18051.954,3110.3811606,15459,560.52,5.8037755078601805,2025-06
M86+,2025,6,1,False,5603.7570000000005,881.559155,4799,224.20800000000003,6.356643190892846,2025-06
M86+,2025,7,0,False,20470.527000000002,3387.0519519,17530,560.52,6.043759378570163,2025-07
M86+,2025,7,1,False,5124.093000000001,776.2561129,4388,224.20800000000003,6.601034007779987,2025-07
M86+,2025,8,0,False,18719.190000000002,3062.8716892,16027,560.52,6.111646813676781,2025-08
M86+,2025,8,1,False,6439.59,982.1311218,5515,224.20800000000003,6.556751799289128,2025-08
M86+,2025,9,0,False,19640.094,3428.4419688,16816,560.52,5.728577055913912,2025-09
M86+,2025,9,1,False,5068.869000000001,829.52447,4341,224.20800000000003,6.1105720003654636,2025-09
M9,2023,1,0,True,13546.586,2244.7972613,17024,821.215,6.034659001746528,2023-01
M9,2023,1,1,True,3685.874,540.6541866,4629,295.158,6.817433567247993,2023-01
M9,2023,2,0,True,12425.694,2061.7836306,15595,821.215,6.026672156856729,2023-02
M9,2023,2,1,True,3273.679,485.4661207,4107,294.214,6.743372730685386,2023-02
M9,2023,3,0,True,14360.182999999999,2404.9472929,18026,821.215,5.971100922833036,2023-03
M9,2023,3,1,True,3274.497,485.726135,4088,295.158,6.741447009022893,2023-03
M9,2023,4,0,True,12688.669,2136.3704105,15927,821.215,5.939358145776939,2023-04
M9,2023,4,1,True,4133.651,624.9930671,5192,295.158,6.613914965777706,2023-04
M9,2023,5,0,True,14294.721,2451.6228757,17964,821.215,5.830717742800673,2023-05
M9,2023,5,1,True,3133.855,487.5533486,3949,295.158,6.4277171082893885,2023-05
M9,2023,6,0,True,13984.472,2395.5903043,17564,821.215,5.8375891632631705,2023-06
M9,2023,6,1,True,3401.667,518.6677879,4277,295.158,6.558469755318305,2023-06
M9,2023,7,0,True,13160.651,2260.1139427,16534,821.3000000000001,5.823003323574869,2023-07
M9,2023,7,1,True,4164.747,635.9755693,5233,348.709,6.548595891166099,2023-07
M9,2023,8,0,True,14837.596000000001,2544.0459575,18631,821.3000000000001,5.8322830042664435,2023-08
M9,2023,8,1,True,3237.005,508.2952963,4065,295.189,6.368355213126925,2023-08
M9,2023,9,0,True,13227.25,2360.8206644,16655,821.3000000000001,5.602818629750384,2023-09
M9,2023,9,1,True,3794.215,597.0142062,4780,295.189,6.355317780711129,2023-09
M9,2023,10,0,True,14104.923,2466.1943023,17754,821.3000000000001,5.719307269036181,2023-10
M9,2023,10,1,True,3677.945,581.9183651,4633,295.189,6.320379662477163,2023-10
M9,2023,11,0,True,13773.914,2363.6217119,17336,821.3000000000001,5.827461277180359,2023-11
M9,2023,11,1,True,3414.4880000000003,521.8244646,4285,295.189,6.54336511918303,2023-11
M9,2023,12,0,True,13031.939,2210.7384114,16394,821.3000000000001,5.894835378441373,2023-12
M9,2023,12,1,True,4205.634,636.5714252,5283,295.189,6.606696175026488,2023-12
M9,2024,1,0,True,14576.972000000002,2466.8456251,18332,821.3000000000001,5.9091545298498716,2024-01
M9,2024,1,1,True,3378.168,497.3613941,4242,295.189,6.792179771236491,2024-01
M9,2024,2,0,True,13164.489000000001,2261.4928679,16546,821.3000000000001,5.821149908035932,2024-02
M9,2024,2,1,True,3293.4010000000003,523.6966839,4134,295.189,6.288756643394892,2024-02
M9,2024,3,0,True,13610.117,2365.8098344,17117,821.3000000000001,5.7528364292439855,2024-03
M9,2024,3,1,True,4196.651,660.1441683,5260,295.189,6.357173480464418,2024-03
M9,2024,4,0,True,14171.032000000001,2447.4961781,17811,821.3000000000001,5.790011901469453,2024-04
M9,2024,4,1,True,3262.509,504.0558536,4098,295.189,6.4725148546514175,2024-04
M9,2024,5,0,True,14110.233,2502.9425517,17757,821.3000000000001,5.637457795591962,2024-05
M9,2024,5,1,True,2941.755,454.9055796,3711,295.189,6.466737564719903,2024-05
M9,2024,6,0,True,12204.362000000001,2113.7869823,15377,821.3000000000001,5.773695316602102,2024-06
M9,2024,6,1,True,3894.9550000000004,597.6033338999999,4894,309.925,6.517625955299244,2024-06
M9,2024,7,0,True,13972.271999999999,2376.4761576,17608,817.503,5.879407607484931,2024-07
M9,2024,7,1,True,3223.889,491.6533272,4055,294.476,6.55724027814532,2024-07
M9,2024,8,0,True,13749.503,2330.2086614,17310,883.401,5.900545829976976,2024-08
M9,2024,8,1,True,3564.531,557.0094393,4499,322.736,6.399408606934176,2024-08
M9,2024,9,0,True,12825.66,2291.670856,16120,823.9350000000001,5.596641405296118,2024-09
M9,2024,9,1,True,3488.303,564.1877659,4391,296.096,6.1828760048268885,2024-09
M9,2024,10,0,True,14314.118,2526.8628386,17957,823.9350000000001,5.664778388972901,2024-10
M9,2024,10,1,True,3142.141,515.720592,3941,296.096,6.092719679496529,2024-10
M9,2024,11,0,True,12846.444,2195.8317404,16103,823.9350000000001,5.850377223192816,2024-11
M9,2024,11,1,True,3712.466,585.7611609,4650,296.096,6.337849362180202,2024-11
M9,2024,12,0,True,12665.691,2164.1603599,15880,823.9350000000001,5.852473427886484,2024-12
M9,2024,12,1,True,3516.579,536.1730806,4407,296.096,6.55866384799625,2024-12
M9,2025,1,0,True,14660.567000000001,2443.9312028,18356,823.9350000000001,5.998764197291422,2025-01
M9,2025,1,1,True,3075.837,462.1075027,3850,296.096,6.656107035762266,2025-01
M9,2025,2,0,True,12572.241,2148.6495659,15737,823.9350000000001,5.851229162506028,2025-02
M9,2025,2,1,True,2986.547,452.9597315,3736,296.096,6.593405091684183,2025-02
M9,2025,3,0,True,13529.57,2285.3092576,16955,917.432,5.920235939624455,2025-03
M9,2025,3,1,True,4154.238,630.2850148,5196,380.6,6.591046752584162,2025-03
M9,2025,4,0,True,14037.655,2409.6689423,17582,823.78,5.825553358629103,2025-04
M9,2025,4,1,True,3369.313,509.8055987,4210,295.945,6.609015296402628,2025-04
M9,2025,5,0,True,13938.388,2429.170912,17493,823.78,5.737919852055268,2025-05
M9,2025,5,1,True,3730.788,578.9416651,4686,295.945,6.444151846206448,2025-05
M9,2025,6,0,True,13400.171,2309.1201081,16810,823.78,5.8031502791883725,2025-06
M9,2025,6,1,True,3697.903,560.6061014000001,4626,295.945,6.5962589254116875,2025-06
M9,2025,7,0,True,14416.554,2443.6681156,18098,823.78,5.899554815961687,2025-07
M9,2025,7,1,True,3464.854,518.0005834,4337,295.945,6.688899802501651,2025-07
M9,2025,8,0,True,13693.98,2283.0845649,17173,823.78,5.998016985673854,2025-08
M9,2025,8,1,True,4117.687,618.4255562,5150,295.945,6.658339000900429,2025-08
M9,2025,9,0,True,13999.03,2428.6020419,17551,823.78,5.764233809606763,2025-09
M9,2025,9,1,True,3415.711,537.6014074,4289,295.945,6.353612458939407,2025-09
M90,2023,9,0,False,1162.0819999999999,157.2824984,336,214.44,7.388501656710711,2023-09
M90,2023,9,1,False,915.9459999999999,122.53889,265,165.93599999999998,7.4747372038379,2023-09
M90,2023,10,1,False,3.51,0.513889,1,3.51,6.830268793455395,2023-10
M90,2023,11,0,False,117.538,13.949446,34,41.483999999999995,8.425997706288838,2023-11
M90,2023,11,1,False,1970.278,289.3277765,570,331.87199999999996,6.809847377374083,2023-11
M90,2024,1,1,False,3.51,0.530833,1,3.51,6.612249050077896,2024-01
M90,2024,9,1,False,3415.5159999999996,555.1861184,988,307.726,6.152019812460785,2024-09
M90,2025,3,0,False,10.424,1.206111,3,6.914,8.642653951419065,2025-03
M90,2025,3,1,False,3878.8599999999997,540.4536196,1122,331.87199999999996,7.177045095693535,2025-03
M90,2025,8,0,False,152.108,18.1952784,44,37.974,8.359751175887476,2025-08
M90,2025,8,1,False,83.074,11.3847231,24,20.741999999999997,7.296971500343298,2025-08
M96,2023,1,0,False,15486.204,2900.8920282,37455,446.64,5.338428266014841,2023-01
M96,2023,1,1,False,3757.886,608.7297764,9087,178.65599999999998,6.173323773027772,2023-01
M96,2023,2,0,False,14204.17,2648.6070288,34354,446.64,5.362883147839209,2023-02
M96,2023,2,1,False,3367.3849999999998,541.7772664,8142,178.65599999999998,6.21544167472288,2023-02
M96,2023,3,0,False,16754.324,3124.3992544,40520,446.64,5.362414543021472,2023-03
M96,2023,3,1,False,3243.4199999999996,537.8936626,7845,178.65599999999998,6.029853529640748,2023-03
M96,2023,4,0,False,14658.399,2840.4489932,35436,446.64,5.1605922285849966,2023-04
M96,2023,4,1,False,4072.0879999999997,687.2797597,9848,178.65599999999998,5.924935141080657,2023-04
M96,2023,5,0,False,16123.681999999999,3195.9921911,38997,446.64,5.044969147578089,2023-05
M96,2023,5,1,False,3233.283,554.8100450000001,7819,178.65599999999998,5.82772974126667,2023-05
M96,2023,6,0,False,16072.464,3051.6839306,38872,446.64,5.2667525096021155,2023-06
M96,2023,6,1,False,3207.7949999999996,561.5986134,7762,178.65599999999998,5.711899786538895,2023-06
M96,2023,7,0,False,15019.644999999999,2730.1334035,36309,446.64,5.501432633564713,2023-07
M96,2023,7,1,False,4073.6989999999996,671.4444739,9848,178.65599999999998,6.067067580939993,2023-07
M96,2023,8,0,False,16633.707,3026.5941867,40223,446.64,5.495849781610895,2023-08
M96,2023,8,1,False,3193.067,539.0566981,7718,178.65599999999998,5.923434420265115,2023-08
M96,2023,9,0,False,14507.451,2868.8584205,35113,446.64,5.0568724118046795,2023-09
M96,2023,9,1,False,3651.288,609.1822479,8832,178.65599999999998,5.993753121642795,2023-09
M96,2023,10,0,False,16110.978,3127.5139615,38966,446.64,5.151368850252213,2023-10
M96,2023,10,1,False,3528.611,593.5397666,8534,178.65599999999998,5.945028789247092,2023-10
M96,2023,11,0,False,15556.918,3000.7261769,37622,446.64,5.184384406601068,2023-11
M96,2023,11,1,False,3087.8779999999997,518.7147282,7471,178.65599999999998,5.95294066685805,2023-11
M96,2023,12,0,False,14372.921999999999,2735.8081439,34752,446.64,5.253629364342356,2023-12
M96,2023,12,1,False,3835.3089999999997,627.1119625,9274,178.65599999999998,6.115828160429964,2023-12
M96,2024,1,0,False,16297.313999999998,3016.1420421,39402,446.64,5.40336422241339,2024-01
M96,2024,1,1,False,3118.5679999999998,510.0192128,7537,178.65599999999998,6.114608865181951,2024-01
M96,2024,2,0,False,14798.132,2900.447601,35776,446.64,5.1020166662890185,2024-02
M96,2024,2,1,False,3224.8019999999997,565.3408672,7796,178.65599999999998,5.7041728045801525,2024-02
M96,2024,3,0,False,15415.502999999999,2993.8995335,37271,446.64,5.148971375795833,2024-03
M96,2024,3,1,False,4061.152,703.3567261,9819,178.65599999999998,5.773957722020283,2024-03
M96,2024,4,0,False,16158.133,3215.5931483,39056,446.64,5.024930784089518,2024-04
M96,2024,4,1,False,3180.026,554.8155726,7688,178.65599999999998,5.731681223541777,2024-04
M96,2024,5,0,False,16172.97,3272.5611108,39092,446.64,4.941991746655697,2024-05
M96,2024,5,1,False,3041.594,538.5908313,7350,178.65599999999998,5.647318563998733,2024-05
M96,2024,6,0,False,14525.983,2822.5740193,35106,446.64,5.146360343670438,2024-06
M96,2024,6,1,False,4028.894,703.8731263,9737,178.65599999999998,5.7238923457390705,2024-06
M96,2024,7,0,False,16514.61,3126.2705811,39916,446.64,5.282527398568687,2024-07
M96,2024,7,1,False,3181.1679999999997,524.2389254,7682,178.65599999999998,6.068164430126462,2024-07
M96,2024,8,0,False,16045.088,3043.7892371,38763,446.64,5.271418863182234,2024-08
M96,2024,8,1,False,3485.857,588.2664181,8420,178.65599999999998,5.925643369646567,2024-08
M96,2024,9,0,False,15093.154999999999,3015.8915338,36467,446.64,5.0045417187078804,2024-09
M96,2024,9,1,False,3574.519,626.0805694,8645,178.65599999999998,5.709359425457998,2024-09
M96,2024,10,0,False,16564.089,3305.3950784,40054,446.64,5.011228191220629,2024-10
M96,2024,10,1,False,3231.071,568.4000578,7802,178.65599999999998,5.684501533138302,2024-10
M96,2024,11,0,False,14728.265,2864.9091994,35605,446.64,5.140918603313693,2024-11
M96,2024,11,1,False,3766.0879999999997,646.829758,9097,178.65599999999998,5.8223790006890805,2024-11
M96,2024,12,0,False,15186.493999999999,2870.5313924,36701,446.64,5.290481769406061,2024-12
M96,2024,12,1,False,3728.886,614.7003118,9009,178.65599999999998,6.0661853075702314,2024-12
M96,2025,1,0,False,16435.133,2999.1272907000002,39715,446.64,5.479971807453367,2025-01
M96,2025,1,1,False,3111.987,513.3097424,7513,178.656,6.06259095229672,2025-01
M96,2025,2,0,False,13982.569,2598.0556272,33794,446.64,5.381935957648998,2025-02
M96,2025,2,1,False,2939.178,481.110562,7100,178.656,6.109152931047063,2025-02
M96,2025,3,0,False,15322.313,2819.4408467,37032,483.76800000000003,5.434521890371959,2025-03
M96,2025,3,1,False,4074.429,686.0589287,9843,215.784,5.938890712668893,2025-03
M96,2025,4,0,False,16021.23,2988.2540241,38727,446.64,5.3614016314510815,2025-04
M96,2025,4,1,False,3297.296,540.0842173,7969,178.656,6.10515155670334,2025-04
M96,2025,5,0,False,15792.785,2990.9772749,38191,446.64,5.280142090189574,2025-05
M96,2025,5,1,False,3691.373,615.9428087,8920,178.656,5.9930450487618465,2025-05
M96,2025,6,0,False,15225.852,2827.404212,36787,446.64,5.385099143369318,2025-06
M96,2025,6,1,False,3582.523,604.2300253,8659,178.656,5.929071462844434,2025-06
M96,2025,7,0,False,16663.609,2992.5506068,40269,446.64,5.568363309257037,2025-07
M96,2025,7,1,False,3240.3,519.4975128,7832,178.656,6.237373462166074,2025-07
M96,2025,8,0,False,15610.503,2785.514802,37729,446.64,5.604171619835463,2025-08
M96,2025,8,1,False,3944.973,648.2008523,9529,178.656,6.086034885640955,2025-08
M96,2025,9,0,False,16001.946,3035.3997016,38676,446.64,5.2717755726091555,2025-09
M96,2025,9,1,False,3219.25,559.8717128,7773,178.656,5.7499779438758605,2025-09
M98,2023,1,0,False,6941.884999999999,755.4325163,1902,638.235,9.189285409635735,2023-01
M98,2023,2,0,False,6130.949,659.946391,1683,638.235,9.290071259742673,2023-02
M98,2023,3,0,False,7491.093,839.882236,2056,638.235,8.919218289074516,2023-03
M98,2023,4,0,False,6401.04,705.1088901,1753,633.696,9.078087214433207,2023-04
M98,2023,5,0,False,6942.436,802.2394569,1906,638.235,8.653820178362757,2023-05
M98,2023,6,0,False,7116.141,801.5627918,1950,638.235,8.877833493268692,2023-06
M98,2023,7,0,False,6494.282999999999,698.5741933,1778,638.235,9.296482839312466,2023-07
M98,2023,8,0,False,7522.57,796.959451,2063,638.235,9.43908751011223,2023-08
M98,2023,9,0,False,6260.592,745.9725082,1709,638.235,8.392523760837436,2023-09
M98,2023,10,0,False,7247.3279999999995,845.4702979,1979,638.235,8.571948675194259,2023-10
M98,2023,11,0,False,6767.842,779.6991873000001,1855,638.235,8.680068044493137,2023-11
M98,2023,12,0,False,6504.834,735.7505619,1780,638.235,8.841086010457046,2023-12
M98,2024,1,0,False,7273.137,795.5622348,1988,638.235,9.142134558245372,2024-01
M98,2024,2,0,False,6605.081,735.5041913,1804,638.235,8.980344474075059,2024-02
M98,2024,3,0,False,6935.239,771.0397422,1896,638.235,8.99465827819945,2024-03
M98,2024,4,0,False,7319.344,804.6305742,1999,638.235,9.096527319108178,2024-04
M98,2024,5,0,False,7245.590999999999,850.0075343,1981,638.235,8.524149148827139,2024-05
M98,2024,6,0,False,6639.642,767.0294593,1817,638.235,8.65630637714934,2024-06
M98,2024,7,0,False,7341.976,784.8952901,2009,638.235,9.35408339507884,2024-07
M98,2024,8,0,False,7138.599,784.3019529,1955,830.896,9.101850344251515,2024-08
M98,2024,9,0,False,6607.938,774.3597391,1809,638.325,8.533421440117845,2024-09
M98,2024,10,0,False,7614.6,882.2491768,2083,638.325,8.630894990028628,2024-10
M98,2024,11,0,False,6653.348,750.2630506,1821,638.325,8.868020349235096,2024-11
M98,2024,12,0,False,6776.52,748.9902943,1858,638.325,9.047540470912615,2024-12
M98,2025,1,0,False,7418.174,792.2025177,2027,638.325,9.36398690266369,2025-01
M98,2025,2,0,False,6482.117,715.1108573,1768,638.325,9.064492496274116,2025-02
M98,2025,3,0,False,7096.657,784.9222409,1940,638.325,9.041222977530742,2025-03
M98,2025,4,0,False,7244.752,826.6061164,1981,638.325,8.764454867031516,2025-04
M98,2025,5,0,False,6765.55,825.9750081,1850,638.325,8.19098632967464,2025-05
M98,2025,6,0,False,6876.544,815.664728,1876,638.325,8.430601157489306,2025-06
M98,2025,7,0,False,7126.892,801.3527862,1946,638.325,8.893576116201691,2025-07
M98,2025,8,0,False,6985.3730000000005,756.367785,1910,638.325,9.235418454528705,2025-08
M98,2025,9,0,False,6905.087,810.698346,1892,638.325,8.517455393945013,2025-09
